date,open,high,low,close,volume_shares,value_twd,transactions,limit_up,limit_down,foreign_net_shares,trust_net_shares,dealer_net_shares,margin_balance_shares,short_balance_shares,daytrade_ratio,source,fetched_at
2015-01-05,83.0,85.0,83.0,83.1,657464,55208264,495,,,nan,nan,nan,nan,nan,,finmind,2026-07-17T14:45:12.238574+08:00
2015-01-06,82.0,83.0,77.8,78.7,923200,73952160,666,,,nan,nan,nan,nan,nan,,finmind,2026-07-17T14:45:12.238574+08:00
2015-01-07,78.5,80.4,77.6,79.6,599210,47527952,425,,,nan,nan,nan,nan,nan,,finmind,2026-07-17T14:45:12.238574+08:00
2015-01-08,80.5,80.5,78.2,78.8,408510,32297988,336,,,nan,nan,nan,nan,nan,,finmind,2026-07-17T14:45:12.238574+08:00
2015-01-09,79.3,82.0,79.0,79.4,535181,43164171,407,,,nan,nan,nan,nan,nan,,finmind,2026-07-17T14:45:12.238574+08:00
2015-01-12,78.4,78.8,76.2,76.2,448000,34714400,378,,,nan,nan,nan,nan,nan,,finmind,2026-07-17T14:45:12.238574+08:00
2015-01-13,77.0,77.7,76.2,76.2,285000,21867400,225,,,nan,nan,nan,nan,nan,,finmind,2026-07-17T14:45:12.238574+08:00
2015-01-14,77.0,78.2,76.2,77.0,396000,30573500,309,,,nan,nan,nan,nan,nan,,finmind,2026-07-17T14:45:12.238574+08:00
2015-01-15,77.5,77.5,76.2,76.3,267006,20431384,218,,,nan,nan,nan,nan,nan,,finmind,2026-07-17T14:45:12.238574+08:00
2015-01-16,76.0,76.9,74.0,74.0,388000,29108800,302,,,nan,nan,nan,nan,nan,,finmind,2026-07-17T14:45:12.238574+08:00
2015-01-19,74.3,75.0,72.1,72.1,209000,15337500,161,,,nan,nan,nan,nan,nan,,finmind,2026-07-17T14:45:12.238574+08:00
2015-01-20,72.1,77.1,72.1,77.1,811310,61610784,484,,,nan,nan,nan,nan,nan,,finmind,2026-07-17T14:45:12.238574+08:00
2015-01-21,75.5,77.4,74.6,77.4,713100,54019700,476,,,nan,nan,nan,nan,nan,,finmind,2026-07-17T14:45:12.238574+08:00
2015-01-22,77.0,80.8,76.5,78.1,1148144,90531432,760,,,nan,nan,nan,nan,nan,,finmind,2026-07-17T14:45:12.238574+08:00
2015-01-23,77.9,78.9,77.6,77.8,627167,49010309,464,,,1000.0,0.0,0.0,nan,nan,,finmind,2026-07-17T14:45:12.238574+08:00
2015-01-26,77.6,78.2,76.0,76.2,237012,18199357,201,,,-1000.0,0.0,0.0,nan,nan,,finmind,2026-07-17T14:45:12.238574+08:00
2015-01-27,76.5,77.1,75.8,75.8,213424,16289094,181,,,nan,nan,nan,nan,nan,,finmind,2026-07-17T14:45:12.238574+08:00
2015-01-28,75.8,75.8,74.8,74.8,215000,16142400,178,,,nan,nan,nan,nan,nan,,finmind,2026-07-17T14:45:12.238574+08:00
2015-01-29,74.8,74.8,73.8,74.1,143500,10644246,139,,,9000.0,0.0,0.0,nan,nan,,finmind,2026-07-17T14:45:12.238574+08:00
2015-01-30,74.9,75.9,74.8,75.3,268356,20244477,219,,,29000.0,0.0,0.0,nan,nan,,finmind,2026-07-17T14:45:12.238574+08:00
2015-02-02,75.5,75.7,74.6,74.8,92002,6912352,84,,,10000.0,0.0,0.0,nan,nan,,finmind,2026-07-17T14:45:12.238574+08:00
2015-02-03,75.0,75.1,74.3,74.8,158000,11789600,137,,,nan,nan,nan,nan,nan,,finmind,2026-07-17T14:45:12.238574+08:00
2015-02-04,75.0,75.4,74.0,74.0,143000,10644400,125,,,nan,nan,nan,nan,nan,,finmind,2026-07-17T14:45:12.238574+08:00
2015-02-05,74.0,74.1,72.7,73.0,155050,11345825,127,,,nan,nan,nan,nan,nan,,finmind,2026-07-17T14:45:12.238574+08:00
2015-02-06,73.3,73.8,73.0,73.1,48125,3531786,47,,,nan,nan,nan,nan,nan,,finmind,2026-07-17T14:45:12.238574+08:00
2015-02-09,73.0,73.0,71.6,72.0,171000,12347300,139,,,3000.0,0.0,0.0,nan,nan,,finmind,2026-07-17T14:45:12.238574+08:00
2015-02-10,72.0,72.0,71.0,71.3,128500,9192346,105,,,5000.0,0.0,2000.0,nan,nan,,finmind,2026-07-17T14:45:12.238574+08:00
2015-02-11,73.2,76.1,73.0,75.1,459177,34386875,390,,,nan,nan,nan,nan,nan,,finmind,2026-07-17T14:45:12.238574+08:00
2015-02-12,74.5,74.7,73.0,73.5,230175,16960731,154,,,nan,nan,nan,nan,nan,,finmind,2026-07-17T14:45:12.238574+08:00
2015-02-13,73.8,75.7,73.8,74.2,177000,13238700,133,,,0.0,0.0,-1000.0,nan,nan,,finmind,2026-07-17T14:45:12.238574+08:00
2015-02-24,75.4,75.5,74.3,74.5,121000,9072500,101,,,nan,nan,nan,nan,nan,,finmind,2026-07-17T14:45:12.238574+08:00
2015-02-25,74.9,75.7,74.4,75.0,140000,10492100,117,,,nan,nan,nan,nan,nan,,finmind,2026-07-17T14:45:12.238574+08:00
2015-02-26,75.0,75.3,74.2,74.9,105000,7853800,90,,,-3000.0,0.0,0.0,nan,nan,,finmind,2026-07-17T14:45:12.238574+08:00
2015-03-02,75.2,75.5,74.6,74.7,70000,5245100,60,,,nan,nan,nan,nan,nan,,finmind,2026-07-17T14:45:12.238574+08:00
2015-03-03,75.4,77.4,74.8,76.0,380040,29012840,305,,,1000.0,0.0,0.0,nan,nan,,finmind,2026-07-17T14:45:12.238574+08:00
2015-03-04,75.5,75.8,74.6,75.0,238200,17912220,161,,,nan,nan,nan,nan,nan,,finmind,2026-07-17T14:45:12.238574+08:00
2015-03-05,75.9,75.9,75.0,75.7,153343,11559889,109,,,-1000.0,0.0,0.0,nan,nan,,finmind,2026-07-17T14:45:12.238574+08:00
2015-03-06,76.0,76.0,75.1,75.6,141030,10653889,87,,,0.0,30000.0,-1000.0,nan,nan,,finmind,2026-07-17T14:45:12.238574+08:00
2015-03-09,75.7,78.3,75.7,77.5,394250,30537899,301,,,nan,nan,nan,nan,nan,,finmind,2026-07-17T14:45:12.238574+08:00
2015-03-10,77.5,79.2,77.2,77.3,370050,28861675,285,,,nan,nan,nan,nan,nan,,finmind,2026-07-17T14:45:12.238574+08:00
2015-03-11,75.0,75.0,73.0,73.5,407268,30132232,322,,,3000.0,40000.0,0.0,nan,nan,,finmind,2026-07-17T14:45:12.238574+08:00
2015-03-12,74.3,74.9,74.0,74.1,125000,9284600,88,,,-3000.0,0.0,0.0,nan,nan,,finmind,2026-07-17T14:45:12.238574+08:00
2015-03-13,74.3,74.4,73.7,73.7,118000,8731000,93,,,-1000.0,0.0,0.0,nan,nan,,finmind,2026-07-17T14:45:12.238574+08:00
2015-03-16,73.8,74.4,73.4,73.4,155000,11422600,107,,,0.0,0.0,2000.0,nan,nan,,finmind,2026-07-17T14:45:12.238574+08:00
2015-03-17,74.3,74.7,73.9,74.1,182398,13551390,148,,,nan,nan,nan,nan,nan,,finmind,2026-07-17T14:45:12.238574+08:00
2015-03-18,75.5,79.2,74.9,79.2,764567,59348905,585,,,32000.0,0.0,0.0,nan,nan,,finmind,2026-07-17T14:45:12.238574+08:00
2015-03-19,80.5,82.5,79.6,81.1,1054801,85384358,774,,,-21000.0,0.0,0.0,nan,nan,,finmind,2026-07-17T14:45:12.238574+08:00
2015-03-20,80.0,81.4,79.6,80.3,474879,38106182,369,,,-2000.0,0.0,0.0,nan,nan,,finmind,2026-07-17T14:45:12.238574+08:00
2015-03-23,80.9,83.7,79.8,81.1,762194,62369454,522,,,2000.0,0.0,66000.0,nan,nan,,finmind,2026-07-17T14:45:12.238574+08:00
2015-03-24,81.0,83.1,81.0,81.1,384350,31465350,291,,,1000.0,0.0,0.0,nan,nan,,finmind,2026-07-17T14:45:12.238574+08:00
2015-03-25,81.1,81.2,77.8,78.3,437000,34727700,293,,,4000.0,0.0,0.0,nan,nan,,finmind,2026-07-17T14:45:12.238574+08:00
2015-03-26,78.0,79.0,77.3,77.9,188356,14726908,138,,,3000.0,30000.0,0.0,nan,nan,,finmind,2026-07-17T14:45:12.238574+08:00
2015-03-27,78.9,79.0,77.5,77.6,121036,9421000,100,,,8000.0,0.0,0.0,nan,nan,,finmind,2026-07-17T14:45:12.238574+08:00
2015-03-30,78.7,78.7,76.3,76.8,130077,10028713,96,,,2000.0,20000.0,5000.0,nan,nan,,finmind,2026-07-17T14:45:12.238574+08:00
2015-03-31,77.0,79.5,77.0,79.1,211430,16549299,158,,,17000.0,0.0,7000.0,nan,nan,,finmind,2026-07-17T14:45:12.238574+08:00
2015-04-01,78.5,78.9,77.6,77.6,137280,10721223,92,,,-5000.0,0.0,3000.0,nan,nan,,finmind,2026-07-17T14:45:12.238574+08:00
2015-04-02,77.9,79.2,77.9,78.4,169000,13287400,110,,,0.0,0.0,2000.0,nan,nan,,finmind,2026-07-17T14:45:12.238574+08:00
2015-04-07,78.6,80.4,78.6,78.7,221080,17528204,160,,,1000.0,0.0,0.0,nan,nan,,finmind,2026-07-17T14:45:12.238574+08:00
2015-04-08,79.0,79.0,76.8,76.9,299000,23276100,209,,,11000.0,0.0,5000.0,nan,nan,,finmind,2026-07-17T14:45:12.238574+08:00
2015-04-09,77.0,77.6,75.5,76.4,186050,14242389,145,,,1000.0,0.0,2000.0,nan,nan,,finmind,2026-07-17T14:45:12.238574+08:00
2015-04-10,77.0,77.6,76.1,77.6,110001,8455777,90,,,-1000.0,0.0,0.0,nan,nan,,finmind,2026-07-17T14:45:12.238574+08:00
2015-04-13,78.5,78.5,77.5,77.5,276305,21504776,203,,,3000.0,0.0,1000.0,nan,nan,,finmind,2026-07-17T14:45:12.238574+08:00
2015-04-14,77.7,77.8,77.0,77.3,150200,11608900,106,,,5000.0,0.0,0.0,nan,nan,,finmind,2026-07-17T14:45:12.238574+08:00
2015-04-15,77.6,77.8,77.0,77.0,98018,7575884,79,,,-5000.0,0.0,-1000.0,nan,nan,,finmind,2026-07-17T14:45:12.238574+08:00
2015-04-16,77.3,78.2,77.0,77.1,174023,13480771,131,,,-1000.0,0.0,-35000.0,nan,nan,,finmind,2026-07-17T14:45:12.238574+08:00
2015-04-17,77.1,77.1,75.7,75.7,152037,11590030,107,,,2000.0,0.0,7000.0,nan,nan,,finmind,2026-07-17T14:45:12.238574+08:00
2015-04-20,75.5,75.9,73.5,74.0,183050,13570350,145,,,-7000.0,0.0,0.0,nan,nan,,finmind,2026-07-17T14:45:12.238574+08:00
2015-04-21,74.4,74.4,72.5,72.6,107000,7843300,92,,,11000.0,0.0,0.0,nan,nan,,finmind,2026-07-17T14:45:12.238574+08:00
2015-04-22,73.2,73.4,72.6,72.6,93603,6832999,81,,,-1000.0,0.0,-15000.0,nan,nan,,finmind,2026-07-17T14:45:12.238574+08:00
2015-04-23,74.5,74.5,73.0,73.1,96000,7033700,63,,,1000.0,0.0,-22000.0,nan,nan,,finmind,2026-07-17T14:45:12.238574+08:00
2015-04-24,74.0,74.0,72.8,73.0,89067,6521263,75,,,9000.0,0.0,-21000.0,nan,nan,,finmind,2026-07-17T14:45:12.238574+08:00
2015-04-27,74.0,74.0,73.3,73.4,70038,5165007,54,,,3000.0,0.0,-17000.0,nan,nan,,finmind,2026-07-17T14:45:12.238574+08:00
2015-04-28,74.0,74.0,73.3,73.3,67223,4946402,55,,,5000.0,0.0,-4000.0,nan,nan,,finmind,2026-07-17T14:45:12.238574+08:00
2015-04-29,73.4,74.0,73.1,73.3,68000,5006500,57,,,12000.0,0.0,0.0,nan,nan,,finmind,2026-07-17T14:45:12.238574+08:00
2015-04-30,73.8,74.3,73.5,73.9,64200,4743260,49,,,7000.0,0.0,0.0,nan,nan,,finmind,2026-07-17T14:45:12.238574+08:00
2015-05-04,74.0,74.3,73.7,73.8,45000,3328200,34,,,-1000.0,0.0,-2000.0,nan,nan,,finmind,2026-07-17T14:45:12.238574+08:00
2015-05-05,74.2,75.4,73.7,74.6,109000,8125700,88,,,4000.0,0.0,-11000.0,nan,nan,,finmind,2026-07-17T14:45:12.238574+08:00
2015-05-06,74.2,75.2,74.2,74.3,81200,6062560,67,,,18000.0,0.0,-5000.0,nan,nan,,finmind,2026-07-17T14:45:12.238574+08:00
2015-05-07,74.5,74.5,73.1,74.4,120000,8842500,104,,,0.0,0.0,-6000.0,nan,nan,,finmind,2026-07-17T14:45:12.238574+08:00
2015-05-08,74.4,74.4,72.8,73.8,111000,8132900,102,,,3000.0,0.0,0.0,nan,nan,,finmind,2026-07-17T14:45:12.238574+08:00
2015-05-11,74.4,74.5,68.7,68.7,270220,19000600,206,,,3000.0,0.0,-3000.0,nan,nan,,finmind,2026-07-17T14:45:12.238574+08:00
2015-05-12,68.0,68.0,64.4,66.0,226000,14874200,187,,,23000.0,0.0,0.0,nan,nan,,finmind,2026-07-17T14:45:12.238574+08:00
2015-05-13,67.9,67.9,66.0,66.6,98081,6510767,69,,,1000.0,0.0,0.0,nan,nan,,finmind,2026-07-17T14:45:12.238574+08:00
2015-05-14,66.5,66.5,63.4,63.4,225442,14401888,188,,,1000.0,0.0,-1000.0,nan,nan,,finmind,2026-07-17T14:45:12.238574+08:00
2015-05-15,64.0,65.2,63.6,64.0,110000,7064900,82,,,-3000.0,0.0,-1000.0,nan,nan,,finmind,2026-07-17T14:45:12.238574+08:00
2015-05-18,64.5,64.5,62.6,62.6,87000,5498000,65,,,0.0,0.0,1000.0,nan,nan,,finmind,2026-07-17T14:45:12.238574+08:00
2015-05-19,62.6,63.9,62.6,63.2,55076,3490048,43,,,-2000.0,0.0,-2000.0,nan,nan,,finmind,2026-07-17T14:45:12.238574+08:00
2015-05-20,63.5,64.4,63.5,63.6,45000,2878100,38,,,-1000.0,0.0,0.0,nan,nan,,finmind,2026-07-17T14:45:12.238574+08:00
2015-05-21,63.6,63.8,62.8,62.8,71020,4475170,57,,,-3000.0,0.0,-2000.0,nan,nan,,finmind,2026-07-17T14:45:12.238574+08:00
2015-05-22,63.5,63.5,62.8,63.3,54000,3412000,31,,,-4000.0,0.0,0.0,nan,nan,,finmind,2026-07-17T14:45:12.238574+08:00
2015-05-25,63.1,65.0,63.1,63.6,45000,2872700,38,,,-4000.0,0.0,1000.0,nan,nan,,finmind,2026-07-17T14:45:12.238574+08:00
2015-05-26,64.4,64.4,63.8,63.8,46000,2953900,38,,,-4000.0,0.0,0.0,nan,nan,,finmind,2026-07-17T14:45:12.238574+08:00
2015-05-27,64.3,68.2,64.2,68.2,292000,19571300,233,,,7000.0,0.0,0.0,nan,nan,,finmind,2026-07-17T14:45:12.238574+08:00
2015-05-28,68.2,68.2,66.6,67.4,154418,10442106,121,,,-4000.0,0.0,-1000.0,nan,nan,,finmind,2026-07-17T14:45:12.238574+08:00
2015-05-29,67.8,69.0,67.4,68.2,108020,7355066,80,,,0.0,0.0,0.0,nan,nan,,finmind,2026-07-17T14:45:12.238574+08:00
2015-06-01,68.5,69.0,67.5,67.5,109087,7418411,70,,,-18000.0,0.0,0.0,nan,nan,,finmind,2026-07-17T14:45:12.238574+08:00
2015-06-02,68.0,68.0,67.5,67.8,88000,5964300,57,,,-8000.0,0.0,0.0,nan,nan,,finmind,2026-07-17T14:45:12.238574+08:00
2015-06-03,68.0,68.0,66.3,66.3,90087,6067072,57,,,-9000.0,0.0,0.0,nan,nan,,finmind,2026-07-17T14:45:12.238574+08:00
2015-06-04,66.3,67.3,64.6,64.7,106000,7004600,81,,,-8000.0,0.0,0.0,nan,nan,,finmind,2026-07-17T14:45:12.238574+08:00
2015-06-05,65.0,66.0,64.7,65.0,77000,5014700,52,,,-9000.0,0.0,0.0,nan,nan,,finmind,2026-07-17T14:45:12.238574+08:00
2015-06-08,64.5,64.5,61.6,63.0,72333,4562011,47,,,-2000.0,0.0,0.0,nan,nan,,finmind,2026-07-17T14:45:12.238574+08:00
2015-06-09,61.5,62.9,60.6,60.6,121000,7424900,80,,,0.0,0.0,0.0,nan,nan,,finmind,2026-07-17T14:45:12.238574+08:00
2015-06-10,60.8,62.0,60.8,62.0,26000,1598200,19,,,8000.0,0.0,0.0,nan,nan,,finmind,2026-07-17T14:45:12.238574+08:00
2015-06-11,63.0,63.0,61.0,61.0,54103,3320886,41,,,-8000.0,0.0,0.0,nan,nan,,finmind,2026-07-17T14:45:12.238574+08:00
2015-06-12,61.5,61.9,61.0,61.1,29200,1796940,25,,,-1000.0,0.0,0.0,nan,nan,,finmind,2026-07-17T14:45:12.238574+08:00
2015-06-15,61.1,62.0,61.1,61.3,43115,2652110,39,,,3000.0,0.0,0.0,nan,nan,,finmind,2026-07-17T14:45:12.238574+08:00
2015-06-16,61.1,61.4,61.0,61.3,26000,1592300,22,,,-1000.0,0.0,0.0,nan,nan,,finmind,2026-07-17T14:45:12.238574+08:00
2015-06-17,61.3,62.9,61.2,62.0,101135,6257285,85,,,-16000.0,0.0,0.0,nan,nan,,finmind,2026-07-17T14:45:12.238574+08:00
2015-06-18,58.0,58.0,56.9,57.8,65000,3734200,57,,,-1000.0,0.0,0.0,nan,nan,,finmind,2026-07-17T14:45:12.238574+08:00
2015-06-22,57.5,58.2,57.5,57.6,45150,2611630,45,,,-11000.0,0.0,0.0,nan,nan,,finmind,2026-07-17T14:45:12.238574+08:00
2015-06-23,58.0,58.0,57.1,57.9,50000,2877500,42,,,-1000.0,0.0,0.0,nan,nan,,finmind,2026-07-17T14:45:12.238574+08:00
2015-06-24,57.4,57.4,57.2,57.3,25000,1432700,23,,,-7000.0,0.0,0.0,nan,nan,,finmind,2026-07-17T14:45:12.238574+08:00
2015-06-25,57.3,57.7,57.1,57.1,28000,1605900,28,,,-2000.0,0.0,0.0,nan,nan,,finmind,2026-07-17T14:45:12.238574+08:00
2015-06-26,57.1,57.3,57.0,57.2,32000,1829400,23,,,-2000.0,0.0,0.0,nan,nan,,finmind,2026-07-17T14:45:12.238574+08:00
2015-06-29,56.6,56.6,54.6,55.6,100000,5557200,70,,,-9000.0,0.0,0.0,nan,nan,,finmind,2026-07-17T14:45:12.238574+08:00
2015-06-30,54.5,55.7,54.5,55.6,44150,2434030,37,,,-5000.0,0.0,0.0,nan,nan,,finmind,2026-07-17T14:45:12.238574+08:00
2015-07-01,55.3,56.3,55.3,56.3,28000,1567500,22,,,nan,nan,nan,nan,nan,,finmind,2026-07-17T14:45:12.238574+08:00
2015-07-02,56.2,56.4,56.0,56.4,42000,2361900,36,,,5000.0,0.0,0.0,0.0,0.0,,finmind,2026-07-17T14:45:12.238574+08:00
2015-07-03,59.0,59.8,58.0,58.0,255000,15019500,211,,,-2000.0,0.0,0.0,70.0,0.0,,finmind,2026-07-17T14:45:12.238574+08:00
2015-07-06,56.9,57.5,54.3,55.9,124000,6983200,87,,,-3000.0,0.0,0.0,83.0,0.0,,finmind,2026-07-17T14:45:12.238574+08:00
2015-07-07,55.9,55.9,54.8,54.8,61000,3364000,42,,,-1000.0,0.0,0.0,93.0,0.0,,finmind,2026-07-17T14:45:12.238574+08:00
2015-07-08,54.8,54.8,51.0,51.2,111352,5808208,83,,,-1000.0,0.0,0.0,97.0,0.0,,finmind,2026-07-17T14:45:12.238574+08:00
2015-07-09,50.0,50.0,48.45,49.1,87000,4261450,75,,,4000.0,0.0,1000.0,111.0,0.0,,finmind,2026-07-17T14:45:12.238574+08:00
2015-07-13,50.8,51.8,50.2,51.4,68000,3461900,50,,,1000.0,-10000.0,-1000.0,110.0,0.0,,finmind,2026-07-17T14:45:12.238574+08:00
2015-07-14,52.0,52.0,51.4,51.8,59100,3057080,55,,,-8000.0,0.0,0.0,120.0,0.0,,finmind,2026-07-17T14:45:12.238574+08:00
2015-07-15,52.4,52.4,50.8,51.5,51300,2639346,59,,,-5000.0,0.0,0.0,122.0,0.0,,finmind,2026-07-17T14:45:12.238574+08:00
2015-07-16,51.5,52.0,51.5,51.6,20150,1039952,31,,,-2000.0,0.0,0.0,121.0,0.0,,finmind,2026-07-17T14:45:12.238574+08:00
2015-07-17,51.6,52.1,51.6,51.7,21586,1117351,29,,,0.0,0.0,0.0,120.0,0.0,,finmind,2026-07-17T14:45:12.238574+08:00
2015-07-20,51.7,51.9,50.6,50.7,45911,2355578,33,,,nan,nan,nan,136.0,0.0,,finmind,2026-07-17T14:45:12.238574+08:00
2015-07-21,50.1,50.2,48.65,49.4,40850,2020923,42,,,-50.0,0.0,0.0,147.0,0.0,,finmind,2026-07-17T14:45:12.238574+08:00
2015-07-22,49.0,49.3,48.5,49.2,33600,1644100,30,,,nan,nan,nan,149.0,0.0,,finmind,2026-07-17T14:45:12.238574+08:00
2015-07-23,49.0,49.0,46.4,48.4,88300,4240950,64,,,3000.0,-3000.0,1000.0,167.0,0.0,,finmind,2026-07-17T14:45:12.238574+08:00
2015-07-24,47.5,47.85,47.2,47.85,33250,1576100,29,,,nan,nan,nan,175.0,0.0,,finmind,2026-07-17T14:45:12.238574+08:00
2015-07-27,47.85,47.85,45.1,45.1,54950,2550250,53,,,2000.0,-6000.0,2000.0,188.0,0.0,,finmind,2026-07-17T14:45:12.238574+08:00
2015-07-28,42.6,45.5,42.6,45.5,42562,1870977,39,,,5000.0,-4000.0,0.0,200.0,0.0,,finmind,2026-07-17T14:45:12.238574+08:00
2015-07-29,45.5,45.5,44.8,45.5,36650,1652689,27,,,0.0,-8000.0,0.0,201.0,0.0,,finmind,2026-07-17T14:45:12.238574+08:00
2015-07-30,45.4,49.7,45.4,47.0,64300,3045023,46,,,3000.0,-7000.0,0.0,198.0,0.0,,finmind,2026-07-17T14:45:12.238574+08:00
2015-07-31,48.0,48.0,46.05,46.8,10050,468890,11,,,0.0,-1000.0,0.0,199.0,0.0,,finmind,2026-07-17T14:45:12.238574+08:00
2015-08-03,46.0,46.0,45.0,45.2,36150,1635482,25,,,0.0,0.0,-1000.0,220.0,0.0,,finmind,2026-07-17T14:45:12.238574+08:00
2015-08-04,46.2,46.2,43.65,44.0,28340,1256470,22,,,-2000.0,0.0,2000.0,228.0,0.0,,finmind,2026-07-17T14:45:12.238574+08:00
2015-08-05,44.9,45.3,44.0,45.0,58350,2596250,42,,,6000.0,-5000.0,0.0,235.0,0.0,,finmind,2026-07-17T14:45:12.238574+08:00
2015-08-06,45.5,45.5,44.2,44.25,32000,1424950,23,,,-1000.0,0.0,0.0,247.0,0.0,,finmind,2026-07-17T14:45:12.238574+08:00
2015-08-07,44.45,45.1,44.45,45.1,43000,1927100,23,,,6000.0,-6000.0,0.0,253.0,0.0,,finmind,2026-07-17T14:45:12.238574+08:00
2015-08-10,44.9,46.5,44.6,46.0,47100,2145850,24,,,3000.0,-8000.0,0.0,256.0,0.0,,finmind,2026-07-17T14:45:12.238574+08:00
2015-08-11,46.5,46.5,45.2,45.6,55700,2549460,40,,,-4000.0,-8000.0,-2000.0,269.0,0.0,,finmind,2026-07-17T14:45:12.238574+08:00
2015-08-12,45.0,45.5,44.65,45.1,24050,1082405,16,,,0.0,0.0,2000.0,274.0,0.0,,finmind,2026-07-17T14:45:12.238574+08:00
2015-08-13,46.9,47.15,46.2,46.5,129406,6037369,79,,,-2000.0,-4000.0,-1000.0,247.0,0.0,,finmind,2026-07-17T14:45:12.238574+08:00
2015-08-14,46.6,47.3,46.4,46.85,32400,1513040,21,,,1000.0,-9000.0,0.0,251.0,0.0,,finmind,2026-07-17T14:45:12.238574+08:00
2015-08-17,47.0,47.4,46.25,46.7,21400,1000188,20,,,0.0,-4000.0,0.0,249.0,0.0,,finmind,2026-07-17T14:45:12.238574+08:00
2015-08-18,46.6,46.65,45.7,46.3,33640,1552582,30,,,-3000.0,0.0,0.0,256.0,0.0,,finmind,2026-07-17T14:45:12.238574+08:00
2015-08-19,46.1,46.1,44.4,44.6,68310,3066786,44,,,-7000.0,0.0,-1000.0,265.0,0.0,,finmind,2026-07-17T14:45:12.238574+08:00
2015-08-20,44.5,45.2,44.5,45.0,34100,1530265,23,,,11000.0,-9000.0,0.0,270.0,0.0,,finmind,2026-07-17T14:45:12.238574+08:00
2015-08-21,44.5,44.5,42.5,42.5,53110,2295979,39,,,1000.0,0.0,0.0,265.0,2.0,,finmind,2026-07-17T14:45:12.238574+08:00
2015-08-24,41.95,41.95,38.25,38.8,111053,4303720,76,,,-14000.0,0.0,-1000.0,267.0,2.0,,finmind,2026-07-17T14:45:12.238574+08:00
2015-08-25,36.35,39.5,36.35,39.2,52347,2015818,45,,,4000.0,-10000.0,0.0,264.0,2.0,,finmind,2026-07-17T14:45:12.238574+08:00
2015-08-26,38.5,39.35,38.05,39.35,62000,2401800,34,,,2000.0,-10000.0,0.0,238.0,0.0,,finmind,2026-07-17T14:45:12.238574+08:00
2015-08-27,40.0,41.5,39.9,41.1,69536,2847229,52,,,-2000.0,0.0,-1000.0,233.0,2.0,,finmind,2026-07-17T14:45:12.238574+08:00
2015-08-28,42.1,43.0,42.0,42.35,36200,1528018,31,,,2550.0,-10000.0,0.0,233.0,2.0,,finmind,2026-07-17T14:45:12.238574+08:00
2015-08-31,42.35,42.35,41.2,41.9,18600,775500,22,,,1000.0,0.0,0.0,237.0,2.0,,finmind,2026-07-17T14:45:12.238574+08:00
2015-09-01,41.3,42.0,41.3,42.0,25570,1069740,25,,,6000.0,-3000.0,0.0,229.0,2.0,,finmind,2026-07-17T14:45:12.238574+08:00
2015-09-02,41.9,42.2,41.3,42.0,38550,1616506,29,,,-2000.0,-1000.0,0.0,214.0,2.0,,finmind,2026-07-17T14:45:12.238574+08:00
2015-09-03,42.5,43.7,42.0,43.4,84913,3611959,59,,,-3000.0,0.0,0.0,229.0,3.0,,finmind,2026-07-17T14:45:12.238574+08:00
2015-09-04,43.6,43.6,41.6,42.3,34300,1450560,35,,,2000.0,0.0,0.0,232.0,3.0,,finmind,2026-07-17T14:45:12.238574+08:00
2015-09-07,42.1,42.1,41.3,41.55,25300,1050714,28,,,1000.0,0.0,0.0,238.0,3.0,,finmind,2026-07-17T14:45:12.238574+08:00
2015-09-08,41.55,42.0,41.55,42.0,21424,893850,22,,,0.0,0.0,0.0,242.0,3.0,,finmind,2026-07-17T14:45:12.238574+08:00
2015-09-09,42.5,43.4,42.5,43.0,75100,3230319,69,,,1950.0,0.0,0.0,239.0,3.0,,finmind,2026-07-17T14:45:12.238574+08:00
2015-09-10,42.9,45.7,42.9,44.9,117850,5224222,74,,,15000.0,0.0,0.0,240.0,3.0,,finmind,2026-07-17T14:45:12.238574+08:00
2015-09-11,45.3,45.8,44.5,45.6,91341,4138715,78,,,-4000.0,0.0,0.0,241.0,3.0,,finmind,2026-07-17T14:45:12.238574+08:00
2015-09-14,47.2,47.35,46.4,46.65,187300,8757969,137,,,-18000.0,0.0,0.0,284.0,3.0,,finmind,2026-07-17T14:45:12.238574+08:00
2015-09-15,47.0,47.0,45.5,45.5,111500,5110699,67,,,2000.0,0.0,0.0,267.0,3.0,,finmind,2026-07-17T14:45:12.238574+08:00
2015-09-16,45.8,46.15,45.5,45.9,89097,4085189,68,,,-12000.0,0.0,0.0,292.0,3.0,,finmind,2026-07-17T14:45:12.238574+08:00
2015-09-17,46.2,46.75,46.0,46.3,78450,3625350,64,,,-1000.0,0.0,0.0,298.0,3.0,,finmind,2026-07-17T14:45:12.238574+08:00
2015-09-18,46.4,48.6,46.3,47.9,140350,6657465,117,,,5000.0,0.0,0.0,306.0,3.0,,finmind,2026-07-17T14:45:12.238574+08:00
2015-09-21,47.3,47.3,46.4,46.5,106000,4961200,57,,,-1000.0,0.0,0.0,364.0,3.0,,finmind,2026-07-17T14:45:12.238574+08:00
2015-09-22,46.55,46.95,46.55,46.6,67150,3132039,41,,,0.0,0.0,0.0,385.0,3.0,,finmind,2026-07-17T14:45:12.238574+08:00
2015-09-23,46.0,46.2,45.7,45.7,52602,2419459,52,,,-2000.0,0.0,0.0,385.0,3.0,,finmind,2026-07-17T14:45:12.238574+08:00
2015-09-24,45.2,45.85,44.5,44.9,62150,2802750,52,,,-5000.0,0.0,0.0,370.0,2.0,,finmind,2026-07-17T14:45:12.238574+08:00
2015-09-25,44.9,45.4,44.3,45.4,30650,1373065,30,,,3000.0,0.0,0.0,364.0,2.0,,finmind,2026-07-17T14:45:12.238574+08:00
2015-09-30,44.5,45.5,44.5,45.35,35250,1595625,24,,,-2000.0,0.0,0.0,352.0,2.0,,finmind,2026-07-17T14:45:12.238574+08:00
2015-10-01,45.4,47.5,45.35,46.4,84341,3930936,71,,,6000.0,0.0,0.0,359.0,2.0,,finmind,2026-07-17T14:45:12.238574+08:00
2015-10-02,46.5,47.0,45.95,46.3,51250,2376000,45,,,3000.0,0.0,0.0,363.0,1.0,,finmind,2026-07-17T14:45:12.238574+08:00
2015-10-05,46.7,48.3,46.0,47.9,146350,6927189,126,,,9000.0,0.0,0.0,375.0,1.0,,finmind,2026-07-17T14:45:12.238574+08:00
2015-10-06,48.4,49.5,47.0,47.8,116963,5623397,84,,,-1000.0,0.0,0.0,370.0,1.0,,finmind,2026-07-17T14:45:12.238574+08:00
2015-10-07,48.1,48.1,47.5,47.7,34800,1661366,41,,,3000.0,0.0,0.0,372.0,1.0,,finmind,2026-07-17T14:45:12.238574+08:00
2015-10-08,47.7,47.7,46.35,46.7,36513,1724920,35,,,3000.0,0.0,0.0,375.0,1.0,,finmind,2026-07-17T14:45:12.238574+08:00
2015-10-12,48.0,48.3,47.3,47.8,75250,3602700,60,,,-4000.0,0.0,0.0,380.0,1.0,,finmind,2026-07-17T14:45:12.238574+08:00
2015-10-13,48.5,48.5,47.75,48.1,56550,2721839,41,,,-1000.0,0.0,0.0,383.0,1.0,,finmind,2026-07-17T14:45:12.238574+08:00
2015-10-14,48.0,49.5,47.8,49.1,90200,4401368,79,,,4000.0,0.0,0.0,383.0,2.0,,finmind,2026-07-17T14:45:12.238574+08:00
2015-10-15,49.2,51.5,49.1,49.45,214600,10817789,163,,,0.0,0.0,-5000.0,392.0,2.0,,finmind,2026-07-17T14:45:12.238574+08:00
2015-10-16,50.0,50.8,49.55,49.6,104500,5244500,88,,,-2000.0,0.0,-20000.0,400.0,2.0,,finmind,2026-07-17T14:45:12.238574+08:00
2015-10-19,49.7,50.1,49.3,49.85,60050,2989595,42,,,0.0,0.0,-11000.0,395.0,2.0,,finmind,2026-07-17T14:45:12.238574+08:00
2015-10-20,50.0,50.0,49.6,49.8,60238,2998931,46,,,0.0,0.0,-10000.0,391.0,2.0,,finmind,2026-07-17T14:45:12.238574+08:00
2015-10-21,50.0,51.4,49.55,50.6,154422,7775491,96,,,2000.0,0.0,-35000.0,393.0,2.0,,finmind,2026-07-17T14:45:12.238574+08:00
2015-10-22,50.6,52.2,50.6,51.4,273150,14074565,158,,,-2000.0,0.0,-119000.0,431.0,3.0,,finmind,2026-07-17T14:45:12.238574+08:00
2015-10-23,51.8,52.0,51.5,51.6,72050,3727565,57,,,0.0,0.0,-15000.0,426.0,4.0,,finmind,2026-07-17T14:45:12.238574+08:00
2015-10-26,51.6,51.8,51.0,51.0,70100,3602100,49,,,-1000.0,0.0,-10000.0,423.0,4.0,,finmind,2026-07-17T14:45:12.238574+08:00
2015-10-27,51.0,51.0,50.1,50.4,79750,4021999,66,,,1000.0,0.0,-10000.0,407.0,3.0,,finmind,2026-07-17T14:45:12.238574+08:00
2015-10-28,50.4,50.8,50.2,50.8,90800,4577340,64,,,0.0,0.0,-35000.0,395.0,3.0,,finmind,2026-07-17T14:45:12.238574+08:00
2015-10-29,50.6,50.8,50.0,50.2,84050,4222509,60,,,-6000.0,0.0,-8000.0,403.0,2.0,,finmind,2026-07-17T14:45:12.238574+08:00
2015-10-30,49.85,50.0,47.3,49.2,85000,4159600,65,,,-5000.0,0.0,0.0,394.0,1.0,,finmind,2026-07-17T14:45:12.238574+08:00
2015-11-02,49.3,51.5,49.3,51.0,68000,3443300,53,,,9000.0,0.0,-5000.0,399.0,1.0,,finmind,2026-07-17T14:45:12.238574+08:00
2015-11-03,51.5,55.9,51.0,55.0,485282,26325624,338,,,24000.0,0.0,-70000.0,476.0,3.0,,finmind,2026-07-17T14:45:12.238574+08:00
2015-11-04,55.0,56.4,53.5,54.0,250513,13815202,197,,,-13000.0,0.0,-20000.0,485.0,3.0,,finmind,2026-07-17T14:45:12.238574+08:00
2015-11-05,54.5,55.9,54.2,54.8,179200,9862400,109,,,-4000.0,0.0,-20000.0,518.0,3.0,,finmind,2026-07-17T14:45:12.238574+08:00
2015-11-06,55.0,55.0,53.7,53.7,92302,5013216,61,,,-10200.0,0.0,-10000.0,549.0,1.0,,finmind,2026-07-17T14:45:12.238574+08:00
2015-11-09,53.9,53.9,51.5,52.4,126200,6587178,71,,,-11000.0,0.0,-15000.0,540.0,1.0,,finmind,2026-07-17T14:45:12.238574+08:00
2015-11-10,51.7,52.5,51.7,52.4,28001,1462952,22,,,0.0,0.0,-14000.0,543.0,1.0,,finmind,2026-07-17T14:45:12.238574+08:00
2015-11-11,52.5,52.6,51.9,52.5,88100,4608650,57,,,-6000.0,0.0,-11000.0,557.0,1.0,,finmind,2026-07-17T14:45:12.238574+08:00
2015-11-12,52.5,52.5,50.5,52.0,36597,1874045,32,,,2000.0,0.0,-5000.0,558.0,2.0,,finmind,2026-07-17T14:45:12.238574+08:00
2015-11-13,50.2,51.6,50.2,51.1,57112,2913912,46,,,nan,nan,nan,565.0,1.0,,finmind,2026-07-17T14:45:12.238574+08:00
2015-11-16,50.4,51.1,49.6,51.0,78377,3937727,50,,,10000.0,0.0,-5000.0,549.0,1.0,,finmind,2026-07-17T14:45:12.238574+08:00
2015-11-17,51.5,52.0,51.4,51.9,83150,4306015,51,,,5000.0,0.0,-10000.0,533.0,1.0,,finmind,2026-07-17T14:45:12.238574+08:00
2015-11-18,52.0,52.4,51.9,52.0,69410,3612920,46,,,-1000.0,0.0,-5000.0,520.0,1.0,,finmind,2026-07-17T14:45:12.238574+08:00
2015-11-19,52.5,53.9,52.5,53.6,89090,4714524,60,,,1000.0,0.0,-10000.0,528.0,1.0,,finmind,2026-07-17T14:45:12.238574+08:00
2015-11-20,53.8,56.1,53.8,55.5,208250,11496950,124,,,-7000.0,0.0,0.0,475.0,1.0,,finmind,2026-07-17T14:45:12.238574+08:00
2015-11-23,57.0,57.0,55.3,55.6,138150,7749894,92,,,-10000.0,0.0,0.0,455.0,1.0,,finmind,2026-07-17T14:45:12.238574+08:00
2015-11-24,56.2,56.2,53.0,53.0,195940,10721849,73,,,-3000.0,0.0,0.0,517.0,1.0,,finmind,2026-07-17T14:45:12.238574+08:00
2015-11-25,53.1,53.1,51.6,52.2,192000,10004800,117,,,2000.0,0.0,0.0,496.0,1.0,,finmind,2026-07-17T14:45:12.238574+08:00
2015-11-26,52.4,53.9,51.7,51.7,83553,4419189,67,,,1000.0,0.0,1000.0,493.0,1.0,,finmind,2026-07-17T14:45:12.238574+08:00
2015-11-27,51.8,52.5,51.8,52.0,38050,1980000,30,,,1000.0,0.0,0.0,501.0,1.0,,finmind,2026-07-17T14:45:12.238574+08:00
2015-11-30,52.0,52.3,51.6,52.0,40500,2096850,30,,,-2000.0,0.0,0.0,496.0,1.0,,finmind,2026-07-17T14:45:12.238574+08:00
2015-12-01,52.0,52.4,52.0,52.0,67500,3513949,41,,,-1000.0,0.0,-6000.0,497.0,1.0,,finmind,2026-07-17T14:45:12.238574+08:00
2015-12-02,52.1,52.5,52.0,52.1,53050,2770300,41,,,1000.0,0.0,0.0,496.0,1.0,,finmind,2026-07-17T14:45:12.238574+08:00
2015-12-03,52.3,54.6,52.2,53.2,130100,6918520,81,,,28000.0,0.0,-25000.0,481.0,1.0,,finmind,2026-07-17T14:45:12.238574+08:00
2015-12-04,53.2,53.2,52.4,52.4,56650,2984459,51,,,100.0,0.0,-9000.0,493.0,1.0,,finmind,2026-07-17T14:45:12.238574+08:00
2015-12-07,53.0,53.1,52.5,52.5,98638,5203403,74,,,0.0,0.0,-5000.0,515.0,1.0,,finmind,2026-07-17T14:45:12.238574+08:00
2015-12-08,52.5,53.0,51.8,51.8,63262,3326381,44,,,-4000.0,0.0,-20000.0,524.0,1.0,,finmind,2026-07-17T14:45:12.238574+08:00
2015-12-09,51.6,51.6,50.5,50.7,70000,3571300,45,,,-17000.0,0.0,0.0,549.0,1.0,,finmind,2026-07-17T14:45:12.238574+08:00
2015-12-10,50.0,50.7,49.8,50.7,31100,1562649,27,,,0.0,0.0,0.0,558.0,1.0,,finmind,2026-07-17T14:45:12.238574+08:00
2015-12-11,52.5,52.7,50.5,51.4,164627,8584726,127,,,-11000.0,0.0,-17000.0,563.0,1.0,,finmind,2026-07-17T14:45:12.238574+08:00
2015-12-14,49.6,50.5,49.6,50.0,57000,2853700,41,,,0.0,0.0,0.0,582.0,1.0,,finmind,2026-07-17T14:45:12.238574+08:00
2015-12-15,50.2,50.2,49.65,50.0,53273,2656550,40,,,-2000.0,0.0,0.0,596.0,1.0,,finmind,2026-07-17T14:45:12.238574+08:00
2015-12-16,50.2,50.7,49.8,50.6,46050,2313530,32,,,-1000.0,0.0,0.0,576.0,1.0,,finmind,2026-07-17T14:45:12.238574+08:00
2015-12-17,50.7,51.0,50.5,51.0,51000,2588900,36,,,nan,nan,nan,576.0,1.0,,finmind,2026-07-17T14:45:12.238574+08:00
2015-12-18,51.0,51.0,50.3,50.9,10450,530650,14,,,nan,nan,nan,574.0,1.0,,finmind,2026-07-17T14:45:12.238574+08:00
2015-12-21,51.3,51.3,50.2,50.8,20000,1017900,16,,,nan,nan,nan,575.0,1.0,,finmind,2026-07-17T14:45:12.238574+08:00
2015-12-22,50.9,50.9,50.2,50.5,28400,1436100,25,,,nan,nan,nan,585.0,1.0,,finmind,2026-07-17T14:45:12.238574+08:00
2015-12-23,50.5,50.8,50.0,50.2,45002,2263900,33,,,nan,nan,nan,595.0,1.0,,finmind,2026-07-17T14:45:12.238574+08:00
2015-12-24,50.5,50.5,50.2,50.2,18040,909008,15,,,nan,nan,nan,594.0,1.0,,finmind,2026-07-17T14:45:12.238574+08:00
2015-12-25,50.9,50.9,50.2,50.4,20200,1020539,14,,,-1000.0,0.0,0.0,598.0,1.0,,finmind,2026-07-17T14:45:12.238574+08:00
2015-12-28,50.4,50.4,49.75,50.3,39200,1960110,30,,,nan,nan,nan,595.0,1.0,,finmind,2026-07-17T14:45:12.238574+08:00
2015-12-29,49.7,50.0,49.55,50.0,22000,1092150,19,,,nan,nan,nan,588.0,1.0,,finmind,2026-07-17T14:45:12.238574+08:00
2015-12-30,49.7,50.3,49.65,49.65,19000,947500,16,,,-2000.0,0.0,0.0,590.0,1.0,,finmind,2026-07-17T14:45:12.238574+08:00
2015-12-31,49.0,49.7,49.0,49.3,33000,1624800,24,,,nan,nan,nan,596.0,1.0,,finmind,2026-07-17T14:45:12.238574+08:00
2016-01-04,49.3,49.3,48.5,48.6,42012,2050333,33,,,nan,nan,nan,605.0,1.0,,finmind,2026-07-17T14:45:12.238574+08:00
2016-01-05,48.5,48.5,46.6,47.5,64660,3056602,40,,,17000.0,0.0,0.0,595.0,1.0,,finmind,2026-07-17T14:45:12.238574+08:00
2016-01-06,47.5,47.5,45.85,45.85,83025,3842657,53,,,0.0,0.0,0.0,596.0,1.0,,finmind,2026-07-17T14:45:12.238574+08:00
2016-01-07,45.5,45.5,44.0,44.1,95100,4226114,66,,,2000.0,0.0,0.0,565.0,1.0,,finmind,2026-07-17T14:45:12.238574+08:00
2016-01-08,44.0,45.4,43.75,45.4,76000,3405650,46,,,10000.0,0.0,1000.0,531.0,1.0,,finmind,2026-07-17T14:45:12.238574+08:00
2016-01-11,46.7,48.45,46.65,47.9,208800,9918170,164,,,-4000.0,0.0,-1000.0,505.0,1.0,,finmind,2026-07-17T14:45:12.238574+08:00
2016-01-12,47.9,48.4,46.8,46.8,149085,7096173,94,,,-24000.0,0.0,0.0,498.0,1.0,,finmind,2026-07-17T14:45:12.238574+08:00
2016-01-13,47.1,48.8,47.1,48.6,115800,5552050,91,,,3000.0,0.0,0.0,459.0,1.0,,finmind,2026-07-17T14:45:12.238574+08:00
2016-01-14,48.6,49.45,48.1,48.25,106550,5202950,85,,,-6000.0,0.0,-1000.0,448.0,1.0,,finmind,2026-07-17T14:45:12.238574+08:00
2016-01-15,49.25,49.25,47.5,47.5,107600,5168638,66,,,-2350.0,0.0,0.0,465.0,1.0,,finmind,2026-07-17T14:45:12.238574+08:00
2016-01-18,46.15,48.0,46.1,47.75,80000,3778050,65,,,22000.0,0.0,2000.0,459.0,1.0,,finmind,2026-07-17T14:45:12.238574+08:00
2016-01-19,47.8,48.45,47.55,48.0,48000,2302500,43,,,-3000.0,0.0,-1000.0,461.0,1.0,,finmind,2026-07-17T14:45:12.238574+08:00
2016-01-20,48.5,48.5,46.5,46.5,69300,3275740,55,,,-12000.0,0.0,0.0,471.0,1.0,,finmind,2026-07-17T14:45:12.238574+08:00
2016-01-21,46.3,46.8,46.2,46.75,26100,1213930,25,,,6000.0,0.0,1000.0,465.0,1.0,,finmind,2026-07-17T14:45:12.238574+08:00
2016-01-22,48.3,48.3,46.8,47.0,27100,1276450,24,,,-12000.0,0.0,0.0,474.0,1.0,,finmind,2026-07-17T14:45:12.238574+08:00
2016-01-25,47.0,47.9,47.0,47.5,25000,1190400,21,,,5000.0,0.0,0.0,468.0,1.0,,finmind,2026-07-17T14:45:12.238574+08:00
2016-01-26,47.1,47.5,46.85,47.0,19050,898052,17,,,nan,nan,nan,467.0,1.0,,finmind,2026-07-17T14:45:12.238574+08:00
2016-01-27,47.25,47.25,47.1,47.1,19000,896000,15,,,nan,nan,nan,473.0,1.0,,finmind,2026-07-17T14:45:12.238574+08:00
2016-01-28,47.2,47.8,47.2,47.6,31791,1513301,28,,,2000.0,0.0,0.0,461.0,1.0,,finmind,2026-07-17T14:45:12.238574+08:00
2016-01-29,47.5,48.7,47.5,48.35,43300,2089690,34,,,4000.0,0.0,0.0,460.0,1.0,,finmind,2026-07-17T14:45:12.238574+08:00
2016-01-30,48.5,49.95,48.5,49.5,43300,2134640,33,,,nan,nan,nan,441.0,1.0,,finmind,2026-07-17T14:45:12.238574+08:00
2016-02-01,49.5,49.5,49.0,49.35,48102,2364278,32,,,1000.0,0.0,0.0,437.0,1.0,,finmind,2026-07-17T14:45:12.238574+08:00
2016-02-02,49.5,49.6,49.1,49.6,45100,2231245,26,,,-4000.0,0.0,0.0,431.0,1.0,,finmind,2026-07-17T14:45:12.238574+08:00
2016-02-03,49.4,49.6,49.2,49.25,37220,1838934,31,,,-1000.0,0.0,0.0,441.0,1.0,,finmind,2026-07-17T14:45:12.238574+08:00
2016-02-15,51.0,54.1,51.0,52.5,521550,27590910,363,,,22000.0,0.0,-40000.0,439.0,2.0,,finmind,2026-07-17T14:45:12.238574+08:00
2016-02-16,52.8,53.8,51.8,53.0,273303,14468659,201,,,-4000.0,0.0,-33000.0,502.0,3.0,,finmind,2026-07-17T14:45:12.238574+08:00
2016-02-17,53.0,53.6,52.6,53.4,147200,7827900,101,,,-1000.0,0.0,-27000.0,532.0,3.0,,finmind,2026-07-17T14:45:12.238574+08:00
2016-02-18,53.8,55.2,53.6,54.2,350150,19009830,240,,,-7000.0,0.0,-40000.0,614.0,2.0,,finmind,2026-07-17T14:45:12.238574+08:00
2016-02-19,54.3,54.8,53.4,54.2,214150,11557170,132,,,-10000.0,0.0,-15000.0,645.0,2.0,,finmind,2026-07-17T14:45:12.238574+08:00
2016-02-22,54.2,54.2,53.3,54.0,156999,8455546,98,,,-1000.0,0.0,-20000.0,689.0,2.0,,finmind,2026-07-17T14:45:12.238574+08:00
2016-02-23,54.0,54.9,54.0,54.6,203849,11090100,126,,,4000.0,0.0,-40000.0,642.0,2.0,,finmind,2026-07-17T14:45:12.238574+08:00
2016-02-24,54.6,54.8,53.8,54.6,174650,9471925,117,,,0.0,0.0,-20000.0,698.0,2.0,,finmind,2026-07-17T14:45:12.238574+08:00
2016-02-25,54.6,60.0,54.6,60.0,2050453,120806480,1016,,,86000.0,60000.0,-107000.0,1084.0,2.0,,finmind,2026-07-17T14:45:12.238574+08:00
2016-02-26,60.0,66.0,58.3,65.2,2303883,144724495,1486,,,-54000.0,20000.0,32000.0,1217.0,14.0,,finmind,2026-07-17T14:45:12.238574+08:00
2016-03-01,66.6,68.7,65.0,65.4,1638399,109327472,1183,,,-37000.0,0.0,5000.0,1415.0,11.0,,finmind,2026-07-17T14:45:12.238574+08:00
2016-03-02,65.9,71.9,64.8,71.9,2669842,185346833,1555,,,-5000.0,0.0,0.0,1845.0,45.0,,finmind,2026-07-17T14:45:12.238574+08:00
2016-03-03,73.3,74.5,67.5,68.2,2976910,211968558,2084,,,-1000.0,-30000.0,0.0,1983.0,32.0,,finmind,2026-07-17T14:45:12.238574+08:00
2016-03-04,70.0,71.8,68.5,69.6,1593754,111773073,1196,,,-6000.0,0.0,-25000.0,2036.0,30.0,,finmind,2026-07-17T14:45:12.238574+08:00
2016-03-07,70.0,70.1,66.8,66.8,1069235,72560520,710,,,-10000.0,-50000.0,-12000.0,2002.0,27.0,,finmind,2026-07-17T14:45:12.238574+08:00
2016-03-08,67.4,69.3,66.8,67.8,727100,49445150,559,,,-1000.0,0.0,0.0,2034.0,22.0,,finmind,2026-07-17T14:45:12.238574+08:00
2016-03-09,68.0,68.9,66.6,66.7,526800,35497520,392,,,1000.0,0.0,1000.0,2045.0,18.0,,finmind,2026-07-17T14:45:12.238574+08:00
2016-03-10,66.7,68.5,66.7,66.7,529150,35717819,411,,,1000.0,0.0,0.0,2088.0,15.0,,finmind,2026-07-17T14:45:12.238574+08:00
2016-03-11,66.7,67.7,64.8,65.1,797698,52595477,602,,,23000.0,0.0,-1000.0,1967.0,14.0,,finmind,2026-07-17T14:45:12.238574+08:00
2016-03-14,65.8,66.2,65.3,65.5,370650,24327645,268,,,6000.0,0.0,-82000.0,1976.0,14.0,,finmind,2026-07-17T14:45:12.238574+08:00
2016-03-15,65.6,66.3,61.3,61.3,670645,42644532,511,,,21000.0,0.0,-52000.0,1961.0,13.0,,finmind,2026-07-17T14:45:12.238574+08:00
2016-03-16,62.2,64.0,62.0,63.9,561045,35449860,411,,,75000.0,0.0,-14000.0,1850.0,12.0,,finmind,2026-07-17T14:45:12.238574+08:00
2016-03-17,64.9,65.2,62.4,62.5,522975,33371537,379,,,-32000.0,0.0,-10000.0,1778.0,11.0,,finmind,2026-07-17T14:45:12.238574+08:00
2016-03-18,62.8,63.7,62.3,63.3,297552,18756876,205,,,11000.0,0.0,-20000.0,1721.0,18.0,,finmind,2026-07-17T14:45:12.238574+08:00
2016-03-21,65.0,67.4,64.6,65.1,677407,44536955,494,,,-63000.0,0.0,-62000.0,1839.0,11.0,,finmind,2026-07-17T14:45:12.238574+08:00
2016-03-22,64.9,65.8,64.0,64.2,341073,22051293,239,,,-19000.0,0.0,-20000.0,1783.0,7.0,,finmind,2026-07-17T14:45:12.238574+08:00
2016-03-23,64.9,65.2,63.2,64.0,149050,9542100,106,,,7000.0,0.0,-13000.0,1759.0,10.0,,finmind,2026-07-17T14:45:12.238574+08:00
2016-03-24,63.5,64.2,62.5,63.4,126308,8001427,108,,,3000.0,0.0,0.0,1770.0,9.0,,finmind,2026-07-17T14:45:12.238574+08:00
2016-03-25,63.3,63.3,62.2,62.2,196400,12298280,142,,,1000.0,0.0,0.0,1773.0,9.0,,finmind,2026-07-17T14:45:12.238574+08:00
2016-03-28,62.2,63.2,61.6,61.6,176100,10944620,129,,,-1000.0,0.0,0.0,1794.0,9.0,,finmind,2026-07-17T14:45:12.238574+08:00
2016-03-29,62.5,62.8,59.5,60.0,268456,16383077,208,,,-3000.0,0.0,-27306.0,1783.0,8.0,,finmind,2026-07-17T14:45:12.238574+08:00
2016-03-30,60.5,61.8,60.3,61.8,160125,9772050,116,,,13000.0,0.0,0.0,1744.0,8.0,,finmind,2026-07-17T14:45:12.238574+08:00
2016-03-31,61.9,62.2,61.0,61.3,162050,9978775,143,,,33000.0,0.0,0.0,1708.0,8.0,,finmind,2026-07-17T14:45:12.238574+08:00
2016-04-01,61.9,63.3,61.0,63.3,133350,8292225,96,,,7000.0,0.0,0.0,1712.0,8.0,,finmind,2026-07-17T14:45:12.238574+08:00
2016-04-06,63.9,69.4,63.5,68.5,1468249,98857355,1143,,,60000.0,0.0,0.0,1746.0,17.0,,finmind,2026-07-17T14:45:12.238574+08:00
2016-04-07,68.6,69.5,67.3,68.0,754100,51411060,564,,,-90000.0,0.0,0.0,1782.0,17.0,,finmind,2026-07-17T14:45:12.238574+08:00
2016-04-08,67.3,70.0,67.3,67.7,1056200,72691280,773,,,-2000.0,0.0,0.0,1953.0,8.0,,finmind,2026-07-17T14:45:12.238574+08:00
2016-04-11,68.8,70.9,67.9,68.0,1045150,72592940,785,,,-7000.0,0.0,0.0,2005.0,8.0,,finmind,2026-07-17T14:45:12.238574+08:00
2016-04-12,68.8,69.5,63.3,65.0,973308,64567533,691,,,5000.0,0.0,0.0,2023.0,8.0,,finmind,2026-07-17T14:45:12.238574+08:00
2016-04-13,65.3,69.6,65.3,68.9,748710,50659172,593,,,55000.0,0.0,0.0,1899.0,20.0,,finmind,2026-07-17T14:45:12.238574+08:00
2016-04-14,68.9,75.7,68.9,75.7,3427244,254760058,2029,,,71000.0,0.0,30000.0,2228.0,35.0,,finmind,2026-07-17T14:45:12.238574+08:00
2016-04-15,77.0,79.5,75.7,76.8,4157086,322139899,3130,,,-117000.0,0.0,0.0,2691.0,29.0,,finmind,2026-07-17T14:45:12.238574+08:00
2016-04-18,78.3,78.3,75.5,76.4,1545500,118545396,1166,,,6000.0,0.0,0.0,2814.0,1.0,,finmind,2026-07-17T14:45:12.238574+08:00
2016-04-19,77.3,78.5,76.1,76.3,1479050,113885411,1044,,,-3000.0,0.0,0.0,2760.0,0.0,,finmind,2026-07-17T14:45:12.238574+08:00
2016-04-20,76.7,77.0,71.3,71.9,1382414,101416096,1048,,,31000.0,0.0,0.0,2652.0,0.0,,finmind,2026-07-17T14:45:12.238574+08:00
2016-04-21,72.4,75.7,72.4,73.4,1525900,113522860,1185,,,90000.0,0.0,0.0,2557.0,0.0,,finmind,2026-07-17T14:45:12.238574+08:00
2016-04-22,74.4,76.9,72.6,74.4,1585410,118698902,1255,,,-66000.0,0.0,0.0,2533.0,5.0,,finmind,2026-07-17T14:45:12.238574+08:00
2016-04-25,74.0,74.0,70.8,71.2,932612,66932273,667,,,5000.0,0.0,0.0,2555.0,10.0,,finmind,2026-07-17T14:45:12.238574+08:00
2016-04-26,71.0,72.4,70.5,70.8,510100,36306250,365,,,35000.0,0.0,1000.0,2479.0,15.0,,finmind,2026-07-17T14:45:12.238574+08:00
2016-04-27,71.5,73.1,70.7,71.2,538077,38631282,442,,,-53000.0,0.0,0.0,2572.0,14.0,,finmind,2026-07-17T14:45:12.238574+08:00
2016-04-28,71.3,71.3,69.0,69.8,525200,36756360,418,,,-19000.0,0.0,0.0,2634.0,15.0,,finmind,2026-07-17T14:45:12.238574+08:00
2016-04-29,68.5,69.7,67.1,69.6,507300,34895279,302,,,-10000.0,0.0,-1000.0,2720.0,15.0,,finmind,2026-07-17T14:45:12.238574+08:00
2016-05-03,69.8,70.5,67.5,67.8,347090,23794202,271,,,-29000.0,0.0,0.0,2777.0,15.0,,finmind,2026-07-17T14:45:12.238574+08:00
2016-05-04,67.8,68.6,66.2,66.9,279680,18891392,203,,,-6000.0,0.0,0.0,2785.0,9.0,,finmind,2026-07-17T14:45:12.238574+08:00
2016-05-05,67.3,68.7,66.4,68.7,176500,11918749,151,,,9000.0,0.0,0.0,2776.0,8.0,,finmind,2026-07-17T14:45:12.238574+08:00
2016-05-06,68.7,68.7,67.4,67.4,168193,11429024,133,,,3000.0,0.0,0.0,2744.0,13.0,,finmind,2026-07-17T14:45:12.238574+08:00
2016-05-09,68.0,68.1,65.1,66.0,408000,27097500,314,,,24000.0,0.0,0.0,2776.0,12.0,,finmind,2026-07-17T14:45:12.238574+08:00
2016-05-10,65.6,67.8,65.3,67.8,294000,19697500,259,,,83000.0,0.0,0.0,2718.0,9.0,,finmind,2026-07-17T14:45:12.238574+08:00
2016-05-11,69.0,70.5,67.9,68.0,452268,31091524,345,,,-38000.0,0.0,0.0,2621.0,9.0,,finmind,2026-07-17T14:45:12.238574+08:00
2016-05-12,67.0,67.5,62.8,63.0,486510,31806030,393,,,-17000.0,0.0,0.0,2596.0,12.0,,finmind,2026-07-17T14:45:12.238574+08:00
2016-05-13,62.0,62.8,59.0,60.8,908195,55252452,581,,,49000.0,0.0,0.0,2299.0,11.0,,finmind,2026-07-17T14:45:12.238574+08:00
2016-05-16,59.2,60.4,58.8,59.8,431110,25726200,300,,,98000.0,0.0,0.0,2156.0,11.0,,finmind,2026-07-17T14:45:12.238574+08:00
2016-05-17,61.0,61.9,60.0,61.1,303010,18417116,231,,,-11000.0,0.0,0.0,2130.0,10.0,,finmind,2026-07-17T14:45:12.238574+08:00
2016-05-18,60.3,61.5,60.3,60.4,152340,9270270,123,,,-11000.0,0.0,0.0,2109.0,10.0,,finmind,2026-07-17T14:45:12.238574+08:00
2016-05-19,60.6,60.6,59.0,59.0,305200,18196419,236,,,-4000.0,0.0,0.0,2135.0,9.0,,finmind,2026-07-17T14:45:12.238574+08:00
2016-05-20,58.8,59.3,58.0,58.6,216150,12671950,170,,,-8000.0,0.0,-30000.0,2105.0,12.0,,finmind,2026-07-17T14:45:12.238574+08:00
2016-05-23,58.9,61.3,58.4,60.4,231097,13978058,207,,,32000.0,0.0,0.0,2114.0,11.0,,finmind,2026-07-17T14:45:12.238574+08:00
2016-05-24,61.0,65.5,60.6,64.0,836538,53259970,643,,,-10000.0,0.0,0.0,2242.0,8.0,,finmind,2026-07-17T14:45:12.238574+08:00
2016-05-25,65.3,65.3,63.0,63.5,468300,29973279,334,,,-29000.0,0.0,0.0,2272.0,8.0,,finmind,2026-07-17T14:45:12.238574+08:00
2016-05-26,64.2,65.4,63.8,63.9,251000,16193900,206,,,-2000.0,0.0,0.0,2258.0,8.0,,finmind,2026-07-17T14:45:12.238574+08:00
2016-05-27,64.8,64.8,63.4,64.0,186100,11897780,139,,,0.0,0.0,0.0,2240.0,9.0,,finmind,2026-07-17T14:45:12.238574+08:00
2016-05-30,64.0,64.4,63.1,63.7,226531,14425484,187,,,1000.0,0.0,0.0,2228.0,8.0,,finmind,2026-07-17T14:45:12.238574+08:00
2016-05-31,64.1,65.6,64.0,64.1,261609,16911436,218,,,5000.0,0.0,0.0,2228.0,7.0,,finmind,2026-07-17T14:45:12.238574+08:00
2016-06-01,64.9,65.4,64.4,64.5,232508,15067813,160,,,-7000.0,0.0,0.0,2200.0,8.0,,finmind,2026-07-17T14:45:12.238574+08:00
2016-06-02,64.5,64.5,63.3,63.5,121050,7747085,100,,,-4000.0,0.0,0.0,2169.0,7.0,,finmind,2026-07-17T14:45:12.238574+08:00
2016-06-03,63.7,64.0,62.9,62.9,114100,7221800,93,,,-6000.0,0.0,0.0,2177.0,8.0,,finmind,2026-07-17T14:45:12.238574+08:00
2016-06-04,63.4,63.4,62.0,62.1,172050,10710724,132,,,nan,nan,nan,2160.0,7.0,,finmind,2026-07-17T14:45:12.238574+08:00
2016-06-06,62.2,62.7,62.1,62.1,82000,5110600,73,,,-1000.0,0.0,0.0,2153.0,6.0,,finmind,2026-07-17T14:45:12.238574+08:00
2016-06-07,62.2,63.6,62.2,63.3,148918,9363900,127,,,6000.0,0.0,0.0,2106.0,7.0,,finmind,2026-07-17T14:45:12.238574+08:00
2016-06-08,64.3,64.4,62.7,62.7,217600,13855918,174,,,-22000.0,0.0,0.0,2103.0,7.0,,finmind,2026-07-17T14:45:12.238574+08:00
2016-06-13,62.2,62.2,61.2,61.7,171158,10550564,103,,,-8000.0,0.0,0.0,2075.0,7.0,,finmind,2026-07-17T14:45:12.238574+08:00
2016-06-14,61.6,62.2,61.6,62.0,81100,5019400,55,,,7000.0,0.0,0.0,2079.0,7.0,,finmind,2026-07-17T14:45:12.238574+08:00
2016-06-15,62.0,63.8,62.0,63.0,82010,5176730,73,,,14000.0,0.0,0.0,2064.0,8.0,,finmind,2026-07-17T14:45:12.238574+08:00
2016-06-16,62.7,63.0,62.7,62.8,49149,3086356,49,,,-5000.0,0.0,0.0,2066.0,8.0,,finmind,2026-07-17T14:45:12.238574+08:00
2016-06-17,63.2,63.6,63.1,63.5,98050,6218455,83,,,3000.0,0.0,0.0,2058.0,8.0,,finmind,2026-07-17T14:45:12.238574+08:00
2016-06-20,64.0,64.4,63.5,64.2,93050,5936615,66,,,-4000.0,0.0,1000.0,2074.0,8.0,,finmind,2026-07-17T14:45:12.238574+08:00
2016-06-21,64.4,64.7,63.7,63.7,141032,9083441,107,,,4000.0,0.0,0.0,2072.0,8.0,,finmind,2026-07-17T14:45:12.238574+08:00
2016-06-22,64.2,64.4,62.5,63.4,132350,8370850,95,,,8000.0,0.0,0.0,1999.0,7.0,,finmind,2026-07-17T14:45:12.238574+08:00
2016-06-23,63.2,63.6,63.2,63.6,55210,3498598,53,,,4000.0,0.0,0.0,1978.0,7.0,,finmind,2026-07-17T14:45:12.238574+08:00
2016-06-24,63.9,63.9,59.5,60.3,354030,21672045,237,,,-2000.0,0.0,-1000.0,1876.0,7.0,,finmind,2026-07-17T14:45:12.238574+08:00
2016-06-27,58.2,61.3,58.2,60.9,86354,5209587,78,,,14000.0,0.0,0.0,1859.0,6.0,,finmind,2026-07-17T14:45:12.238574+08:00
2016-06-28,60.9,61.8,60.9,61.1,89060,5447466,69,,,-6000.0,0.0,0.0,1876.0,6.0,,finmind,2026-07-17T14:45:12.238574+08:00
2016-06-29,61.6,61.9,61.4,61.9,69000,4260100,64,,,-3000.0,0.0,0.0,1881.0,7.0,,finmind,2026-07-17T14:45:12.238574+08:00
2016-06-30,62.5,62.5,61.7,62.2,76150,4720160,53,,,-9000.0,0.0,0.0,1882.0,7.0,,finmind,2026-07-17T14:45:12.238574+08:00
2016-07-01,62.4,62.5,62.0,62.0,73050,4545280,46,,,1000.0,0.0,0.0,1875.0,7.0,,finmind,2026-07-17T14:45:12.238574+08:00
2016-07-04,62.5,62.5,61.7,61.9,74000,4587000,60,,,-3000.0,0.0,0.0,1857.0,7.0,,finmind,2026-07-17T14:45:12.238574+08:00
2016-07-05,61.5,61.7,61.1,61.4,75000,4597500,59,,,-5000.0,0.0,0.0,1871.0,6.0,,finmind,2026-07-17T14:45:12.238574+08:00
2016-07-06,61.0,61.0,60.3,60.3,108150,6547410,87,,,-6000.0,0.0,0.0,1842.0,6.0,,finmind,2026-07-17T14:45:12.238574+08:00
2016-07-07,60.4,60.9,60.1,60.4,58100,3512190,47,,,nan,nan,nan,1827.0,9.0,,finmind,2026-07-17T14:45:12.238574+08:00
2016-07-11,61.3,61.5,60.9,61.0,63150,3858089,53,,,-6000.0,0.0,0.0,1812.0,9.0,,finmind,2026-07-17T14:45:12.238574+08:00
2016-07-12,61.5,62.9,61.2,62.8,162000,10068000,133,,,1000.0,0.0,0.0,1840.0,7.0,,finmind,2026-07-17T14:45:12.238574+08:00
2016-07-13,62.8,63.0,62.4,62.5,92000,5765700,75,,,0.0,0.0,0.0,1829.0,7.0,,finmind,2026-07-17T14:45:12.238574+08:00
2016-07-14,63.0,65.4,63.0,64.9,397229,25657585,323,,,2000.0,0.0,0.0,1793.0,6.0,,finmind,2026-07-17T14:45:12.238574+08:00
2016-07-15,65.3,65.8,64.2,65.6,277176,18055121,231,,,1000.0,0.0,0.0,1790.0,0.0,,finmind,2026-07-17T14:45:12.238574+08:00
2016-07-18,65.6,65.6,64.9,65.5,158140,10323470,133,,,4000.0,0.0,0.0,1796.0,0.0,,finmind,2026-07-17T14:45:12.238574+08:00
2016-07-19,65.5,65.6,64.6,65.0,103150,6708450,94,,,4000.0,0.0,0.0,1800.0,0.0,,finmind,2026-07-17T14:45:12.238574+08:00
2016-07-20,65.1,66.7,64.9,65.3,232750,15283650,175,,,4000.0,0.0,0.0,1825.0,0.0,,finmind,2026-07-17T14:45:12.238574+08:00
2016-07-21,65.0,66.3,65.0,65.9,240150,15826200,179,,,23000.0,0.0,0.0,1815.0,0.0,,finmind,2026-07-17T14:45:12.238574+08:00
2016-07-22,66.2,66.5,65.4,65.4,132200,8702300,110,,,8000.0,0.0,0.0,1785.0,0.0,,finmind,2026-07-17T14:45:12.238574+08:00
2016-07-25,65.7,66.6,65.0,65.9,187250,12337150,161,,,10000.0,0.0,0.0,1767.0,0.0,,finmind,2026-07-17T14:45:12.238574+08:00
2016-07-26,65.6,66.3,65.3,66.0,218950,14440408,174,,,24000.0,0.0,0.0,1734.0,0.0,,finmind,2026-07-17T14:45:12.238574+08:00
2016-07-27,66.3,67.2,66.3,67.0,576418,38484178,389,,,10000.0,0.0,50000.0,1609.0,0.0,,finmind,2026-07-17T14:45:12.238574+08:00
2016-07-28,60.9,60.9,60.0,60.0,504055,30478100,310,,,-24000.0,0.0,-27000.0,1610.0,1.0,,finmind,2026-07-17T14:45:12.238574+08:00
2016-07-29,60.0,60.3,58.0,58.5,214130,12588370,189,,,-6000.0,0.0,-8000.0,1590.0,1.0,,finmind,2026-07-17T14:45:12.238574+08:00
2016-08-01,58.6,59.1,58.6,59.0,83000,4887900,73,,,8000.0,0.0,0.0,1572.0,2.0,,finmind,2026-07-17T14:45:12.238574+08:00
2016-08-02,59.0,59.6,58.8,59.4,86200,5094380,70,,,-1000.0,0.0,0.0,1578.0,2.0,,finmind,2026-07-17T14:45:12.238574+08:00
2016-08-03,59.4,60.1,58.7,59.8,81000,4833700,69,,,-4000.0,0.0,0.0,1596.0,2.0,,finmind,2026-07-17T14:45:12.238574+08:00
2016-08-04,60.0,61.5,59.9,60.5,195200,11832800,156,,,-17000.0,0.0,0.0,1597.0,2.0,,finmind,2026-07-17T14:45:12.238574+08:00
2016-08-05,60.7,61.0,60.1,60.2,82070,4974356,69,,,4000.0,0.0,0.0,1595.0,2.0,,finmind,2026-07-17T14:45:12.238574+08:00
2016-08-08,59.9,61.1,59.9,60.2,63000,3807900,52,,,3000.0,0.0,0.0,1588.0,2.0,,finmind,2026-07-17T14:45:12.238574+08:00
2016-08-09,60.5,60.6,59.7,59.7,88060,5289200,69,,,-1000.0,0.0,0.0,1553.0,2.0,,finmind,2026-07-17T14:45:12.238574+08:00
2016-08-10,60.0,63.8,59.5,63.0,701200,44034280,533,,,-7000.0,0.0,0.0,1582.0,1.0,,finmind,2026-07-17T14:45:12.238574+08:00
2016-08-11,63.5,65.1,61.6,62.6,524300,33214420,392,,,-27290.0,0.0,0.0,1576.0,2.0,,finmind,2026-07-17T14:45:12.238574+08:00
2016-08-12,63.0,63.0,61.2,61.5,166810,10335415,141,,,-11610.0,0.0,0.0,1571.0,1.0,,finmind,2026-07-17T14:45:12.238574+08:00
2016-08-15,64.0,67.6,63.5,67.6,2150033,143501227,1384,,,69000.0,0.0,0.0,1813.0,16.0,,finmind,2026-07-17T14:45:12.238574+08:00
2016-08-16,68.2,68.8,66.6,68.8,1524700,103397280,1111,,,-96380.0,50000.0,0.0,1756.0,16.0,,finmind,2026-07-17T14:45:12.238574+08:00
2016-08-17,69.5,70.4,66.8,67.1,1311706,89967295,1014,,,-43294.0,0.0,-15000.0,1850.0,10.0,,finmind,2026-07-17T14:45:12.238574+08:00
2016-08-18,67.6,68.1,66.8,68.0,453310,30590173,354,,,-21000.0,0.0,0.0,1816.0,8.0,,finmind,2026-07-17T14:45:12.238574+08:00
2016-08-19,68.0,68.4,66.1,66.1,530948,35498380,430,,,-22758.0,0.0,0.0,1785.0,3.0,,finmind,2026-07-17T14:45:12.238574+08:00
2016-08-22,66.1,66.4,64.5,65.1,365758,23767508,283,,,0.0,0.0,0.0,1798.0,3.0,,finmind,2026-07-17T14:45:12.238574+08:00
2016-08-23,65.2,65.7,65.0,65.0,217050,14130300,171,,,-11000.0,0.0,0.0,1781.0,3.0,,finmind,2026-07-17T14:45:12.238574+08:00
2016-08-24,65.0,67.4,64.7,66.4,612200,40826979,494,,,-3000.0,0.0,0.0,1806.0,8.0,,finmind,2026-07-17T14:45:12.238574+08:00
2016-08-25,66.4,66.7,65.4,65.6,349293,22987024,340,,,850.0,0.0,0.0,1825.0,4.0,,finmind,2026-07-17T14:45:12.238574+08:00
2016-08-26,65.5,67.0,65.3,66.0,315230,20838044,309,,,-5150.0,0.0,0.0,1808.0,4.0,,finmind,2026-07-17T14:45:12.238574+08:00
2016-08-29,66.1,66.4,65.3,65.6,154250,10132800,172,,,-12500.0,0.0,-2000.0,1791.0,3.0,,finmind,2026-07-17T14:45:12.238574+08:00
2016-08-30,66.2,71.6,66.1,69.5,2624940,182403622,2079,,,57000.0,0.0,0.0,1971.0,31.0,,finmind,2026-07-17T14:45:12.238574+08:00
2016-08-31,69.4,70.7,68.6,69.5,921155,64096495,740,,,-2000.0,0.0,0.0,1966.0,29.0,,finmind,2026-07-17T14:45:12.238574+08:00
2016-09-01,70.1,70.9,69.0,70.2,717486,50298967,575,,,7000.0,0.0,0.0,2024.0,28.0,,finmind,2026-07-17T14:45:12.238574+08:00
2016-09-02,71.2,73.8,69.9,69.9,1912254,137469947,1497,,,-41000.0,0.0,0.0,2200.0,29.0,,finmind,2026-07-17T14:45:12.238574+08:00
2016-09-05,69.5,70.9,69.0,70.0,613850,42850875,466,,,32850.0,0.0,0.0,2191.0,29.0,,finmind,2026-07-17T14:45:12.238574+08:00
2016-09-06,70.0,71.2,69.6,71.2,412313,28986661,365,,,39000.0,0.0,0.0,2155.0,32.0,,finmind,2026-07-17T14:45:12.238574+08:00
2016-09-07,71.8,73.5,70.0,70.0,893306,63896152,754,,,-30000.0,0.0,0.0,2115.0,26.0,,finmind,2026-07-17T14:45:12.238574+08:00
2016-09-08,70.2,70.6,69.4,69.4,366743,25614058,319,,,1000.0,0.0,0.0,2121.0,25.0,,finmind,2026-07-17T14:45:12.238574+08:00
2016-09-09,69.7,70.8,69.4,70.6,334113,23439241,293,,,-2000.0,0.0,0.0,2157.0,24.0,,finmind,2026-07-17T14:45:12.238574+08:00
2016-09-10,69.6,69.8,68.4,68.7,396800,27363399,319,,,nan,nan,nan,2067.0,24.0,,finmind,2026-07-17T14:45:12.238574+08:00
2016-09-12,70.1,70.3,68.8,69.3,386736,26944102,326,,,-36000.0,0.0,0.0,2097.0,22.0,,finmind,2026-07-17T14:45:12.238574+08:00
2016-09-13,69.8,69.8,63.8,67.5,452957,30564182,345,,,-1000.0,0.0,0.0,1964.0,11.0,,finmind,2026-07-17T14:45:12.238574+08:00
2016-09-14,66.6,67.1,66.0,66.7,279355,18561585,195,,,-8000.0,0.0,0.0,1899.0,8.0,,finmind,2026-07-17T14:45:12.238574+08:00
2016-09-19,67.3,67.8,67.0,67.8,185807,12537349,165,,,8900.0,0.0,0.0,1899.0,10.0,,finmind,2026-07-17T14:45:12.238574+08:00
2016-09-20,67.0,68.0,67.0,67.5,138232,9339228,136,,,2000.0,0.0,0.0,1880.0,10.0,,finmind,2026-07-17T14:45:12.238574+08:00
2016-09-21,67.3,67.9,67.2,67.4,166800,11252319,144,,,4000.0,0.0,0.0,1835.0,8.0,,finmind,2026-07-17T14:45:12.238574+08:00
2016-09-22,68.2,68.3,67.5,67.8,166502,11296435,132,,,1000.0,0.0,0.0,1844.0,8.0,,finmind,2026-07-17T14:45:12.238574+08:00
2016-09-23,68.0,68.1,67.3,67.3,167950,11339950,141,,,2800.0,0.0,0.0,1851.0,10.0,,finmind,2026-07-17T14:45:12.238574+08:00
2016-09-26,67.1,67.3,66.2,66.2,128152,8528923,118,,,4000.0,0.0,0.0,1831.0,10.0,,finmind,2026-07-17T14:45:12.238574+08:00
2016-09-29,66.8,66.8,65.4,65.6,136454,8999981,124,,,-6000.0,0.0,0.0,1807.0,2.0,,finmind,2026-07-17T14:45:12.238574+08:00
2016-09-30,65.6,65.8,65.0,65.5,101922,6664490,98,,,2000.0,0.0,0.0,1796.0,4.0,,finmind,2026-07-17T14:45:12.238574+08:00
2016-10-03,66.6,66.6,65.4,65.6,164402,10808232,134,,,6000.0,0.0,1000.0,1782.0,4.0,,finmind,2026-07-17T14:45:12.238574+08:00
2016-10-04,66.0,66.6,66.0,66.5,111653,7408592,104,,,4125.0,0.0,-1000.0,1796.0,4.0,,finmind,2026-07-17T14:45:12.238574+08:00
2016-10-05,66.6,67.2,66.5,66.5,88554,5914041,82,,,1000.0,0.0,-250.0,1789.0,4.0,,finmind,2026-07-17T14:45:12.238574+08:00
2016-10-06,66.4,66.4,66.1,66.2,63340,4194640,56,,,12000.0,0.0,0.0,1777.0,3.0,,finmind,2026-07-17T14:45:12.238574+08:00
2016-10-07,66.4,66.4,65.3,65.5,98300,6464510,93,,,1000.0,0.0,0.0,1778.0,3.0,,finmind,2026-07-17T14:45:12.238574+08:00
2016-10-11,66.9,67.8,65.7,66.8,431954,28844552,357,,,-13000.0,0.0,1000.0,1831.0,4.0,,finmind,2026-07-17T14:45:12.238574+08:00
2016-10-12,66.2,66.4,65.5,65.5,211180,13928780,170,,,-1000.0,0.0,0.0,1844.0,3.0,,finmind,2026-07-17T14:45:12.238574+08:00
2016-10-13,66.0,66.0,65.5,65.6,112671,7401021,93,,,1000.0,0.0,-250.0,1856.0,3.0,,finmind,2026-07-17T14:45:12.238574+08:00
2016-10-14,65.8,65.8,62.5,62.5,378910,24245052,290,,,5000.0,0.0,0.0,1819.0,5.0,,finmind,2026-07-17T14:45:12.238574+08:00
2016-10-17,62.5,62.6,61.2,62.0,170755,10567110,152,,,9000.0,0.0,0.0,1833.0,5.0,,finmind,2026-07-17T14:45:12.238574+08:00
2016-10-18,61.5,62.4,61.3,62.3,113497,7037961,95,,,23000.0,0.0,0.0,1818.0,5.0,,finmind,2026-07-17T14:45:12.238574+08:00
2016-10-19,62.0,63.8,62.0,63.3,130975,8280017,117,,,36000.0,0.0,16000.0,1787.0,5.0,,finmind,2026-07-17T14:45:12.238574+08:00
2016-10-20,64.0,64.3,63.1,63.3,80600,5127059,78,,,30000.0,0.0,-1000.0,1788.0,7.0,,finmind,2026-07-17T14:45:12.238574+08:00
2016-10-21,63.3,63.6,63.1,63.2,78000,4936600,70,,,25000.0,0.0,0.0,1782.0,10.0,,finmind,2026-07-17T14:45:12.238574+08:00
2016-10-24,63.2,63.2,62.8,62.9,63125,3974099,57,,,24242.0,0.0,0.0,1793.0,6.0,,finmind,2026-07-17T14:45:12.238574+08:00
2016-10-25,63.0,63.6,62.9,63.2,91950,5818434,87,,,15000.0,0.0,1000.0,1815.0,6.0,,finmind,2026-07-17T14:45:12.238574+08:00
2016-10-26,63.3,63.3,61.8,62.5,159600,9969159,130,,,34000.0,0.0,0.0,1838.0,6.0,,finmind,2026-07-17T14:45:12.238574+08:00
2016-10-27,63.0,64.6,63.0,64.0,302347,19335908,242,,,73000.0,0.0,-1000.0,1810.0,7.0,,finmind,2026-07-17T14:45:12.238574+08:00
2016-10-28,64.6,64.6,63.2,63.2,71602,4555845,70,,,29000.0,0.0,1000.0,1794.0,7.0,,finmind,2026-07-17T14:45:12.238574+08:00
2016-10-31,63.2,63.4,62.4,63.4,72352,4548705,63,,,16000.0,0.0,0.0,1791.0,7.0,,finmind,2026-07-17T14:45:12.238574+08:00
2016-11-01,63.0,64.5,62.9,63.6,92250,5883225,82,,,24000.0,0.0,0.0,1794.0,7.0,,finmind,2026-07-17T14:45:12.238574+08:00
2016-11-02,63.6,63.7,62.4,62.5,86296,5424540,76,,,27000.0,0.0,1000.0,1785.0,7.0,,finmind,2026-07-17T14:45:12.238574+08:00
2016-11-03,63.0,63.0,62.2,62.8,142750,8943099,107,,,50000.0,0.0,0.0,1761.0,7.0,,finmind,2026-07-17T14:45:12.238574+08:00
2016-11-04,62.8,63.0,62.0,62.3,44436,2782761,39,,,13000.0,0.0,0.0,1741.0,7.0,,finmind,2026-07-17T14:45:12.238574+08:00
2016-11-07,63.0,63.3,62.7,62.7,59550,3757650,64,,,38000.0,0.0,0.0,1731.0,7.0,,finmind,2026-07-17T14:45:12.238574+08:00
2016-11-08,62.8,65.5,62.8,63.8,207514,13323591,181,,,75000.0,0.0,0.0,1750.0,6.0,,finmind,2026-07-17T14:45:12.238574+08:00
2016-11-09,64.9,65.0,62.2,62.2,204600,12912619,165,,,76000.0,0.0,-1000.0,1693.0,6.0,,finmind,2026-07-17T14:45:12.238574+08:00
2016-11-10,62.9,65.4,62.9,65.2,242418,15683944,189,,,90000.0,0.0,0.0,1671.0,6.0,,finmind,2026-07-17T14:45:12.238574+08:00
2016-11-11,64.8,64.8,63.0,63.0,248467,15845921,209,,,-21000.0,0.0,0.0,1674.0,5.0,,finmind,2026-07-17T14:45:12.238574+08:00
2016-11-14,63.0,63.6,62.0,63.3,148100,9324500,132,,,-8000.0,0.0,0.0,1682.0,7.0,,finmind,2026-07-17T14:45:12.238574+08:00
2016-11-15,63.0,63.4,62.8,62.8,74002,4669822,67,,,-4050.0,0.0,0.0,1672.0,8.0,,finmind,2026-07-17T14:45:12.238574+08:00
2016-11-16,62.6,63.2,62.5,62.6,106073,6660055,87,,,-1000.0,-10000.0,0.0,1696.0,10.0,,finmind,2026-07-17T14:45:12.238574+08:00
2016-11-17,62.6,62.6,61.9,61.9,107650,6690473,103,,,0.0,-10000.0,0.0,1690.0,14.0,,finmind,2026-07-17T14:45:12.238574+08:00
2016-11-18,61.9,63.7,61.9,63.2,175600,11016060,156,,,52000.0,-10000.0,-16000.0,1698.0,14.0,,finmind,2026-07-17T14:45:12.238574+08:00
2016-11-21,63.2,63.4,63.0,63.1,81912,5173756,69,,,8000.0,-10000.0,0.0,1715.0,13.0,,finmind,2026-07-17T14:45:12.238574+08:00
2016-11-22,63.1,63.6,62.8,63.1,102900,6506600,86,,,10100.0,-10000.0,0.0,1740.0,6.0,,finmind,2026-07-17T14:45:12.238574+08:00
2016-11-23,63.2,63.2,62.4,62.5,146705,9200660,125,,,52000.0,0.0,0.0,1748.0,6.0,,finmind,2026-07-17T14:45:12.238574+08:00
2016-11-24,62.5,64.5,62.5,63.9,251058,16007799,210,,,24999.0,0.0,0.0,1713.0,6.0,,finmind,2026-07-17T14:45:12.238574+08:00
2016-11-25,64.2,64.7,63.3,64.0,116600,7443340,97,,,-2000.0,0.0,0.0,1722.0,1.0,,finmind,2026-07-17T14:45:12.238574+08:00
2016-11-28,64.1,64.1,63.5,63.7,79419,5064047,75,,,2000.0,0.0,0.0,1705.0,1.0,,finmind,2026-07-17T14:45:12.238574+08:00
2016-11-29,63.2,63.7,63.0,63.3,80680,5109079,71,,,12000.0,0.0,0.0,1699.0,1.0,,finmind,2026-07-17T14:45:12.238574+08:00
2016-11-30,63.4,63.4,63.0,63.1,91700,5794870,69,,,9000.0,0.0,0.0,1716.0,1.0,,finmind,2026-07-17T14:45:12.238574+08:00
2016-12-01,63.1,63.8,63.1,63.6,47766,3033617,50,,,8000.0,0.0,0.0,1710.0,1.0,,finmind,2026-07-17T14:45:12.238574+08:00
2016-12-02,63.6,63.6,63.1,63.3,57150,3617424,50,,,6000.0,0.0,0.0,1720.0,1.0,,finmind,2026-07-17T14:45:12.238574+08:00
2016-12-05,63.8,63.8,63.0,63.1,46500,2939900,42,,,4000.0,0.0,0.0,1718.0,1.0,,finmind,2026-07-17T14:45:12.238574+08:00
2016-12-06,63.4,63.7,63.3,63.4,49300,3131250,48,,,6000.0,0.0,0.0,1714.0,1.0,,finmind,2026-07-17T14:45:12.238574+08:00
2016-12-07,63.4,64.6,63.4,64.6,104900,6713940,99,,,15000.0,0.0,0.0,1736.0,1.0,,finmind,2026-07-17T14:45:12.238574+08:00
2016-12-08,64.9,65.4,64.6,64.8,157300,10208910,127,,,0.0,0.0,0.0,1754.0,1.0,,finmind,2026-07-17T14:45:12.238574+08:00
2016-12-09,64.7,65.3,64.2,64.9,83502,5409927,78,,,27000.0,0.0,0.0,1732.0,1.0,,finmind,2026-07-17T14:45:12.238574+08:00
2016-12-12,67.5,71.3,67.3,71.3,3734442,263904900,1714,,,43000.0,0.0,0.0,2263.0,3.0,,finmind,2026-07-17T14:45:12.238574+08:00
2016-12-13,72.0,72.8,69.0,69.9,1588159,112694229,1164,,,-14000.0,0.0,0.0,2315.0,10.0,,finmind,2026-07-17T14:45:12.238574+08:00
2016-12-14,69.5,70.3,69.0,70.1,690350,48107500,501,,,6000.0,0.0,0.0,2298.0,13.0,,finmind,2026-07-17T14:45:12.238574+08:00
2016-12-15,70.5,72.6,68.5,68.5,1290630,91082451,960,,,-35000.0,0.0,0.0,2395.0,3.0,,finmind,2026-07-17T14:45:12.238574+08:00
2016-12-16,68.6,69.3,67.5,67.7,500250,34086049,420,,,9000.0,0.0,1000.0,2368.0,3.0,,finmind,2026-07-17T14:45:12.238574+08:00
2016-12-19,67.7,68.9,67.3,67.3,272150,18507810,233,,,1000.0,0.0,0.0,2379.0,4.0,,finmind,2026-07-17T14:45:12.238574+08:00
2016-12-20,67.8,67.9,66.6,67.0,263725,17712375,192,,,22000.0,0.0,0.0,2368.0,4.0,,finmind,2026-07-17T14:45:12.238574+08:00
2016-12-21,67.4,69.8,67.4,67.9,736200,50700520,509,,,3000.0,0.0,-1000.0,2347.0,3.0,,finmind,2026-07-17T14:45:12.238574+08:00
2016-12-22,68.2,68.8,66.7,66.7,240310,16249576,205,,,-3000.0,0.0,0.0,2344.0,4.0,,finmind,2026-07-17T14:45:12.238574+08:00
2016-12-23,66.7,67.7,66.7,66.9,145231,9736430,124,,,nan,nan,nan,2337.0,4.0,,finmind,2026-07-17T14:45:12.238574+08:00
2016-12-26,67.0,67.8,67.0,67.2,116250,7820399,94,,,-4000.0,0.0,0.0,2367.0,3.0,,finmind,2026-07-17T14:45:12.238574+08:00
2016-12-27,67.1,67.2,66.5,67.0,224650,15052990,126,,,-5000.0,0.0,0.0,2370.0,1.0,,finmind,2026-07-17T14:45:12.238574+08:00
2016-12-28,66.8,68.4,66.6,67.1,569990,38409630,325,,,31000.0,0.0,-1000.0,2414.0,1.0,,finmind,2026-07-17T14:45:12.238574+08:00
2016-12-29,66.8,68.3,66.8,67.6,254999,17246329,167,,,-10000.0,0.0,0.0,2398.0,11.0,,finmind,2026-07-17T14:45:12.238574+08:00
2016-12-30,67.6,68.3,67.3,67.3,145349,9838083,120,,,4000.0,0.0,0.0,2385.0,1.0,,finmind,2026-07-17T14:45:12.238574+08:00
2017-01-03,67.6,68.5,67.6,68.5,219107,14930884,193,,,68000.0,0.0,0.0,2376.0,0.0,,finmind,2026-07-17T14:45:12.238574+08:00
2017-01-04,69.3,69.4,68.7,68.8,358804,24749214,273,,,86000.0,0.0,0.0,2355.0,0.0,,finmind,2026-07-17T14:45:12.238574+08:00
2017-01-05,69.1,70.5,68.9,70.3,819100,57087100,552,,,128000.0,0.0,0.0,2263.0,0.0,,finmind,2026-07-17T14:45:12.238574+08:00
2017-01-06,70.6,72.5,69.3,69.4,885286,62709644,649,,,-3000.0,0.0,0.0,2264.0,0.0,,finmind,2026-07-17T14:45:12.238574+08:00
2017-01-09,69.5,69.8,68.5,69.8,275632,19088323,201,,,-11000.0,0.0,0.0,2210.0,0.0,,finmind,2026-07-17T14:45:12.238574+08:00
2017-01-10,68.5,69.1,67.3,68.1,460272,31400422,311,,,-2000.0,0.0,0.0,2153.0,122.0,,finmind,2026-07-17T14:45:12.238574+08:00
2017-01-11,68.0,68.0,66.5,66.7,354488,23737996,268,,,-32000.0,0.0,0.0,2117.0,119.0,,finmind,2026-07-17T14:45:12.238574+08:00
2017-01-12,66.8,67.4,65.5,66.1,254515,16880847,207,,,-3000.0,0.0,-5000.0,2078.0,136.0,,finmind,2026-07-17T14:45:12.238574+08:00
2017-01-13,66.5,66.5,65.6,66.0,164200,10843359,96,,,-8000.0,0.0,-6000.0,2092.0,139.0,,finmind,2026-07-17T14:45:12.238574+08:00
2017-01-16,66.1,66.1,65.5,66.0,48453,3192398,41,,,-3000.0,0.0,0.0,2097.0,146.0,,finmind,2026-07-17T14:45:12.238574+08:00
2017-01-17,66.0,66.5,65.3,66.5,141551,9304866,113,,,-2000.0,0.0,-3000.0,2091.0,135.0,,finmind,2026-07-17T14:45:12.238574+08:00
2017-01-18,66.5,67.3,66.3,66.9,130200,8704680,102,,,46000.0,0.0,0.0,2061.0,143.0,,finmind,2026-07-17T14:45:12.238574+08:00
2017-01-19,67.3,67.7,67.0,67.2,206183,13880502,173,,,72738.0,0.0,-5000.0,2053.0,160.0,,finmind,2026-07-17T14:45:12.238574+08:00
2017-01-20,67.5,68.0,67.0,67.0,141374,9549658,123,,,39000.0,0.0,0.0,2026.0,147.0,,finmind,2026-07-17T14:45:12.238574+08:00
2017-01-23,67.5,70.5,67.0,70.3,1075674,74729939,736,,,-12000.0,0.0,-4000.0,2186.0,242.0,,finmind,2026-07-17T14:45:12.238574+08:00
2017-01-24,70.3,71.4,69.5,69.5,869694,61119130,716,,,-5000.0,0.0,0.0,2057.0,226.0,,finmind,2026-07-17T14:45:12.238574+08:00
2017-02-02,70.1,70.1,68.5,68.9,306535,21143346,219,,,-9000.0,0.0,0.0,2065.0,180.0,,finmind,2026-07-17T14:45:12.238574+08:00
2017-02-03,69.2,70.8,68.8,69.8,743372,52140213,564,,,22000.0,0.0,0.0,2189.0,210.0,,finmind,2026-07-17T14:45:12.238574+08:00
2017-02-06,70.1,70.2,69.1,69.6,239313,16685957,200,,,-4000.0,0.0,0.0,2216.0,192.0,,finmind,2026-07-17T14:45:12.238574+08:00
2017-02-07,69.6,72.5,69.5,72.5,1689405,120859495,1241,,,4300.0,0.0,-1000.0,2423.0,223.0,,finmind,2026-07-17T14:45:12.238574+08:00
2017-02-08,72.5,73.7,71.4,71.5,1794237,129550947,1194,,,-21000.0,0.0,0.0,2544.0,191.0,,finmind,2026-07-17T14:45:12.238574+08:00
2017-02-09,70.8,70.8,69.0,69.2,881977,61530505,709,,,-13000.0,0.0,0.0,2338.0,167.0,,finmind,2026-07-17T14:45:12.238574+08:00
2017-02-10,69.8,70.3,68.8,68.8,272527,18953606,245,,,-17000.0,0.0,0.0,2317.0,178.0,,finmind,2026-07-17T14:45:12.238574+08:00
2017-02-13,67.8,68.7,67.6,67.9,474709,32251030,367,,,16000.0,0.0,0.0,2252.0,159.0,,finmind,2026-07-17T14:45:12.238574+08:00
2017-02-14,68.9,69.0,68.0,68.0,184454,12640189,159,,,-16000.0,0.0,0.0,2290.0,161.0,,finmind,2026-07-17T14:45:12.238574+08:00
2017-02-15,68.0,68.5,67.8,68.3,214300,14605650,164,,,17000.0,0.0,0.0,2245.0,157.0,,finmind,2026-07-17T14:45:12.238574+08:00
2017-02-16,68.3,68.4,67.6,67.7,202364,13742452,177,,,6000.0,0.0,0.0,2251.0,159.0,,finmind,2026-07-17T14:45:12.238574+08:00
2017-02-17,68.0,68.5,67.6,68.2,179432,12205992,145,,,2000.0,0.0,7000.0,2212.0,182.0,,finmind,2026-07-17T14:45:12.238574+08:00
2017-02-18,68.3,68.6,68.0,68.3,152557,10423220,130,,,nan,nan,nan,2191.0,181.0,,finmind,2026-07-17T14:45:12.238574+08:00
2017-02-20,68.4,69.4,68.4,68.5,221600,15272560,187,,,-1700.0,0.0,0.0,2185.0,187.0,,finmind,2026-07-17T14:45:12.238574+08:00
2017-02-21,68.3,68.3,66.1,66.9,387561,26039752,313,,,-12000.0,0.0,0.0,2127.0,201.0,,finmind,2026-07-17T14:45:12.238574+08:00
2017-02-22,66.9,68.5,66.4,67.3,260810,17588654,214,,,-11000.0,0.0,0.0,2138.0,226.0,,finmind,2026-07-17T14:45:12.238574+08:00
2017-02-23,67.6,68.1,66.5,66.7,177290,11889357,161,,,-1000.0,0.0,0.0,2154.0,271.0,,finmind,2026-07-17T14:45:12.238574+08:00
2017-02-24,66.7,67.7,66.4,67.0,315868,21141749,304,,,-3472.0,0.0,0.0,2164.0,141.0,,finmind,2026-07-17T14:45:12.238574+08:00
2017-03-01,67.0,67.0,66.5,66.5,242353,16163470,192,,,-2000.0,0.0,0.0,2126.0,115.0,,finmind,2026-07-17T14:45:12.238574+08:00
2017-03-02,66.7,66.9,66.3,66.4,131806,8771697,137,,,-2000.0,0.0,0.0,2144.0,115.0,,finmind,2026-07-17T14:45:12.238574+08:00
2017-03-03,66.5,66.6,66.3,66.4,110731,7358530,106,,,nan,nan,nan,2159.0,112.0,,finmind,2026-07-17T14:45:12.238574+08:00
2017-03-06,67.1,67.7,66.6,66.9,191104,12840211,151,,,-8000.0,0.0,0.0,2188.0,112.0,,finmind,2026-07-17T14:45:12.238574+08:00
2017-03-07,67.3,69.2,66.7,69.0,961661,65930663,609,,,22000.0,0.0,0.0,2206.0,119.0,,finmind,2026-07-17T14:45:12.238574+08:00
2017-03-08,68.8,69.6,68.6,68.7,709723,49149833,492,,,-3000.0,0.0,0.0,2244.0,120.0,,finmind,2026-07-17T14:45:12.238574+08:00
2017-03-09,68.7,68.7,67.7,68.0,212525,14473500,173,,,-5000.0,0.0,0.0,2270.0,118.0,,finmind,2026-07-17T14:45:12.238574+08:00
2017-03-10,68.2,68.2,66.8,67.1,175417,11782575,149,,,-9000.0,0.0,0.0,2255.0,117.0,,finmind,2026-07-17T14:45:12.238574+08:00
2017-03-13,67.3,67.8,67.3,67.8,121069,8187368,107,,,2000.0,0.0,0.0,2264.0,119.0,,finmind,2026-07-17T14:45:12.238574+08:00
2017-03-14,67.7,68.4,67.7,68.0,94035,6394780,92,,,1000.0,0.0,0.0,2259.0,119.0,,finmind,2026-07-17T14:45:12.238574+08:00
2017-03-15,68.3,68.3,67.8,67.8,85346,5798392,79,,,5000.0,0.0,0.0,2258.0,120.0,,finmind,2026-07-17T14:45:12.238574+08:00
2017-03-16,67.9,68.6,67.9,68.3,257389,17582352,203,,,7000.0,0.0,0.0,2311.0,110.0,,finmind,2026-07-17T14:45:12.238574+08:00
2017-03-17,68.6,70.3,68.6,69.8,950957,66207406,597,,,42000.0,0.0,-5000.0,2339.0,119.0,,finmind,2026-07-17T14:45:12.238574+08:00
2017-03-20,70.0,71.8,69.6,71.5,1182518,83504570,821,,,-17385.0,0.0,-23000.0,2411.0,125.0,,finmind,2026-07-17T14:45:12.238574+08:00
2017-03-21,72.3,73.7,70.5,70.5,2362108,170819103,1723,,,-44292.0,0.0,-10000.0,2478.0,153.0,,finmind,2026-07-17T14:45:12.238574+08:00
2017-03-22,70.0,70.9,69.3,69.9,751817,52737803,470,,,32000.0,0.0,5000.0,2547.0,147.0,,finmind,2026-07-17T14:45:12.238574+08:00
2017-03-23,71.0,71.0,69.8,70.1,319946,22458927,253,,,-20000.0,0.0,0.0,2478.0,145.0,,finmind,2026-07-17T14:45:12.238574+08:00
2017-03-24,71.4,71.6,70.2,70.3,568557,40262490,415,,,9000.0,0.0,0.0,2567.0,145.0,,finmind,2026-07-17T14:45:12.238574+08:00
2017-03-27,70.6,72.0,70.2,70.2,664022,47163628,519,,,-3000.0,0.0,97000.0,2485.0,80.0,,finmind,2026-07-17T14:45:12.238574+08:00
2017-03-28,71.0,71.0,67.6,68.6,483720,33319000,354,,,0.0,0.0,20000.0,2411.0,77.0,,finmind,2026-07-17T14:45:12.238574+08:00
2017-03-29,69.5,69.5,68.6,69.0,220906,15243714,158,,,20000.0,0.0,0.0,2399.0,77.0,,finmind,2026-07-17T14:45:12.238574+08:00
2017-03-30,69.2,69.7,68.6,69.3,235000,16287400,161,,,20000.0,0.0,0.0,2426.0,59.0,,finmind,2026-07-17T14:45:12.238574+08:00
2017-03-31,69.8,69.8,69.3,69.4,161157,11191633,128,,,16000.0,0.0,0.0,2309.0,54.0,,finmind,2026-07-17T14:45:12.238574+08:00
2017-04-05,69.6,71.4,69.6,70.8,381591,26997404,280,,,41000.0,0.0,0.0,2299.0,53.0,,finmind,2026-07-17T14:45:12.238574+08:00
2017-04-06,70.8,73.2,70.8,72.0,1502059,108424729,941,,,31000.0,266000.0,-98000.0,2378.0,50.0,,finmind,2026-07-17T14:45:12.238574+08:00
2017-04-07,75.2,79.2,74.3,79.2,4155649,320149156,2645,,,28000.0,129000.0,5000.0,3055.0,67.0,,finmind,2026-07-17T14:45:12.238574+08:00
2017-04-10,82.5,86.8,81.8,82.6,7162900,599188952,4666,,,66000.0,0.0,7000.0,3259.0,3.0,,finmind,2026-07-17T14:45:12.238574+08:00
2017-04-11,83.3,85.1,79.5,80.0,3340376,275242789,2459,,,60000.0,0.0,-4000.0,3557.0,0.0,,finmind,2026-07-17T14:45:12.238574+08:00
2017-04-12,81.0,83.0,79.5,82.2,2641811,215186744,1903,,,37000.0,0.0,27000.0,3722.0,0.0,,finmind,2026-07-17T14:45:12.238574+08:00
2017-04-13,81.8,85.0,77.7,78.0,2784060,226849380,2030,,,-2000.0,69000.0,2000.0,3368.0,0.0,,finmind,2026-07-17T14:45:12.238574+08:00
2017-04-14,78.0,79.0,74.3,74.5,2157010,165389021,1524,,,75000.0,0.0,20000.0,3378.0,42.0,,finmind,2026-07-17T14:45:12.238574+08:00
2017-04-17,75.3,75.5,71.6,73.7,1367256,100688215,1016,,,44000.0,0.0,-26000.0,3389.0,51.0,,finmind,2026-07-17T14:45:12.238574+08:00
2017-04-18,75.0,76.6,74.2,74.4,1408518,106079738,1103,,,-175000.0,0.0,0.0,3444.0,114.0,,finmind,2026-07-17T14:45:12.238574+08:00
2017-04-19,73.8,74.5,72.3,72.5,904050,66297850,675,,,-101000.0,0.0,-3000.0,3449.0,85.0,,finmind,2026-07-17T14:45:12.238574+08:00
2017-04-20,73.3,76.4,72.7,75.3,2074676,155519900,1586,,,-101000.0,0.0,4000.0,3479.0,173.0,,finmind,2026-07-17T14:45:12.238574+08:00
2017-04-21,76.0,77.5,74.0,76.1,1836882,139416165,1367,,,-32000.0,0.0,-8000.0,3543.0,207.0,,finmind,2026-07-17T14:45:12.238574+08:00
2017-04-24,76.5,76.6,74.7,75.1,583533,44026168,444,,,2000.0,0.0,1000.0,3574.0,186.0,,finmind,2026-07-17T14:45:12.238574+08:00
2017-04-25,76.5,78.5,74.1,74.5,1798731,137572257,1339,,,8000.0,109000.0,0.0,3466.0,188.0,,finmind,2026-07-17T14:45:12.238574+08:00
2017-04-26,75.2,76.7,75.2,75.8,876470,66474129,703,,,136000.0,0.0,1000.0,3480.0,194.0,,finmind,2026-07-17T14:45:12.238574+08:00
2017-04-27,76.0,76.3,74.8,74.8,541718,40729003,426,,,-29000.0,0.0,0.0,3389.0,189.0,,finmind,2026-07-17T14:45:12.238574+08:00
2017-04-28,75.0,75.6,74.5,74.7,377480,28262016,305,,,2000.0,0.0,0.0,3329.0,183.0,,finmind,2026-07-17T14:45:12.238574+08:00
2017-05-02,75.4,75.6,74.8,75.4,298502,22454049,227,,,3000.0,0.0,0.0,3405.0,179.0,,finmind,2026-07-17T14:45:12.238574+08:00
2017-05-03,75.7,78.2,75.3,76.0,889736,68381881,734,,,-8000.0,0.0,4000.0,3462.0,203.0,,finmind,2026-07-17T14:45:12.238574+08:00
2017-05-04,76.3,76.5,75.3,75.3,325278,24588789,260,,,-11000.0,0.0,0.0,3442.0,192.0,,finmind,2026-07-17T14:45:12.238574+08:00
2017-05-05,75.3,75.3,72.6,72.6,907901,66441099,704,,,-3000.0,0.0,-5000.0,3259.0,131.0,,finmind,2026-07-17T14:45:12.238574+08:00
2017-05-08,72.7,73.3,71.9,72.0,276264,20007660,210,,,7000.0,0.0,0.0,3183.0,125.0,,finmind,2026-07-17T14:45:12.238574+08:00
2017-05-09,71.7,72.2,68.8,68.9,772785,54029490,597,,,7000.0,0.0,-12000.0,3150.0,89.0,,finmind,2026-07-17T14:45:12.238574+08:00
2017-05-10,69.3,70.8,69.3,70.4,277424,19489690,243,,,24000.0,0.0,0.0,3125.0,103.0,,finmind,2026-07-17T14:45:12.238574+08:00
2017-05-11,70.4,71.2,69.8,70.0,219342,15432507,190,,,-12000.0,0.0,0.0,3098.0,98.0,,finmind,2026-07-17T14:45:12.238574+08:00
2017-05-12,70.2,70.6,69.8,69.9,194802,13659440,150,,,3000.0,0.0,0.0,3048.0,96.0,,finmind,2026-07-17T14:45:12.238574+08:00
2017-05-15,70.2,71.7,70.0,71.0,293402,20798280,236,,,3000.0,0.0,4000.0,3094.0,113.0,,finmind,2026-07-17T14:45:12.238574+08:00
2017-05-16,70.0,70.0,67.9,68.2,985041,67636503,727,,,2000.0,0.0,-33000.0,2965.0,54.0,,finmind,2026-07-17T14:45:12.238574+08:00
2017-05-17,67.7,68.2,67.7,68.1,214160,14543799,172,,,15000.0,0.0,0.0,2908.0,50.0,,finmind,2026-07-17T14:45:12.238574+08:00
2017-05-18,67.6,69.2,67.5,68.4,196578,13473732,183,,,11000.0,0.0,0.0,2877.0,53.0,,finmind,2026-07-17T14:45:12.238574+08:00
2017-05-19,68.7,69.6,68.6,68.6,169591,11707388,143,,,-12000.0,0.0,0.0,2893.0,53.0,,finmind,2026-07-17T14:45:12.238574+08:00
2017-05-22,69.6,69.6,68.1,68.1,137391,9427743,119,,,-31000.0,0.0,0.0,2873.0,54.0,,finmind,2026-07-17T14:45:12.238574+08:00
2017-05-23,68.6,68.8,68.1,68.1,121285,8297950,100,,,-7000.0,0.0,0.0,2870.0,54.0,,finmind,2026-07-17T14:45:12.238574+08:00
2017-05-24,68.2,68.3,67.0,67.1,368892,24951639,312,,,0.0,0.0,0.0,2813.0,52.0,,finmind,2026-07-17T14:45:12.238574+08:00
2017-05-25,67.2,68.3,67.2,67.7,239700,16278868,160,,,2000.0,0.0,0.0,2815.0,36.0,,finmind,2026-07-17T14:45:12.238574+08:00
2017-05-26,68.1,68.4,67.8,68.4,121517,8288214,100,,,-3000.0,0.0,0.0,2829.0,31.0,,finmind,2026-07-17T14:45:12.238574+08:00
2017-05-31,68.5,69.2,68.2,68.2,116183,7961835,103,,,6000.0,0.0,0.0,2812.0,31.0,,finmind,2026-07-17T14:45:12.238574+08:00
2017-06-01,68.2,68.3,67.6,68.0,101573,6914121,92,,,2000.0,0.0,-1000.0,2820.0,32.0,,finmind,2026-07-17T14:45:12.238574+08:00
2017-06-02,68.4,68.6,68.3,68.4,120742,8270750,97,,,7000.0,0.0,0.0,2789.0,32.0,,finmind,2026-07-17T14:45:12.238574+08:00
2017-06-03,68.5,69.1,68.5,69.1,117316,8087230,107,,,nan,nan,nan,2792.0,26.0,,finmind,2026-07-17T14:45:12.238574+08:00
2017-06-05,69.3,69.6,68.8,69.1,205284,14208481,134,,,1000.0,0.0,0.0,2766.0,26.0,,finmind,2026-07-17T14:45:12.238574+08:00
2017-06-06,69.3,69.4,68.3,68.3,173350,11898203,148,,,-49000.0,0.0,-1000.0,2783.0,26.0,,finmind,2026-07-17T14:45:12.238574+08:00
2017-06-07,68.8,68.8,67.2,67.5,227117,15381056,166,,,-18000.0,0.0,3000.0,2758.0,25.0,,finmind,2026-07-17T14:45:12.238574+08:00
2017-06-08,67.6,68.0,67.5,67.6,86492,5857905,79,,,-3000.0,0.0,0.0,2758.0,19.0,,finmind,2026-07-17T14:45:12.238574+08:00
2017-06-09,67.7,68.3,67.3,67.9,108471,7344028,90,,,-10000.0,0.0,0.0,2756.0,19.0,,finmind,2026-07-17T14:45:12.238574+08:00
2017-06-12,68.1,71.1,68.0,69.0,1040400,72487000,759,,,8000.0,0.0,1000.0,2817.0,34.0,,finmind,2026-07-17T14:45:12.238574+08:00
2017-06-13,69.7,70.8,69.1,69.6,363250,25388299,318,,,-8000.0,0.0,-1000.0,2843.0,34.0,,finmind,2026-07-17T14:45:12.238574+08:00
2017-06-14,70.0,70.4,68.3,69.0,308579,21347958,287,,,86000.0,0.0,0.0,2791.0,33.0,,finmind,2026-07-17T14:45:12.238574+08:00
2017-06-15,69.5,69.5,68.3,69.0,116050,7973350,95,,,1000.0,0.0,0.0,2737.0,33.0,,finmind,2026-07-17T14:45:12.238574+08:00
2017-06-16,69.0,69.3,68.6,68.8,83100,5727370,67,,,7000.0,0.0,0.0,2717.0,33.0,,finmind,2026-07-17T14:45:12.238574+08:00
2017-06-19,69.2,69.6,69.2,69.6,157459,10929113,122,,,2000.0,0.0,0.0,2726.0,33.0,,finmind,2026-07-17T14:45:12.238574+08:00
2017-06-20,69.6,69.6,68.8,68.8,121286,8392476,95,,,nan,nan,nan,2733.0,33.0,,finmind,2026-07-17T14:45:12.238574+08:00
2017-06-21,69.6,70.0,69.0,70.0,207300,14448150,163,,,8000.0,0.0,0.0,2735.0,33.0,,finmind,2026-07-17T14:45:12.238574+08:00
2017-06-22,70.0,70.1,69.1,69.6,197120,13714216,152,,,8000.0,0.0,1000.0,2732.0,33.0,,finmind,2026-07-17T14:45:12.238574+08:00
2017-06-23,69.5,69.7,69.0,69.1,83480,5778668,68,,,3000.0,0.0,0.0,2724.0,33.0,,finmind,2026-07-17T14:45:12.238574+08:00
2017-06-26,69.6,69.6,68.7,69.3,162058,11169519,128,,,16000.0,0.0,3000.0,2705.0,33.0,,finmind,2026-07-17T14:45:12.238574+08:00
2017-06-27,69.0,69.0,68.5,68.6,186669,12819993,157,,,-22000.0,0.0,-1000.0,2716.0,28.0,,finmind,2026-07-17T14:45:12.238574+08:00
2017-06-28,68.6,68.6,68.1,68.5,129129,8820375,112,,,1000.0,0.0,0.0,2691.0,28.0,,finmind,2026-07-17T14:45:12.238574+08:00
2017-06-29,68.5,68.9,68.3,68.3,75550,5180900,54,,,4000.0,0.0,0.0,2668.0,28.0,,finmind,2026-07-17T14:45:12.238574+08:00
2017-06-30,68.3,68.7,68.0,68.7,90100,6151169,56,,,-7000.0,0.0,0.0,2647.0,28.0,,finmind,2026-07-17T14:45:12.238574+08:00
2017-07-03,68.4,68.7,68.3,68.7,85325,5840528,73,,,4000.0,0.0,0.0,2630.0,28.0,,finmind,2026-07-17T14:45:12.238574+08:00
2017-07-04,68.9,69.1,68.0,68.1,147084,10067754,115,,,-6000.0,0.0,-2000.0,2612.0,28.0,,finmind,2026-07-17T14:45:12.238574+08:00
2017-07-05,68.5,68.7,68.1,68.4,64150,4383100,49,,,6000.0,0.0,0.0,2616.0,28.0,,finmind,2026-07-17T14:45:12.238574+08:00
2017-07-06,68.4,70.3,68.4,70.0,710175,49597662,463,,,5000.0,0.0,0.0,2684.0,30.0,,finmind,2026-07-17T14:45:12.238574+08:00
2017-07-07,69.6,70.7,69.2,70.6,583521,41067473,416,,,16000.0,0.0,-1000.0,2654.0,30.0,,finmind,2026-07-17T14:45:12.238574+08:00
2017-07-10,71.0,71.2,69.8,69.8,251622,17745289,202,,,-25000.0,0.0,0.0,2631.0,30.0,,finmind,2026-07-17T14:45:12.238574+08:00
2017-07-11,71.0,73.2,70.9,72.0,1111909,80213364,817,,,41000.0,0.0,1000.0,2728.0,34.0,,finmind,2026-07-17T14:45:12.238574+08:00
2017-07-12,72.6,74.4,72.6,74.2,1205602,89197821,923,,,326000.0,0.0,-2000.0,2679.0,36.0,,finmind,2026-07-17T14:45:12.238574+08:00
2017-07-13,75.2,75.6,74.2,74.4,872744,65234603,644,,,305000.0,0.0,7000.0,2514.0,33.0,,finmind,2026-07-17T14:45:12.238574+08:00
2017-07-14,75.4,76.2,74.4,75.2,715992,54033494,571,,,202000.0,0.0,0.0,2433.0,43.0,,finmind,2026-07-17T14:45:12.238574+08:00
2017-07-17,75.9,76.2,74.2,74.5,468220,35044289,354,,,99000.0,0.0,0.0,2409.0,43.0,,finmind,2026-07-17T14:45:12.238574+08:00
2017-07-18,74.9,75.7,73.6,75.6,609000,45449397,441,,,3000.0,0.0,3000.0,2476.0,49.0,,finmind,2026-07-17T14:45:12.238574+08:00
2017-07-19,75.7,76.7,75.0,75.0,500417,37962575,413,,,-2000.0,0.0,1000.0,2428.0,54.0,,finmind,2026-07-17T14:45:12.238574+08:00
2017-07-20,75.0,75.5,74.0,74.1,323480,24054065,258,,,4000.0,0.0,-3000.0,2434.0,52.0,,finmind,2026-07-17T14:45:12.238574+08:00
2017-07-21,73.7,75.0,73.7,74.3,245407,18261458,172,,,11000.0,0.0,0.0,2395.0,52.0,,finmind,2026-07-17T14:45:12.238574+08:00
2017-07-24,74.3,74.8,73.8,73.8,179100,13321378,153,,,-35000.0,0.0,0.0,2388.0,52.0,,finmind,2026-07-17T14:45:12.238574+08:00
2017-07-25,73.9,74.3,73.7,74.3,162530,12020677,110,,,22000.0,0.0,0.0,2384.0,52.0,,finmind,2026-07-17T14:45:12.238574+08:00
2017-07-26,74.3,75.1,74.3,74.6,246431,18396952,179,,,4000.0,0.0,1000.0,2344.0,52.0,,finmind,2026-07-17T14:45:12.238574+08:00
2017-07-27,75.0,75.5,74.7,75.3,309933,23298187,246,,,2000.0,0.0,1000.0,2360.0,52.0,,finmind,2026-07-17T14:45:12.238574+08:00
2017-07-28,75.5,75.8,73.8,74.1,291975,21808250,221,,,-15000.0,0.0,-2000.0,2339.0,39.0,,finmind,2026-07-17T14:45:12.238574+08:00
2017-07-31,74.0,74.4,73.4,74.2,167433,12392128,130,,,8000.0,0.0,0.0,2327.0,39.0,,finmind,2026-07-17T14:45:12.238574+08:00
2017-08-01,74.5,74.7,74.1,74.6,183350,13638608,136,,,15000.0,0.0,0.0,2337.0,29.0,,finmind,2026-07-17T14:45:12.238574+08:00
2017-08-02,75.0,78.9,74.8,78.5,1933810,149393635,1251,,,52000.0,0.0,0.0,2642.0,0.0,,finmind,2026-07-17T14:45:12.238574+08:00
2017-08-03,78.3,79.0,77.3,77.8,1235262,96564876,773,,,-55000.0,0.0,0.0,2575.0,0.0,,finmind,2026-07-17T14:45:12.238574+08:00
2017-08-04,78.4,80.1,78.1,79.5,2278394,180584015,1572,,,6000.0,0.0,-2000.0,2570.0,0.0,,finmind,2026-07-17T14:45:12.238574+08:00
2017-08-07,79.8,80.4,78.5,79.3,1155266,91644159,784,,,-60000.0,0.0,53000.0,2527.0,0.0,,finmind,2026-07-17T14:45:12.238574+08:00
2017-08-08,75.4,75.5,72.9,72.9,772302,57114276,582,,,-47000.0,0.0,-61000.0,2589.0,132.0,,finmind,2026-07-17T14:45:12.238574+08:00
2017-08-09,72.6,72.9,70.4,71.1,456410,32578791,346,,,1000.0,0.0,0.0,2555.0,137.0,,finmind,2026-07-17T14:45:12.238574+08:00
2017-08-10,72.0,72.0,68.1,68.2,516600,35743419,414,,,-16000.0,0.0,0.0,2560.0,126.0,,finmind,2026-07-17T14:45:12.238574+08:00
2017-08-11,67.6,68.8,67.1,68.8,388103,26401907,261,,,72000.0,-71000.0,3000.0,2569.0,123.0,,finmind,2026-07-17T14:45:12.238574+08:00
2017-08-14,67.1,67.3,62.0,62.0,1304422,82977246,926,,,42000.0,-125000.0,-2000.0,2471.0,111.0,,finmind,2026-07-17T14:45:12.238574+08:00
2017-08-15,62.6,63.5,62.1,62.2,347385,21715223,266,,,-9000.0,0.0,-4000.0,2434.0,101.0,,finmind,2026-07-17T14:45:12.238574+08:00
2017-08-16,62.2,62.2,60.5,60.5,437273,26774253,339,,,6000.0,0.0,0.0,2404.0,81.0,,finmind,2026-07-17T14:45:12.238574+08:00
2017-08-17,61.0,62.1,61.0,62.0,293150,18094390,236,,,-16000.0,0.0,0.0,2423.0,80.0,,finmind,2026-07-17T14:45:12.238574+08:00
2017-08-18,61.1,61.5,61.0,61.2,292000,17853900,205,,,-7000.0,0.0,0.0,2423.0,80.0,,finmind,2026-07-17T14:45:12.238574+08:00
2017-08-21,61.2,62.0,61.0,61.8,209392,12889923,153,,,-2000.0,0.0,0.0,2440.0,88.0,,finmind,2026-07-17T14:45:12.238574+08:00
2017-08-22,61.9,65.8,61.9,63.7,761202,48801067,511,,,-17000.0,-137000.0,-1000.0,2537.0,108.0,,finmind,2026-07-17T14:45:12.238574+08:00
2017-08-23,63.8,64.0,62.4,62.8,271200,17092320,215,,,-7000.0,0.0,0.0,2542.0,114.0,,finmind,2026-07-17T14:45:12.238574+08:00
2017-08-24,63.0,64.0,62.2,62.4,315100,19756000,225,,,-11000.0,-117000.0,0.0,2589.0,113.0,,finmind,2026-07-17T14:45:12.238574+08:00
2017-08-25,62.4,62.4,61.6,61.8,269937,16705005,188,,,-7000.0,-64000.0,0.0,2577.0,112.0,,finmind,2026-07-17T14:45:12.238574+08:00
2017-08-28,62.0,62.2,61.2,62.2,313798,19375334,198,,,-18000.0,-59000.0,0.0,2577.0,86.0,,finmind,2026-07-17T14:45:12.238574+08:00
2017-08-29,62.3,62.4,61.7,61.7,123211,7630539,87,,,-7000.0,0.0,0.0,2563.0,86.0,,finmind,2026-07-17T14:45:12.238574+08:00
2017-08-30,61.9,62.0,61.8,62.0,127166,7875406,100,,,nan,nan,nan,2566.0,91.0,,finmind,2026-07-17T14:45:12.238574+08:00
2017-08-31,62.3,62.5,61.7,62.0,228128,14158836,160,,,-7000.0,0.0,0.0,2545.0,91.0,,finmind,2026-07-17T14:45:12.238574+08:00
2017-09-01,62.3,62.3,61.5,61.5,234940,14520790,162,,,-14000.0,0.0,0.0,2537.0,90.0,,finmind,2026-07-17T14:45:12.238574+08:00
2017-09-04,61.5,63.0,61.4,61.6,167531,10392207,138,,,-5000.0,0.0,0.0,2528.0,95.0,,finmind,2026-07-17T14:45:12.238574+08:00
2017-09-05,61.9,62.3,61.6,61.6,215163,13311173,138,,,-8000.0,0.0,0.0,2543.0,93.0,,finmind,2026-07-17T14:45:12.238574+08:00
2017-09-06,61.6,61.7,61.1,61.4,253367,15558270,207,,,-17000.0,0.0,0.0,2602.0,79.0,,finmind,2026-07-17T14:45:12.238574+08:00
2017-09-07,61.6,61.7,61.3,61.3,126057,7750398,90,,,-2000.0,0.0,-1000.0,2590.0,78.0,,finmind,2026-07-17T14:45:12.238574+08:00
2017-09-08,62.5,66.0,62.4,66.0,2031588,131248822,1517,,,-14000.0,0.0,-1000.0,2643.0,142.0,,finmind,2026-07-17T14:45:12.238574+08:00
2017-09-11,66.0,66.0,64.3,64.4,650291,42173660,490,,,-27000.0,0.0,0.0,2689.0,134.0,,finmind,2026-07-17T14:45:12.238574+08:00
2017-09-12,65.0,68.3,64.6,67.2,1848409,123689303,1359,,,-6000.0,0.0,20000.0,2743.0,163.0,,finmind,2026-07-17T14:45:12.238574+08:00
2017-09-13,67.2,67.6,65.5,65.5,623051,41545593,528,,,-30000.0,0.0,0.0,2707.0,167.0,,finmind,2026-07-17T14:45:12.238574+08:00
2017-09-14,65.5,65.5,64.5,64.8,220535,14316806,199,,,-1000.0,0.0,1000.0,2717.0,158.0,,finmind,2026-07-17T14:45:12.238574+08:00
2017-09-15,65.0,65.2,63.6,63.8,252449,16232245,215,,,-12000.0,0.0,0.0,2701.0,136.0,,finmind,2026-07-17T14:45:12.238574+08:00
2017-09-18,63.9,63.9,63.0,63.2,219214,13881029,183,,,-5000.0,0.0,1000.0,2680.0,137.0,,finmind,2026-07-17T14:45:12.238574+08:00
2017-09-19,63.9,64.2,62.9,63.0,169200,10743479,149,,,-5000.0,0.0,-1000.0,2683.0,137.0,,finmind,2026-07-17T14:45:12.238574+08:00
2017-09-20,63.2,63.2,62.6,62.6,145250,9129775,118,,,2000.0,0.0,0.0,2679.0,120.0,,finmind,2026-07-17T14:45:12.238574+08:00
2017-09-21,63.5,63.9,63.0,63.3,150478,9529504,134,,,-1000.0,0.0,0.0,2702.0,120.0,,finmind,2026-07-17T14:45:12.238574+08:00
2017-09-22,63.9,67.2,63.9,66.1,2143188,141788643,1535,,,-13000.0,0.0,-1000.0,2791.0,126.0,,finmind,2026-07-17T14:45:12.238574+08:00
2017-09-25,68.0,69.9,63.8,63.9,1881480,126492770,1403,,,-21000.0,0.0,-18000.0,2784.0,123.0,,finmind,2026-07-17T14:45:12.238574+08:00
2017-09-26,63.1,64.0,62.2,62.2,593080,37337816,458,,,1000.0,0.0,0.0,2742.0,116.0,,finmind,2026-07-17T14:45:12.238574+08:00
2017-09-27,62.5,67.3,62.4,65.6,1487525,97689639,1211,,,15000.0,0.0,-1000.0,2795.0,130.0,,finmind,2026-07-17T14:45:12.238574+08:00
2017-09-28,65.5,66.3,64.3,64.8,381013,24824248,302,,,-17000.0,0.0,-1000.0,2749.0,126.0,,finmind,2026-07-17T14:45:12.238574+08:00
2017-09-29,64.8,65.1,63.2,63.7,294117,18831288,216,,,-5000.0,0.0,0.0,2716.0,121.0,,finmind,2026-07-17T14:45:12.238574+08:00
2017-09-30,64.2,64.6,63.8,64.0,158931,10190246,136,,,nan,nan,nan,2685.0,119.0,,finmind,2026-07-17T14:45:12.238574+08:00
2017-10-02,64.2,66.2,64.1,65.0,431758,28262248,354,,,5000.0,0.0,0.0,2713.0,123.0,,finmind,2026-07-17T14:45:12.238574+08:00
2017-10-03,65.3,67.0,64.5,66.5,727799,48165711,573,,,2000.0,0.0,0.0,2856.0,135.0,,finmind,2026-07-17T14:45:12.238574+08:00
2017-10-05,67.3,69.0,66.7,66.7,1171274,79205074,868,,,-15000.0,0.0,0.0,2740.0,139.0,,finmind,2026-07-17T14:45:12.238574+08:00
2017-10-06,66.7,67.0,65.7,66.0,261745,17302070,212,,,-2000.0,0.0,0.0,2713.0,109.0,,finmind,2026-07-17T14:45:12.238574+08:00
2017-10-11,67.2,67.2,64.6,65.0,356414,23393150,220,,,nan,nan,nan,2684.0,95.0,,finmind,2026-07-17T14:45:12.238574+08:00
2017-10-12,66.7,68.0,66.3,66.3,771533,51640123,572,,,3475.0,0.0,0.0,2741.0,101.0,,finmind,2026-07-17T14:45:12.238574+08:00
2017-10-13,66.7,66.9,65.9,66.1,243624,16134694,172,,,nan,nan,nan,2769.0,101.0,,finmind,2026-07-17T14:45:12.238574+08:00
2017-10-16,66.4,66.5,65.7,65.8,233887,15430998,175,,,nan,nan,nan,2786.0,101.0,,finmind,2026-07-17T14:45:12.238574+08:00
2017-10-17,65.1,65.7,64.8,64.8,264101,17196604,191,,,nan,nan,nan,2779.0,96.0,,finmind,2026-07-17T14:45:12.238574+08:00
2017-10-18,64.6,66.1,64.6,65.1,275000,17915900,217,,,-1000.0,0.0,1000.0,2838.0,93.0,,finmind,2026-07-17T14:45:12.238574+08:00
2017-10-19,66.0,68.3,65.5,67.0,1336231,89921229,952,,,1000.0,0.0,0.0,2960.0,83.0,,finmind,2026-07-17T14:45:12.238574+08:00
2017-10-20,67.5,67.6,66.1,66.4,314100,20967320,240,,,-9000.0,0.0,0.0,2957.0,82.0,,finmind,2026-07-17T14:45:12.238574+08:00
2017-10-23,66.9,68.5,66.7,68.0,918731,62244142,647,,,10000.0,0.0,0.0,3019.0,81.0,,finmind,2026-07-17T14:45:12.238574+08:00
2017-10-24,68.3,68.5,67.1,67.2,437069,29464523,351,,,-6000.0,0.0,0.0,2993.0,76.0,,finmind,2026-07-17T14:45:12.238574+08:00
2017-10-25,67.2,67.7,66.1,66.1,532725,35436895,394,,,10000.0,0.0,0.0,3006.0,73.0,,finmind,2026-07-17T14:45:12.238574+08:00
2017-10-26,66.0,67.0,65.7,66.4,322111,21383337,248,,,17000.0,0.0,0.0,2991.0,72.0,,finmind,2026-07-17T14:45:12.238574+08:00
2017-10-27,66.5,67.9,65.8,65.8,683217,45603422,470,,,-1000.0,0.0,-1000.0,2977.0,72.0,,finmind,2026-07-17T14:45:12.238574+08:00
2017-10-30,66.2,66.5,64.7,65.0,303250,19755850,236,,,-5000.0,0.0,2000.0,2960.0,73.0,,finmind,2026-07-17T14:45:12.238574+08:00
2017-10-31,65.8,66.5,65.7,66.0,357450,23621755,260,,,19000.0,0.0,0.0,3007.0,72.0,,finmind,2026-07-17T14:45:12.238574+08:00
2017-11-01,66.9,67.7,66.6,66.7,1053703,70873648,694,,,55000.0,0.0,0.0,3114.0,82.0,,finmind,2026-07-17T14:45:12.238574+08:00
2017-11-02,67.5,68.7,66.8,67.4,1190389,80766015,774,,,-42000.0,0.0,0.0,3121.0,66.0,,finmind,2026-07-17T14:45:12.238574+08:00
2017-11-03,68.2,68.5,66.6,67.0,635154,42948471,431,,,-27000.0,0.0,0.0,3113.0,66.0,,finmind,2026-07-17T14:45:12.238574+08:00
2017-11-06,67.4,67.4,66.1,66.3,346200,22981840,252,,,12000.0,0.0,0.0,3115.0,59.0,,finmind,2026-07-17T14:45:12.238574+08:00
2017-11-07,66.3,66.3,65.1,65.5,288370,18903435,225,,,3000.0,0.0,-6000.0,3057.0,48.0,,finmind,2026-07-17T14:45:12.238574+08:00
2017-11-08,65.3,66.5,65.3,66.2,169300,11175620,133,,,25000.0,0.0,0.0,3063.0,47.0,,finmind,2026-07-17T14:45:12.238574+08:00
2017-11-09,66.3,66.3,64.9,65.0,306021,19993683,236,,,-22000.0,0.0,-3000.0,3101.0,43.0,,finmind,2026-07-17T14:45:12.238574+08:00
2017-11-10,64.9,65.7,64.1,65.0,159111,10320926,124,,,16000.0,0.0,0.0,3066.0,45.0,,finmind,2026-07-17T14:45:12.238574+08:00
2017-11-13,65.0,65.0,62.9,63.1,360128,22961828,275,,,-15000.0,0.0,0.0,3054.0,43.0,,finmind,2026-07-17T14:45:12.238574+08:00
2017-11-14,62.2,63.0,62.0,62.2,335753,20925662,249,,,19000.0,0.0,0.0,2933.0,48.0,,finmind,2026-07-17T14:45:12.238574+08:00
2017-11-15,62.5,62.6,61.4,62.0,192074,11916225,157,,,0.0,0.0,-8000.0,2952.0,46.0,,finmind,2026-07-17T14:45:12.238574+08:00
2017-11-16,62.0,62.5,61.8,62.1,113202,7032045,90,,,3000.0,0.0,0.0,2958.0,48.0,,finmind,2026-07-17T14:45:12.238574+08:00
2017-11-17,63.0,63.0,62.3,62.3,155001,9697064,113,,,-3000.0,0.0,-1000.0,2957.0,45.0,,finmind,2026-07-17T14:45:12.238574+08:00
2017-11-20,62.3,62.8,61.8,62.3,121662,7579842,95,,,-10000.0,0.0,0.0,2983.0,45.0,,finmind,2026-07-17T14:45:12.238574+08:00
2017-11-21,62.6,63.1,62.5,62.9,114262,7166679,86,,,-1000.0,0.0,0.0,2990.0,46.0,,finmind,2026-07-17T14:45:12.238574+08:00
2017-11-22,62.8,63.2,62.5,62.8,147190,9245194,108,,,-7000.0,0.0,0.0,3003.0,46.0,,finmind,2026-07-17T14:45:12.238574+08:00
2017-11-23,62.9,63.5,62.6,63.1,168048,10605152,111,,,7000.0,0.0,0.0,2997.0,46.0,,finmind,2026-07-17T14:45:12.238574+08:00
2017-11-24,64.2,64.2,63.5,63.6,263250,16819174,197,,,-1000.0,0.0,0.0,3049.0,46.0,,finmind,2026-07-17T14:45:12.238574+08:00
2017-11-27,63.4,63.6,62.3,62.6,213151,13385996,159,,,-7000.0,0.0,-3000.0,3029.0,46.0,,finmind,2026-07-17T14:45:12.238574+08:00
2017-11-28,62.3,62.8,61.6,61.7,195270,12109140,141,,,-14000.0,0.0,0.0,2974.0,48.0,,finmind,2026-07-17T14:45:12.238574+08:00
2017-11-29,61.9,62.4,61.8,61.9,117105,7266731,87,,,9000.0,0.0,0.0,2947.0,48.0,,finmind,2026-07-17T14:45:12.238574+08:00
2017-11-30,61.9,61.9,61.4,61.5,121000,7455800,102,,,-5000.0,0.0,1000.0,2922.0,48.0,,finmind,2026-07-17T14:45:12.238574+08:00
2017-12-01,61.0,61.4,60.0,60.5,276058,16751720,210,,,-38000.0,0.0,0.0,2899.0,44.0,,finmind,2026-07-17T14:45:12.238574+08:00
2017-12-04,60.5,60.5,60.1,60.1,132224,7964964,100,,,10000.0,0.0,0.0,2854.0,42.0,,finmind,2026-07-17T14:45:12.238574+08:00
2017-12-05,60.8,60.8,60.2,60.3,90140,5447070,78,,,10000.0,0.0,0.0,2838.0,44.0,,finmind,2026-07-17T14:45:12.238574+08:00
2017-12-06,60.2,60.3,59.0,59.2,161111,9621104,106,,,10000.0,0.0,0.0,2789.0,41.0,,finmind,2026-07-17T14:45:12.238574+08:00
2017-12-07,59.4,59.4,57.7,59.0,168201,9853078,143,,,15000.0,0.0,0.0,2771.0,40.0,,finmind,2026-07-17T14:45:12.238574+08:00
2017-12-08,59.0,59.7,58.0,59.3,94000,5552700,81,,,14000.0,0.0,0.0,2778.0,39.0,,finmind,2026-07-17T14:45:12.238574+08:00
2017-12-11,60.5,61.6,60.5,61.4,169171,10334033,139,,,18000.0,0.0,0.0,2754.0,44.0,,finmind,2026-07-17T14:45:12.238574+08:00
2017-12-12,61.4,61.8,60.7,61.5,82000,5021600,59,,,15000.0,0.0,0.0,2781.0,45.0,,finmind,2026-07-17T14:45:12.238574+08:00
2017-12-13,61.5,61.7,60.9,60.9,105100,6437420,75,,,13000.0,0.0,0.0,2807.0,45.0,,finmind,2026-07-17T14:45:12.238574+08:00
2017-12-14,61.7,65.7,61.3,65.4,1781294,114891737,987,,,128000.0,0.0,-1000.0,2811.0,52.0,,finmind,2026-07-17T14:45:12.238574+08:00
2017-12-15,66.8,67.8,66.0,67.3,4494107,300544885,2800,,,-114000.0,0.0,0.0,2686.0,128.0,,finmind,2026-07-17T14:45:12.238574+08:00
2017-12-18,67.3,67.3,65.9,65.9,917841,61017621,694,,,-98000.0,0.0,0.0,2670.0,105.0,,finmind,2026-07-17T14:45:12.238574+08:00
2017-12-19,66.3,66.5,64.9,65.0,438071,28760615,306,,,5000.0,0.0,0.0,2633.0,93.0,,finmind,2026-07-17T14:45:12.238574+08:00
2017-12-20,65.1,66.2,64.6,65.1,229499,14964832,201,,,10000.0,0.0,1000.0,2640.0,91.0,,finmind,2026-07-17T14:45:12.238574+08:00
2017-12-21,65.5,65.7,64.5,64.5,267311,17347826,214,,,10000.0,0.0,0.0,2605.0,73.0,,finmind,2026-07-17T14:45:12.238574+08:00
2017-12-22,64.5,65.2,64.3,64.8,157842,10224630,145,,,13000.0,0.0,0.0,2628.0,59.0,,finmind,2026-07-17T14:45:12.238574+08:00
2017-12-25,64.9,66.8,64.8,65.8,391087,25871806,315,,,32000.0,0.0,0.0,2639.0,48.0,,finmind,2026-07-17T14:45:12.238574+08:00
2017-12-26,66.3,66.3,64.4,65.8,554005,36335429,368,,,18000.0,0.0,0.0,2665.0,46.0,,finmind,2026-07-17T14:45:12.238574+08:00
2017-12-27,66.9,69.3,66.7,69.3,2820301,191782991,2023,,,93000.0,0.0,0.0,2849.0,62.0,,finmind,2026-07-17T14:45:12.238574+08:00
2017-12-28,69.0,69.1,67.6,67.9,1115586,76161634,832,,,-117000.0,0.0,0.0,2927.0,68.0,,finmind,2026-07-17T14:45:12.238574+08:00
2017-12-29,68.3,69.9,67.5,69.5,1772342,122427298,1118,,,116000.0,0.0,2000.0,2966.0,75.0,,finmind,2026-07-17T14:45:12.238574+08:00
2018-01-02,73.0,76.4,72.7,76.4,2887243,217091254,1480,,,-61000.0,0.0,-2000.0,3400.0,188.0,,finmind,2026-07-17T14:45:12.238574+08:00
2018-01-03,79.0,79.7,75.3,77.4,7764537,606218149,4231,,,-67000.0,0.0,195000.0,3253.0,201.0,,finmind,2026-07-17T14:45:12.238574+08:00
2018-01-04,77.4,78.0,76.3,76.6,2351280,181206143,1239,,,13000.0,0.0,3000.0,3528.0,191.0,,finmind,2026-07-17T14:45:12.238574+08:00
2018-01-05,77.4,78.4,76.6,77.4,2151083,167029411,1170,,,8000.0,0.0,15000.0,3497.0,244.0,,finmind,2026-07-17T14:45:12.238574+08:00
2018-01-08,77.5,77.6,72.2,72.8,1165887,87182992,881,,,87000.0,0.0,39000.0,3326.0,125.0,,finmind,2026-07-17T14:45:12.238574+08:00
2018-01-09,73.3,75.0,72.7,73.2,1191150,88227335,679,,,-17000.0,0.0,1000.0,3188.0,109.0,,finmind,2026-07-17T14:45:12.238574+08:00
2018-01-10,73.2,73.2,69.8,71.2,909663,64398539,675,,,88000.0,0.0,-14000.0,3148.0,107.0,,finmind,2026-07-17T14:45:12.238574+08:00
2018-01-11,70.7,72.7,70.7,72.3,373810,26846058,304,,,-14000.0,0.0,-1000.0,3112.0,103.0,,finmind,2026-07-17T14:45:12.238574+08:00
2018-01-12,72.3,72.9,70.3,71.1,438437,31274668,320,,,-14000.0,0.0,-46000.0,3080.0,93.0,,finmind,2026-07-17T14:45:12.238574+08:00
2018-01-15,72.0,72.5,70.5,71.0,546600,39152760,342,,,-6000.0,0.0,2000.0,3141.0,93.0,,finmind,2026-07-17T14:45:12.238574+08:00
2018-01-16,71.7,71.7,70.6,71.1,203696,14471685,180,,,6000.0,0.0,-16000.0,3145.0,92.0,,finmind,2026-07-17T14:45:12.238574+08:00
2018-01-17,71.1,71.1,69.8,70.1,474710,33303766,340,,,-25116.0,0.0,-1000.0,3139.0,88.0,,finmind,2026-07-17T14:45:12.238574+08:00
2018-01-18,70.5,70.7,69.4,69.6,412436,28841544,267,,,-2000.0,0.0,-1000.0,3121.0,87.0,,finmind,2026-07-17T14:45:12.238574+08:00
2018-01-19,70.5,71.4,70.4,71.0,392609,27818639,313,,,-4000.0,0.0,0.0,3085.0,87.0,,finmind,2026-07-17T14:45:12.238574+08:00
2018-01-22,71.0,71.2,69.7,69.8,303441,21261080,244,,,-20000.0,0.0,-21000.0,3035.0,85.0,,finmind,2026-07-17T14:45:12.238574+08:00
2018-01-23,70.2,70.3,68.5,68.7,348426,24062794,274,,,-11000.0,0.0,-3000.0,2998.0,85.0,,finmind,2026-07-17T14:45:12.238574+08:00
2018-01-24,68.0,69.8,68.0,69.3,189621,13146533,156,,,15000.0,0.0,0.0,3022.0,89.0,,finmind,2026-07-17T14:45:12.238574+08:00
2018-01-25,69.4,70.4,68.5,68.6,317255,22001995,236,,,-1000.0,0.0,-86000.0,3019.0,88.0,,finmind,2026-07-17T14:45:12.238574+08:00
2018-01-26,68.8,69.0,68.2,68.4,251457,17235857,173,,,2000.0,0.0,-57000.0,3033.0,89.0,,finmind,2026-07-17T14:45:12.238574+08:00
2018-01-29,68.4,68.7,68.1,68.6,189157,12931769,138,,,13000.0,0.0,0.0,3010.0,91.0,,finmind,2026-07-17T14:45:12.238574+08:00
2018-01-30,67.9,68.4,66.8,67.0,270369,18268306,191,,,-13000.0,0.0,0.0,3000.0,84.0,,finmind,2026-07-17T14:45:12.238574+08:00
2018-01-31,66.4,67.3,66.2,66.8,254556,16933218,166,,,19000.0,0.0,6000.0,2993.0,76.0,,finmind,2026-07-17T14:45:12.238574+08:00
2018-02-01,67.0,69.2,67.0,67.6,303129,20647746,253,,,10000.0,0.0,0.0,2925.0,74.0,,finmind,2026-07-17T14:45:12.238574+08:00
2018-02-02,68.1,68.4,67.3,67.4,190268,12883669,129,,,0.0,0.0,0.0,2943.0,70.0,,finmind,2026-07-17T14:45:12.238574+08:00
2018-02-05,65.7,66.0,65.2,65.8,279000,18277700,214,,,18000.0,0.0,12000.0,2926.0,68.0,,finmind,2026-07-17T14:45:12.238574+08:00
2018-02-06,64.1,64.7,59.3,60.0,784083,48032663,541,,,-24000.0,0.0,5000.0,2686.0,40.0,,finmind,2026-07-17T14:45:12.238574+08:00
2018-02-07,61.2,62.2,60.9,60.9,216267,13295593,173,,,38000.0,0.0,-3000.0,2660.0,45.0,,finmind,2026-07-17T14:45:12.238574+08:00
2018-02-08,61.4,61.4,60.0,60.8,170066,10298917,135,,,10000.0,0.0,1000.0,2651.0,46.0,,finmind,2026-07-17T14:45:12.238574+08:00
2018-02-09,57.6,59.5,56.8,59.0,300200,17368540,236,,,22000.0,0.0,3000.0,2599.0,43.0,,finmind,2026-07-17T14:45:12.238574+08:00
2018-02-12,62.0,64.6,61.8,63.2,511380,32399221,407,,,4000.0,0.0,-8000.0,2563.0,40.0,,finmind,2026-07-17T14:45:12.238574+08:00
2018-02-21,64.5,65.5,64.1,64.6,671000,43409800,351,,,8000.0,0.0,6000.0,2514.0,44.0,,finmind,2026-07-17T14:45:12.238574+08:00
2018-02-22,64.1,64.7,64.0,64.4,158113,10178611,131,,,11000.0,0.0,0.0,2493.0,47.0,,finmind,2026-07-17T14:45:12.238574+08:00
2018-02-23,64.7,66.0,64.7,65.2,170400,11161639,155,,,8000.0,0.0,0.0,2507.0,46.0,,finmind,2026-07-17T14:45:12.238574+08:00
2018-02-26,65.6,66.0,65.2,65.6,180000,11814000,131,,,0.0,0.0,0.0,2512.0,47.0,,finmind,2026-07-17T14:45:12.238574+08:00
2018-02-27,66.1,66.5,64.6,64.6,171000,11156100,137,,,-11000.0,0.0,1000.0,2504.0,46.0,,finmind,2026-07-17T14:45:12.238574+08:00
2018-03-01,64.5,65.3,64.0,65.0,110000,7122100,74,,,9000.0,0.0,0.0,2532.0,50.0,,finmind,2026-07-17T14:45:12.238574+08:00
2018-03-02,65.9,66.6,65.1,65.8,284740,18767991,246,,,-3000.0,0.0,-1000.0,2555.0,56.0,,finmind,2026-07-17T14:45:12.238574+08:00
2018-03-05,66.3,66.3,64.6,64.6,158773,10343134,151,,,-37000.0,0.0,-1000.0,2562.0,57.0,,finmind,2026-07-17T14:45:12.238574+08:00
2018-03-06,65.4,65.7,64.6,64.8,144300,9383890,131,,,-35000.0,0.0,-10000.0,2573.0,57.0,,finmind,2026-07-17T14:45:12.238574+08:00
2018-03-07,64.6,65.2,64.2,64.3,105000,6789500,88,,,7000.0,0.0,1000.0,2579.0,55.0,,finmind,2026-07-17T14:45:12.238574+08:00
2018-03-08,64.8,65.2,64.6,64.8,139000,9024000,108,,,4000.0,0.0,0.0,2585.0,36.0,,finmind,2026-07-17T14:45:12.238574+08:00
2018-03-09,65.1,65.5,65.0,65.3,89000,5804600,83,,,-1000.0,0.0,-1000.0,2595.0,36.0,,finmind,2026-07-17T14:45:12.238574+08:00
2018-03-12,64.0,64.0,63.0,63.5,308000,19593700,247,,,-10000.0,0.0,0.0,2600.0,36.0,,finmind,2026-07-17T14:45:12.238574+08:00
2018-03-13,63.5,64.4,63.0,63.5,232000,14752300,167,,,37000.0,0.0,0.0,2609.0,35.0,,finmind,2026-07-17T14:45:12.238574+08:00
2018-03-14,63.5,64.3,63.5,63.8,98413,6296890,97,,,-5000.0,0.0,-1000.0,2620.0,35.0,,finmind,2026-07-17T14:45:12.238574+08:00
2018-03-15,63.6,64.2,63.4,64.2,123580,7883601,97,,,13000.0,0.0,0.0,2636.0,34.0,,finmind,2026-07-17T14:45:12.238574+08:00
2018-03-16,64.0,64.3,63.5,63.7,154000,9834100,123,,,-21000.0,0.0,0.0,2676.0,33.0,,finmind,2026-07-17T14:45:12.238574+08:00
2018-03-19,63.7,64.0,63.6,63.7,118550,7558900,97,,,4000.0,0.0,0.0,2688.0,33.0,,finmind,2026-07-17T14:45:12.238574+08:00
2018-03-20,63.7,65.0,63.7,64.7,247100,15901809,183,,,22000.0,0.0,0.0,2642.0,31.0,,finmind,2026-07-17T14:45:12.238574+08:00
2018-03-21,65.0,65.8,65.0,65.5,195100,12757909,143,,,-4000.0,0.0,0.0,2656.0,31.0,,finmind,2026-07-17T14:45:12.238574+08:00
2018-03-22,65.5,66.0,64.8,65.0,204102,13355930,152,,,-7000.0,0.0,0.0,2660.0,31.0,,finmind,2026-07-17T14:45:12.238574+08:00
2018-03-23,63.5,63.8,62.2,63.4,164100,10384000,125,,,-12000.0,0.0,0.0,2638.0,26.0,,finmind,2026-07-17T14:45:12.238574+08:00
2018-03-26,62.8,63.6,62.8,63.5,75000,4743200,62,,,-4000.0,0.0,0.0,2648.0,26.0,,finmind,2026-07-17T14:45:12.238574+08:00
2018-03-27,64.0,64.0,63.7,63.9,88160,5630640,67,,,3000.0,0.0,0.0,2651.0,26.0,,finmind,2026-07-17T14:45:12.238574+08:00
2018-03-28,62.9,63.8,62.9,63.2,139080,8789004,106,,,-4000.0,0.0,-2000.0,2620.0,26.0,,finmind,2026-07-17T14:45:12.238574+08:00
2018-03-29,62.9,63.0,62.4,62.6,165227,10352509,130,,,3000.0,0.0,0.0,2564.0,26.0,,finmind,2026-07-17T14:45:12.238574+08:00
2018-03-30,63.0,63.2,62.9,63.2,82178,5182014,66,,,2000.0,0.0,0.0,2567.0,26.0,,finmind,2026-07-17T14:45:12.238574+08:00
2018-03-31,64.0,64.1,63.3,64.1,187455,11942137,102,,,nan,nan,nan,2622.0,26.0,,finmind,2026-07-17T14:45:12.238574+08:00
2018-04-02,64.4,64.4,63.4,63.7,158408,10117271,106,,,25000.0,0.0,0.0,2611.0,26.0,,finmind,2026-07-17T14:45:12.238574+08:00
2018-04-03,63.2,63.6,62.7,63.5,95000,6013100,69,,,5000.0,0.0,0.0,2630.0,26.0,,finmind,2026-07-17T14:45:12.238574+08:00
2018-04-09,68.2,68.2,63.8,64.0,902120,58524480,422,,,-46000.0,0.0,0.0,2702.0,80.0,,finmind,2026-07-17T14:45:12.238574+08:00
2018-04-10,64.1,64.5,63.6,64.3,180221,11534810,106,,,-16000.0,0.0,0.0,2717.0,23.0,,finmind,2026-07-17T14:45:12.238574+08:00
2018-04-11,64.3,64.4,63.4,63.6,207001,13194564,142,,,-12000.0,35000.0,0.0,2730.0,25.0,,finmind,2026-07-17T14:45:12.238574+08:00
2018-04-12,63.6,63.8,63.1,63.1,152209,9637371,106,,,16000.0,25000.0,0.0,2716.0,25.0,,finmind,2026-07-17T14:45:12.238574+08:00
2018-04-13,63.9,63.9,63.1,63.1,129000,8161300,108,,,-9000.0,10000.0,0.0,2715.0,17.0,,finmind,2026-07-17T14:45:12.238574+08:00
2018-04-16,63.1,63.4,62.8,62.8,146154,9210471,92,,,-15000.0,0.0,5000.0,2709.0,13.0,,finmind,2026-07-17T14:45:12.238574+08:00
2018-04-17,62.9,63.0,60.5,61.4,299530,18594748,212,,,-18000.0,0.0,6000.0,2683.0,10.0,,finmind,2026-07-17T14:45:12.238574+08:00
2018-04-18,62.2,62.8,61.8,62.0,87099,5409787,72,,,0.0,10000.0,14000.0,2648.0,4.0,,finmind,2026-07-17T14:45:12.238574+08:00
2018-04-19,62.4,63.0,62.1,62.1,103060,6451956,91,,,12000.0,0.0,0.0,2659.0,4.0,,finmind,2026-07-17T14:45:12.238574+08:00
2018-04-20,62.6,62.9,61.0,61.7,81628,5041631,70,,,3000.0,0.0,1000.0,2646.0,3.0,,finmind,2026-07-17T14:45:12.238574+08:00
2018-04-23,61.8,63.1,61.8,62.3,138500,8654100,115,,,-1000.0,0.0,0.0,2637.0,0.0,,finmind,2026-07-17T14:45:12.238574+08:00
2018-04-24,62.5,62.9,60.5,62.5,215010,13311143,153,,,-49000.0,0.0,0.0,2654.0,0.0,,finmind,2026-07-17T14:45:12.238574+08:00
2018-04-25,62.4,64.3,62.2,63.6,252000,15997900,195,,,-11000.0,0.0,0.0,2717.0,0.0,,finmind,2026-07-17T14:45:12.238574+08:00
2018-04-26,64.5,64.9,63.0,63.2,315201,20181166,218,,,-5000.0,0.0,0.0,2732.0,0.0,,finmind,2026-07-17T14:45:12.238574+08:00
2018-04-27,64.4,67.0,64.4,65.9,763000,50137300,524,,,18000.0,0.0,0.0,2917.0,15.0,,finmind,2026-07-17T14:45:12.238574+08:00
2018-04-30,72.4,72.4,72.0,72.4,6189263,447794938,3301,,,216000.0,0.0,9000.0,2513.0,199.0,,finmind,2026-07-17T14:45:12.238574+08:00
2018-05-02,72.4,72.4,72.0,72.1,1826519,131795868,1055,,,-2000.0,0.0,241000.0,2192.0,175.0,,finmind,2026-07-17T14:45:12.238574+08:00
2018-05-03,72.2,72.4,72.1,72.1,749301,54075872,448,,,92000.0,0.0,10000.0,2080.0,170.0,,finmind,2026-07-17T14:45:12.238574+08:00
2018-05-04,72.3,72.4,72.1,72.2,1294527,93499143,562,,,61000.0,0.0,1000.0,1790.0,180.0,,finmind,2026-07-17T14:45:12.238574+08:00
2018-05-07,72.3,72.4,72.2,72.3,912822,65953840,494,,,64000.0,0.0,-1000.0,1652.0,243.0,,finmind,2026-07-17T14:45:12.238574+08:00
2018-05-08,72.3,72.5,72.3,72.3,859361,62195593,393,,,6000.0,0.0,0.0,1532.0,288.0,,finmind,2026-07-17T14:45:12.238574+08:00
2018-05-09,72.4,72.5,72.3,72.4,443666,32124414,255,,,28000.0,0.0,0.0,1514.0,290.0,,finmind,2026-07-17T14:45:12.238574+08:00
2018-05-10,72.5,72.6,72.4,72.4,572751,41497968,281,,,118000.0,0.0,0.0,1434.0,315.0,,finmind,2026-07-17T14:45:12.238574+08:00
2018-05-11,72.4,72.5,72.4,72.4,711099,51507466,327,,,116000.0,0.0,0.0,1268.0,314.0,,finmind,2026-07-17T14:45:12.238574+08:00
2018-05-14,72.5,72.6,72.4,72.6,556461,40336974,296,,,89000.0,0.0,0.0,1269.0,309.0,,finmind,2026-07-17T14:45:12.238574+08:00
2018-05-15,72.5,72.6,72.4,72.4,320848,23253494,192,,,27000.0,0.0,13000.0,1229.0,279.0,,finmind,2026-07-17T14:45:12.238574+08:00
2018-05-16,72.6,72.6,72.3,72.4,1393791,100953887,467,,,-914000.0,0.0,0.0,1201.0,271.0,,finmind,2026-07-17T14:45:12.238574+08:00
2018-05-17,72.4,72.6,72.3,72.3,1128598,81685933,306,,,-586000.0,0.0,266000.0,1163.0,273.0,,finmind,2026-07-17T14:45:12.238574+08:00
2018-05-18,72.4,72.5,72.3,72.4,401821,29089457,169,,,-50000.0,0.0,0.0,1128.0,271.0,,finmind,2026-07-17T14:45:12.238574+08:00
2018-05-21,72.4,72.5,72.3,72.4,386874,28017288,173,,,-26000.0,0.0,0.0,1087.0,273.0,,finmind,2026-07-17T14:45:12.238574+08:00
2018-05-22,72.5,72.6,72.4,72.4,688548,49898518,304,,,-147000.0,-70000.0,0.0,1121.0,278.0,,finmind,2026-07-17T14:45:12.238574+08:00
2018-05-23,72.4,72.6,72.4,72.5,439806,31873653,228,,,-89656.0,-10000.0,0.0,1177.0,281.0,,finmind,2026-07-17T14:45:12.238574+08:00
2018-05-24,72.5,72.6,72.4,72.4,216199,15669406,138,,,73000.0,0.0,20000.0,1156.0,254.0,,finmind,2026-07-17T14:45:12.238574+08:00
2018-05-25,72.5,72.6,72.4,72.5,226157,16402551,142,,,52000.0,0.0,0.0,1132.0,267.0,,finmind,2026-07-17T14:45:12.238574+08:00
2018-05-28,72.5,73.2,72.5,73.0,617145,44971465,371,,,111000.0,0.0,0.0,1273.0,273.0,,finmind,2026-07-17T14:45:12.238574+08:00
2018-05-29,73.0,73.0,72.5,72.5,333814,24250694,199,,,-97000.0,0.0,23000.0,1273.0,275.0,,finmind,2026-07-17T14:45:12.238574+08:00
2018-05-30,72.8,72.9,72.5,72.6,326778,23761303,203,,,5000.0,0.0,18000.0,1267.0,274.0,,finmind,2026-07-17T14:45:12.238574+08:00
2018-05-31,72.7,72.8,72.5,72.6,458510,33258070,241,,,-47000.0,0.0,10000.0,1212.0,274.0,,finmind,2026-07-17T14:45:12.238574+08:00
2018-06-01,72.5,72.8,72.5,72.5,198299,14388173,140,,,4000.0,0.0,0.0,1208.0,274.0,,finmind,2026-07-17T14:45:12.238574+08:00
2018-06-04,72.6,72.8,72.5,72.6,533019,38698573,242,,,6000.0,0.0,0.0,1184.0,275.0,,finmind,2026-07-17T14:45:12.238574+08:00
2018-06-05,72.6,72.7,72.5,72.5,290192,21056518,141,,,-24000.0,0.0,10000.0,1194.0,307.0,,finmind,2026-07-17T14:45:12.238574+08:00
2018-06-06,72.6,72.7,72.6,72.7,275353,20001587,170,,,14000.0,0.0,4000.0,1195.0,322.0,,finmind,2026-07-17T14:45:12.238574+08:00
2018-06-07,72.6,72.8,72.6,72.6,690668,50195227,221,,,2000.0,0.0,0.0,1123.0,322.0,,finmind,2026-07-17T14:45:12.238574+08:00
2018-06-08,72.7,72.8,72.6,72.6,263399,19131265,124,,,-4000.0,0.0,0.0,1063.0,317.0,,finmind,2026-07-17T14:45:12.238574+08:00
2018-06-11,72.6,73.0,72.6,72.8,706063,51448871,267,,,5000.0,0.0,0.0,1271.0,287.0,,finmind,2026-07-17T14:45:12.238574+08:00
2018-06-12,72.9,72.9,72.7,72.7,278214,20257414,146,,,-22000.0,0.0,0.0,1179.0,287.0,,finmind,2026-07-17T14:45:12.238574+08:00
2018-06-13,72.9,73.0,72.7,72.8,339434,24738400,209,,,-37000.0,0.0,0.0,1249.0,287.0,,finmind,2026-07-17T14:45:12.238574+08:00
2018-06-14,72.8,72.9,72.7,72.7,347845,25306743,156,,,-91000.0,0.0,0.0,926.0,302.0,,finmind,2026-07-17T14:45:12.238574+08:00
2018-06-15,72.8,72.9,72.7,72.7,297473,21643078,146,,,-108000.0,0.0,0.0,938.0,316.0,,finmind,2026-07-17T14:45:12.238574+08:00
2018-06-19,72.8,72.8,72.6,72.6,434629,31597526,234,,,-186000.0,0.0,0.0,910.0,389.0,,finmind,2026-07-17T14:45:12.238574+08:00
2018-06-20,72.1,72.6,71.1,72.4,571876,41053432,324,,,-97000.0,0.0,0.0,729.0,330.0,,finmind,2026-07-17T14:45:12.238574+08:00
2018-06-21,72.4,73.5,71.8,73.0,349321,25373963,197,,,47000.0,0.0,0.0,732.0,273.0,,finmind,2026-07-17T14:45:12.238574+08:00
2018-06-22,73.0,73.0,72.1,72.1,189399,13744846,90,,,-41000.0,0.0,0.0,737.0,221.0,,finmind,2026-07-17T14:45:12.238574+08:00
2018-06-25,72.5,72.5,72.1,72.3,42388,3064152,37,,,-1000.0,0.0,0.0,725.0,222.0,,finmind,2026-07-17T14:45:12.238574+08:00
2018-06-26,72.2,72.4,72.2,72.3,138050,9973114,73,,,-2000.0,0.0,0.0,708.0,212.0,,finmind,2026-07-17T14:45:12.238574+08:00
2018-06-27,72.3,72.6,72.3,72.5,131212,9499747,67,,,-2000.0,0.0,0.0,692.0,188.0,,finmind,2026-07-17T14:45:12.238574+08:00
2018-06-28,72.9,73.0,72.5,72.8,87000,6331200,53,,,-4000.0,0.0,0.0,684.0,170.0,,finmind,2026-07-17T14:45:12.238574+08:00
2018-06-29,73.0,73.0,72.5,72.8,110275,8015565,61,,,-11000.0,0.0,0.0,661.0,168.0,,finmind,2026-07-17T14:45:12.238574+08:00
2018-07-02,72.8,72.8,72.5,72.5,75179,5461358,50,,,0.0,0.0,0.0,656.0,154.0,,finmind,2026-07-17T14:45:12.238574+08:00
2018-07-03,72.8,73.0,72.5,72.6,131210,9536204,78,,,-5000.0,0.0,0.0,679.0,134.0,,finmind,2026-07-17T14:45:12.238574+08:00
2018-07-04,72.5,72.5,72.4,72.4,38050,2757320,29,,,-1000.0,0.0,0.0,678.0,122.0,,finmind,2026-07-17T14:45:12.238574+08:00
2018-07-05,72.7,72.8,72.5,72.8,167800,12207299,108,,,-15000.0,0.0,0.0,665.0,122.0,,finmind,2026-07-17T14:45:12.238574+08:00
2018-07-06,72.6,72.9,72.6,72.8,145400,10582100,53,,,-7000.0,0.0,0.0,656.0,120.0,,finmind,2026-07-17T14:45:12.238574+08:00
2018-07-09,72.6,72.9,72.6,72.6,58029,4221894,46,,,2000.0,0.0,0.0,652.0,72.0,,finmind,2026-07-17T14:45:12.238574+08:00
2018-07-10,72.7,72.8,72.4,72.7,287345,20845672,91,,,nan,nan,nan,651.0,40.0,,finmind,2026-07-17T14:45:12.238574+08:00
2018-07-11,72.5,72.7,72.5,72.5,211908,15387330,52,,,nan,nan,nan,617.0,35.0,,finmind,2026-07-17T14:45:12.238574+08:00
2018-07-12,72.7,72.8,72.5,72.6,203560,14798099,67,,,-8000.0,0.0,0.0,613.0,35.0,,finmind,2026-07-17T14:45:12.238574+08:00
2018-07-13,72.6,72.9,72.6,72.6,103350,7514140,54,,,-5000.0,0.0,0.0,608.0,35.0,,finmind,2026-07-17T14:45:12.238574+08:00
2018-07-16,72.6,72.7,72.5,72.6,125927,9150528,47,,,-3000.0,0.0,0.0,578.0,35.0,,finmind,2026-07-17T14:45:12.238574+08:00
2018-07-17,72.5,72.7,72.5,72.5,70794,5138084,51,,,-6000.0,0.0,0.0,577.0,35.0,,finmind,2026-07-17T14:45:12.238574+08:00
2018-07-18,72.7,72.8,72.5,72.8,107102,7783774,41,,,1000.0,0.0,0.0,570.0,35.0,,finmind,2026-07-17T14:45:12.238574+08:00
2018-07-19,72.8,72.9,72.6,72.8,93726,6822405,47,,,2000.0,0.0,0.0,566.0,35.0,,finmind,2026-07-17T14:45:12.238574+08:00
2018-07-20,72.8,72.8,72.7,72.8,86350,6285310,42,,,-5000.0,0.0,0.0,563.0,35.0,,finmind,2026-07-17T14:45:12.238574+08:00
2018-07-23,72.8,72.8,72.7,72.7,88000,6404900,39,,,-8000.0,0.0,0.0,559.0,35.0,,finmind,2026-07-17T14:45:12.238574+08:00
2018-07-24,72.7,72.8,72.7,72.7,73266,5328085,33,,,-1000.0,0.0,0.0,554.0,35.0,,finmind,2026-07-17T14:45:12.238574+08:00
2018-07-25,72.7,72.7,72.6,72.6,56105,4077412,28,,,2000.0,0.0,0.0,552.0,22.0,,finmind,2026-07-17T14:45:12.238574+08:00
2018-07-26,72.5,72.7,72.5,72.6,60396,4387808,42,,,-5000.0,0.0,0.0,549.0,7.0,,finmind,2026-07-17T14:45:12.238574+08:00
2018-07-27,72.8,72.8,72.6,72.6,72724,5290315,32,,,-1000.0,0.0,0.0,551.0,7.0,,finmind,2026-07-17T14:45:12.238574+08:00
2018-07-30,72.6,72.6,72.6,72.6,52662,3823127,30,,,-2000.0,0.0,0.0,550.0,7.0,,finmind,2026-07-17T14:45:12.238574+08:00
2018-07-31,72.6,72.7,72.6,72.6,51067,3708357,28,,,-11000.0,0.0,0.0,546.0,7.0,,finmind,2026-07-17T14:45:12.238574+08:00
2018-08-01,72.6,72.6,72.6,72.6,43238,3139031,21,,,-11000.0,0.0,0.0,546.0,7.0,,finmind,2026-07-17T14:45:12.238574+08:00
2018-08-02,72.6,72.6,72.5,72.5,86398,6272114,28,,,-8000.0,0.0,0.0,544.0,7.0,,finmind,2026-07-17T14:45:12.238574+08:00
2018-08-03,72.6,72.7,72.6,72.6,67612,4908770,27,,,-11000.0,0.0,0.0,537.0,7.0,,finmind,2026-07-17T14:45:12.238574+08:00
2018-08-06,72.7,72.7,72.6,72.6,72917,5294982,39,,,-17000.0,0.0,0.0,549.0,7.0,,finmind,2026-07-17T14:45:12.238574+08:00
2018-08-07,72.6,72.7,72.6,72.6,41250,2995124,27,,,-16000.0,0.0,0.0,552.0,7.0,,finmind,2026-07-17T14:45:12.238574+08:00
2018-08-08,72.6,72.6,72.6,72.6,55459,4026277,27,,,-2000.0,0.0,0.0,562.0,7.0,,finmind,2026-07-17T14:45:12.238574+08:00
2018-08-09,72.6,72.7,72.6,72.6,121169,8797552,36,,,-8000.0,0.0,0.0,550.0,7.0,,finmind,2026-07-17T14:45:12.238574+08:00
2018-08-10,72.9,72.9,72.6,72.6,113031,8206747,22,,,-8000.0,0.0,0.0,466.0,7.0,,finmind,2026-07-17T14:45:12.238574+08:00
2018-08-13,72.6,72.7,72.6,72.6,94100,6831950,48,,,-19000.0,0.0,0.0,463.0,7.0,,finmind,2026-07-17T14:45:12.238574+08:00
2018-08-14,72.5,72.5,72.4,72.5,86556,6272154,37,,,0.0,0.0,0.0,477.0,7.0,,finmind,2026-07-17T14:45:12.238574+08:00
2018-08-15,72.5,72.5,72.5,72.5,21843,1583952,15,,,843.0,0.0,0.0,473.0,7.0,,finmind,2026-07-17T14:45:12.238574+08:00
2018-08-16,72.5,72.5,72.5,72.5,30000,2175000,15,,,nan,nan,nan,440.0,7.0,,finmind,2026-07-17T14:45:12.238574+08:00
2018-08-17,72.5,72.6,72.5,72.5,56069,4068702,26,,,-17000.0,0.0,0.0,440.0,7.0,,finmind,2026-07-17T14:45:12.238574+08:00
2018-08-20,72.5,72.7,72.5,72.5,8000,580500,8,,,1000.0,0.0,0.0,439.0,7.0,,finmind,2026-07-17T14:45:12.238574+08:00
2018-08-21,72.6,72.8,72.6,72.7,29425,2139112,19,,,-2000.0,0.0,0.0,440.0,10.0,,finmind,2026-07-17T14:45:12.238574+08:00
2018-08-22,72.7,72.7,72.5,72.6,68052,4936975,15,,,-2000.0,0.0,0.0,389.0,7.0,,finmind,2026-07-17T14:45:12.238574+08:00
2018-08-23,72.5,72.5,72.5,72.5,40199,2914426,16,,,nan,nan,nan,374.0,7.0,,finmind,2026-07-17T14:45:12.238574+08:00
2018-08-24,72.8,72.8,72.5,72.5,89750,6510574,41,,,-3000.0,0.0,0.0,325.0,7.0,,finmind,2026-07-17T14:45:12.238574+08:00
2018-08-27,72.5,72.6,72.5,72.5,47389,3437300,36,,,1000.0,0.0,0.0,261.0,7.0,,finmind,2026-07-17T14:45:12.238574+08:00
2018-08-28,72.6,72.8,72.6,72.6,56658,4115504,44,,,7000.0,0.0,0.0,249.0,6.0,,finmind,2026-07-17T14:45:12.238574+08:00
2018-08-29,72.6,72.7,72.6,72.7,85332,6199502,37,,,nan,nan,nan,235.0,5.0,,finmind,2026-07-17T14:45:12.238574+08:00
2018-08-30,72.8,72.8,72.6,72.6,23372,1697069,23,,,-1000.0,0.0,0.0,210.0,3.0,,finmind,2026-07-17T14:45:12.238574+08:00
2018-08-31,72.6,72.7,72.6,72.6,44106,3202383,43,,,nan,nan,nan,199.0,3.0,,finmind,2026-07-17T14:45:12.238574+08:00
2018-09-03,72.6,72.6,72.6,72.6,27999,2032726,16,,,nan,nan,nan,198.0,3.0,,finmind,2026-07-17T14:45:12.238574+08:00
2018-09-04,72.6,72.7,72.6,72.7,65000,4724800,27,,,3000.0,0.0,0.0,166.0,3.0,,finmind,2026-07-17T14:45:12.238574+08:00
2018-09-05,72.7,72.8,72.7,72.7,23700,1723219,20,,,nan,nan,nan,163.0,3.0,,finmind,2026-07-17T14:45:12.238574+08:00
2018-09-06,72.6,72.9,72.6,72.8,111300,8094450,31,,,nan,nan,nan,156.0,3.0,,finmind,2026-07-17T14:45:12.238574+08:00
2018-09-07,72.8,72.8,72.7,72.7,74006,5383435,41,,,-1000.0,0.0,0.0,154.0,3.0,,finmind,2026-07-17T14:45:12.238574+08:00
2018-09-10,72.7,72.8,72.7,72.7,95646,6957805,50,,,2000.0,0.0,0.0,122.0,3.0,,finmind,2026-07-17T14:45:12.238574+08:00
2018-09-11,72.7,72.7,72.7,72.7,23250,1690250,18,,,nan,nan,nan,114.0,0.0,,finmind,2026-07-17T14:45:12.238574+08:00
2018-09-12,72.6,72.6,72.6,72.6,23948,1738622,23,,,nan,nan,nan,108.0,0.0,,finmind,2026-07-17T14:45:12.238574+08:00
2018-09-13,72.6,72.8,72.6,72.8,46000,3347600,23,,,1000.0,0.0,0.0,102.0,0.0,,finmind,2026-07-17T14:45:12.238574+08:00
2018-09-14,72.7,72.7,72.7,72.7,85804,6237950,24,,,nan,nan,nan,3.0,0.0,,finmind,2026-07-17T14:45:12.238574+08:00
2018-09-17,72.7,72.8,72.7,72.8,58169,4234186,27,,,nan,nan,nan,1.0,0.0,,finmind,2026-07-17T14:45:12.238574+08:00
2018-09-18,72.7,72.8,72.7,72.7,37060,2694360,24,,,nan,nan,nan,1.0,0.0,,finmind,2026-07-17T14:45:12.238574+08:00
2018-09-19,72.6,72.8,72.6,72.7,125397,9120920,50,,,-3000.0,0.0,0.0,1.0,0.0,,finmind,2026-07-17T14:45:12.238574+08:00
2026-06-09,63.9,63.9,63.0,63.2,219214,13881029,183,,,nan,nan,nan,nan,nan,,finmind,2026-07-17T14:45:12.238574+08:00
2026-06-11,67.3,67.3,65.9,65.9,917841,61017621,694,,,nan,nan,nan,nan,nan,,finmind,2026-07-17T14:45:12.238574+08:00
2026-06-17,72.4,72.5,72.3,72.4,401821,29089457,169,,,nan,nan,nan,nan,nan,,finmind,2026-07-17T14:45:12.238574+08:00
2026-06-26,67.3,67.3,65.9,65.9,917841,61017621,694,,,nan,nan,nan,nan,nan,,finmind,2026-07-17T14:45:12.238574+08:00
2026-07-08,67.3,67.3,65.9,65.9,917841,61017621,694,,,nan,nan,nan,nan,nan,,finmind,2026-07-17T14:45:12.238574+08:00
2026-07-09,67.3,67.3,65.9,65.9,917841,61017621,694,,,nan,nan,nan,nan,nan,,finmind,2026-07-17T14:45:12.238574+08:00
