date,open,high,low,close,volume_shares,value_twd,transactions,limit_up,limit_down,foreign_net_shares,trust_net_shares,dealer_net_shares,margin_balance_shares,short_balance_shares,daytrade_ratio,source,fetched_at
2015-01-05,22.5,22.5,22.0,22.2,13004,286788,6,,,nan,nan,nan,1692.0,1.0,,finmind,2026-07-17T15:22:30.084716+08:00
2015-01-06,22.0,22.1,21.95,22.0,44200,972875,29,,,nan,nan,nan,1706.0,1.0,,finmind,2026-07-17T15:22:30.084716+08:00
2015-01-07,22.0,22.2,22.0,22.0,25004,551288,22,,,nan,nan,nan,1708.0,1.0,,finmind,2026-07-17T15:22:30.084716+08:00
2015-01-08,22.1,22.4,22.1,22.4,13038,290706,14,,,nan,nan,nan,1709.0,1.0,,finmind,2026-07-17T15:22:30.084716+08:00
2015-01-09,22.2,22.25,22.1,22.25,7006,155482,12,,,nan,nan,nan,1712.0,1.0,,finmind,2026-07-17T15:22:30.084716+08:00
2015-01-12,22.25,22.25,22.25,22.25,17308,385145,20,,,nan,nan,nan,1709.0,1.0,,finmind,2026-07-17T15:22:30.084716+08:00
2015-01-13,22.2,22.2,22.2,22.2,24032,533512,28,,,nan,nan,nan,1720.0,1.0,,finmind,2026-07-17T15:22:30.084716+08:00
2015-01-14,22.15,22.15,22.15,22.15,4011,88842,13,,,nan,nan,nan,1720.0,1.0,,finmind,2026-07-17T15:22:30.084716+08:00
2015-01-15,22.4,22.4,22.1,22.15,15024,333534,20,,,nan,nan,nan,1715.0,1.0,,finmind,2026-07-17T15:22:30.084716+08:00
2015-01-16,22.4,22.4,22.0,22.0,25124,555157,41,,,nan,nan,nan,1718.0,1.0,,finmind,2026-07-17T15:22:30.084716+08:00
2015-01-19,22.05,22.05,22.0,22.0,40024,880607,32,,,nan,nan,nan,1718.0,1.0,,finmind,2026-07-17T15:22:30.084716+08:00
2015-01-20,22.0,22.0,22.0,22.0,4022,88491,14,,,nan,nan,nan,1716.0,1.0,,finmind,2026-07-17T15:22:30.084716+08:00
2015-01-21,22.0,22.0,21.45,22.0,48034,1049903,38,,,nan,nan,nan,1719.0,1.0,,finmind,2026-07-17T15:22:30.084716+08:00
2015-01-22,22.0,22.0,22.0,22.0,3013,66286,16,,,nan,nan,nan,1716.0,1.0,,finmind,2026-07-17T15:22:30.084716+08:00
2015-01-23,22.0,22.0,22.0,22.0,19081,419803,27,,,nan,nan,nan,1704.0,1.0,,finmind,2026-07-17T15:22:30.084716+08:00
2015-01-26,22.0,22.0,21.95,21.95,10013,219986,18,,,nan,nan,nan,1704.0,1.0,,finmind,2026-07-17T15:22:30.084716+08:00
2015-01-27,22.1,22.5,22.0,22.5,197621,4420244,79,,,nan,nan,nan,1711.0,1.0,,finmind,2026-07-17T15:22:30.084716+08:00
2015-01-28,22.5,22.5,22.3,22.4,22005,494510,15,,,nan,nan,nan,1716.0,1.0,,finmind,2026-07-17T15:22:30.084716+08:00
2015-01-29,22.35,22.4,22.3,22.4,71035,1587977,40,,,nan,nan,nan,1717.0,1.0,,finmind,2026-07-17T15:22:30.084716+08:00
2015-01-30,22.4,22.75,22.35,22.4,89108,1999680,50,,,nan,nan,nan,1750.0,1.0,,finmind,2026-07-17T15:22:30.084716+08:00
2015-02-02,22.4,22.5,22.35,22.4,50117,1122013,35,,,nan,nan,nan,1755.0,1.0,,finmind,2026-07-17T15:22:30.084716+08:00
2015-02-03,22.5,22.55,22.5,22.55,20019,450474,25,,,nan,nan,nan,1757.0,1.0,,finmind,2026-07-17T15:22:30.084716+08:00
2015-02-04,22.5,22.55,22.5,22.5,14084,317046,24,,,nan,nan,nan,1748.0,1.0,,finmind,2026-07-17T15:22:30.084716+08:00
2015-02-05,22.5,22.5,22.4,22.4,36010,808071,21,,,nan,nan,nan,1738.0,1.0,,finmind,2026-07-17T15:22:30.084716+08:00
2015-02-06,22.4,22.55,22.4,22.45,9024,202432,17,,,nan,nan,nan,1741.0,1.0,,finmind,2026-07-17T15:22:30.084716+08:00
2015-02-09,22.4,23.4,22.4,23.2,73005,1670415,50,,,nan,nan,nan,1742.0,1.0,,finmind,2026-07-17T15:22:30.084716+08:00
2015-02-10,22.1,23.35,22.1,23.1,38020,869013,40,,,nan,nan,nan,1738.0,2.0,,finmind,2026-07-17T15:22:30.084716+08:00
2015-02-11,23.2,23.5,23.2,23.4,50071,1168783,95,,,1.0,0.0,0.0,1740.0,2.0,,finmind,2026-07-17T15:22:30.084716+08:00
2015-02-12,23.3,23.5,23.3,23.35,27131,634484,44,,,nan,nan,nan,1749.0,2.0,,finmind,2026-07-17T15:22:30.084716+08:00
2015-02-13,23.35,23.4,23.2,23.4,41017,955941,42,,,nan,nan,nan,1768.0,2.0,,finmind,2026-07-17T15:22:30.084716+08:00
2015-02-24,23.4,24.0,23.3,23.55,130229,3081477,94,,,nan,nan,nan,1802.0,2.0,,finmind,2026-07-17T15:22:30.084716+08:00
2015-02-25,23.6,23.95,23.6,23.9,70086,1666580,64,,,nan,nan,nan,1812.0,2.0,,finmind,2026-07-17T15:22:30.084716+08:00
2015-02-26,23.9,23.9,23.75,23.8,28437,677244,71,,,nan,nan,nan,1817.0,2.0,,finmind,2026-07-17T15:22:30.084716+08:00
2015-03-02,24.0,24.0,23.8,23.8,21184,505045,72,,,nan,nan,nan,1815.0,2.0,,finmind,2026-07-17T15:22:30.084716+08:00
2015-03-03,24.0,24.0,23.7,23.7,30024,716060,36,,,nan,nan,nan,1814.0,2.0,,finmind,2026-07-17T15:22:30.084716+08:00
2015-03-04,23.7,23.85,23.7,23.7,27080,642585,43,,,nan,nan,nan,1809.0,2.0,,finmind,2026-07-17T15:22:30.084716+08:00
2015-03-05,23.8,23.8,23.55,23.8,66052,1561612,68,,,nan,nan,nan,1831.0,2.0,,finmind,2026-07-17T15:22:30.084716+08:00
2015-03-06,23.95,24.0,23.7,24.0,90223,2155202,91,,,nan,nan,nan,1842.0,2.0,,finmind,2026-07-17T15:22:30.084716+08:00
2015-03-09,24.0,24.35,24.0,24.25,80107,1942886,98,,,nan,nan,nan,1811.0,2.0,,finmind,2026-07-17T15:22:30.084716+08:00
2015-03-10,24.35,24.45,24.3,24.35,72060,1756957,69,,,nan,nan,nan,1794.0,2.0,,finmind,2026-07-17T15:22:30.084716+08:00
2015-03-11,24.35,25.4,24.35,25.0,104204,2570800,129,,,nan,nan,nan,1789.0,2.0,,finmind,2026-07-17T15:22:30.084716+08:00
2015-03-12,25.0,26.3,25.0,25.5,296201,7613287,209,,,nan,nan,nan,1828.0,2.0,,finmind,2026-07-17T15:22:30.084716+08:00
2015-03-13,26.0,26.2,25.5,25.6,163158,4204210,148,,,nan,nan,nan,1809.0,2.0,,finmind,2026-07-17T15:22:30.084716+08:00
2015-03-16,25.75,26.9,25.75,26.3,116711,3064900,131,,,nan,nan,nan,1829.0,2.0,,finmind,2026-07-17T15:22:30.084716+08:00
2015-03-17,26.7,28.1,26.7,28.1,456685,12743793,295,,,nan,nan,nan,1970.0,5.0,,finmind,2026-07-17T15:22:30.084716+08:00
2015-03-18,29.95,29.95,27.55,27.75,435116,12396024,378,,,nan,nan,nan,1996.0,4.0,,finmind,2026-07-17T15:22:30.084716+08:00
2015-03-19,27.5,27.55,26.15,26.2,380260,10205849,319,,,nan,nan,nan,2038.0,2.0,,finmind,2026-07-17T15:22:30.084716+08:00
2015-03-20,26.2,27.0,26.0,26.65,91150,2432388,161,,,nan,nan,nan,2041.0,7.0,,finmind,2026-07-17T15:22:30.084716+08:00
2015-03-23,27.95,27.95,26.6,26.6,107110,2888740,146,,,nan,nan,nan,2035.0,7.0,,finmind,2026-07-17T15:22:30.084716+08:00
2015-03-24,26.8,27.5,26.8,27.2,99436,2701579,149,,,nan,nan,nan,2040.0,8.0,,finmind,2026-07-17T15:22:30.084716+08:00
2015-03-25,27.3,27.75,27.3,27.55,174227,4774669,146,,,nan,nan,nan,2093.0,13.0,,finmind,2026-07-17T15:22:30.084716+08:00
2015-03-26,27.5,28.9,27.5,28.2,206945,5842291,289,,,nan,nan,nan,2108.0,18.0,,finmind,2026-07-17T15:22:30.084716+08:00
2015-03-27,28.9,29.0,28.1,28.15,309060,8750951,145,,,nan,nan,nan,2190.0,18.0,,finmind,2026-07-17T15:22:30.084716+08:00
2015-03-30,28.25,28.25,27.1,27.6,197004,5465270,74,,,0.0,0.0,2000.0,2165.0,18.0,,finmind,2026-07-17T15:22:30.084716+08:00
2015-03-31,27.6,28.25,27.6,28.0,71200,1985286,175,,,0.0,0.0,-1000.0,2175.0,18.0,,finmind,2026-07-17T15:22:30.084716+08:00
2015-04-01,28.0,28.15,27.8,28.15,72001,2013929,44,,,0.0,0.0,-1000.0,2178.0,18.0,,finmind,2026-07-17T15:22:30.084716+08:00
2015-04-02,28.1,28.45,28.05,28.45,80000,2253550,44,,,nan,nan,nan,2173.0,18.0,,finmind,2026-07-17T15:22:30.084716+08:00
2015-04-07,28.6,28.6,28.3,28.6,99009,2816020,53,,,nan,nan,nan,2171.0,18.0,,finmind,2026-07-17T15:22:30.084716+08:00
2015-04-08,28.7,28.7,28.2,28.7,88091,2510961,85,,,nan,nan,nan,2151.0,18.0,,finmind,2026-07-17T15:22:30.084716+08:00
2015-04-09,28.8,30.7,28.8,29.9,397839,11955646,380,,,nan,nan,nan,2175.0,18.0,,finmind,2026-07-17T15:22:30.084716+08:00
2015-04-10,29.1,30.45,29.1,30.0,112141,3345893,121,,,nan,nan,nan,2187.0,17.0,,finmind,2026-07-17T15:22:30.084716+08:00
2015-04-13,30.0,30.8,30.0,30.75,137493,4169810,134,,,nan,nan,nan,2227.0,16.0,,finmind,2026-07-17T15:22:30.084716+08:00
2015-04-14,30.7,31.1,30.4,31.1,176760,5448320,308,,,nan,nan,nan,2217.0,16.0,,finmind,2026-07-17T15:22:30.084716+08:00
2015-04-15,31.1,33.25,31.05,33.25,397529,12995740,443,,,0.0,0.0,1000.0,2212.0,15.0,,finmind,2026-07-17T15:22:30.084716+08:00
2015-04-16,35.0,35.55,34.2,34.6,1064165,37418018,667,,,1000.0,0.0,0.0,2377.0,10.0,,finmind,2026-07-17T15:22:30.084716+08:00
2015-04-17,34.2,34.3,33.0,33.4,382090,12825330,293,,,0.0,0.0,4000.0,2330.0,0.0,,finmind,2026-07-17T15:22:30.084716+08:00
2015-04-20,33.0,34.5,32.65,34.0,218304,7278970,439,,,0.0,0.0,-4000.0,2287.0,0.0,,finmind,2026-07-17T15:22:30.084716+08:00
2015-04-21,34.2,35.4,33.7,33.85,264949,9159128,426,,,0.0,0.0,-1000.0,2268.0,0.0,,finmind,2026-07-17T15:22:30.084716+08:00
2015-04-22,34.0,34.0,33.0,33.2,238735,7949278,291,,,0.0,0.0,7000.0,2315.0,0.0,,finmind,2026-07-17T15:22:30.084716+08:00
2015-04-23,34.0,34.2,33.2,33.95,90239,3019197,83,,,0.0,0.0,-7000.0,2320.0,2.0,,finmind,2026-07-17T15:22:30.084716+08:00
2015-04-24,33.95,34.5,33.55,33.95,119205,4055313,80,,,nan,nan,nan,2293.0,3.0,,finmind,2026-07-17T15:22:30.084716+08:00
2015-04-27,34.5,36.3,34.5,36.3,589718,20981603,360,,,9000.0,0.0,0.0,2356.0,42.0,,finmind,2026-07-17T15:22:30.084716+08:00
2015-04-28,37.1,38.8,36.5,38.8,874418,33228044,508,,,-8000.0,0.0,0.0,2441.0,49.0,,finmind,2026-07-17T15:22:30.084716+08:00
2015-04-29,39.5,41.4,38.85,40.0,1145259,46041088,774,,,-1000.0,0.0,0.0,2409.0,14.0,,finmind,2026-07-17T15:22:30.084716+08:00
2015-04-30,40.3,40.6,39.15,40.2,450662,18038909,342,,,3000.0,0.0,0.0,2460.0,17.0,,finmind,2026-07-17T15:22:30.084716+08:00
2015-05-04,40.2,40.2,38.7,38.75,552481,21659305,398,,,nan,nan,nan,2442.0,15.0,,finmind,2026-07-17T15:22:30.084716+08:00
2015-05-05,38.5,38.5,36.5,36.5,626358,23334060,373,,,9000.0,0.0,0.0,2478.0,15.0,,finmind,2026-07-17T15:22:30.084716+08:00
2015-05-06,36.55,38.0,36.55,37.35,360012,13441198,228,,,17000.0,0.0,4000.0,2522.0,10.0,,finmind,2026-07-17T15:22:30.084716+08:00
2015-05-07,34.75,36.4,34.75,35.1,888774,31115116,474,,,1000.0,0.0,-4000.0,2492.0,17.0,,finmind,2026-07-17T15:22:30.084716+08:00
2015-05-08,35.05,35.4,34.5,34.75,218040,7593336,146,,,5000.0,0.0,6000.0,2466.0,17.0,,finmind,2026-07-17T15:22:30.084716+08:00
2015-05-11,34.75,34.75,32.35,32.45,329079,10775052,200,,,-2000.0,0.0,0.0,2426.0,30.0,,finmind,2026-07-17T15:22:30.084716+08:00
2015-05-12,32.0,34.5,31.5,34.0,243119,7966644,177,,,7000.0,0.0,-6000.0,2424.0,26.0,,finmind,2026-07-17T15:22:30.084716+08:00
2015-05-13,34.0,34.6,33.6,33.8,171353,5848829,108,,,-14000.0,0.0,0.0,2453.0,17.0,,finmind,2026-07-17T15:22:30.084716+08:00
2015-05-14,33.0,33.75,32.45,32.75,145103,4739259,100,,,-3000.0,0.0,3000.0,2448.0,14.0,,finmind,2026-07-17T15:22:30.084716+08:00
2015-05-15,32.75,32.75,32.4,32.75,97270,3164730,95,,,7000.0,0.0,-1000.0,2435.0,13.0,,finmind,2026-07-17T15:22:30.084716+08:00
2015-05-18,33.0,34.95,33.0,34.1,226229,7772399,249,,,-17999.0,0.0,-2000.0,2433.0,10.0,,finmind,2026-07-17T15:22:30.084716+08:00
2015-05-19,34.9,34.9,33.85,34.1,98116,3358110,137,,,-3000.0,0.0,0.0,2437.0,13.0,,finmind,2026-07-17T15:22:30.084716+08:00
2015-05-20,34.5,34.5,33.75,33.9,61005,2075120,44,,,-1000.0,0.0,0.0,2436.0,13.0,,finmind,2026-07-17T15:22:30.084716+08:00
2015-05-21,33.9,33.9,33.45,33.65,95510,3208732,60,,,nan,nan,nan,2458.0,13.0,,finmind,2026-07-17T15:22:30.084716+08:00
2015-05-22,34.2,34.2,33.65,33.8,52006,1758900,35,,,0.0,0.0,0.0,2466.0,13.0,,finmind,2026-07-17T15:22:30.084716+08:00
2015-05-25,34.0,34.0,33.1,33.5,51101,1712001,50,,,1000.0,0.0,0.0,2458.0,10.0,,finmind,2026-07-17T15:22:30.084716+08:00
2015-05-26,33.8,33.8,32.8,32.9,76103,2511753,66,,,3000.0,0.0,0.0,2459.0,8.0,,finmind,2026-07-17T15:22:30.084716+08:00
2015-05-27,32.5,32.5,30.6,30.7,419187,12938079,236,,,4000.0,0.0,5000.0,2427.0,3.0,,finmind,2026-07-17T15:22:30.084716+08:00
2015-05-28,31.45,31.45,28.6,28.65,542514,15684987,346,,,20000.0,0.0,-1000.0,2349.0,4.0,,finmind,2026-07-17T15:22:30.084716+08:00
2015-05-29,28.7,29.9,28.7,29.05,202104,5910422,134,,,7000.0,0.0,0.0,2358.0,5.0,,finmind,2026-07-17T15:22:30.084716+08:00
2015-06-01,29.1,29.15,26.8,27.5,274100,7515598,191,,,23000.0,0.0,2000.0,2303.0,3.0,,finmind,2026-07-17T15:22:30.084716+08:00
2015-06-02,27.8,28.0,27.3,27.8,97178,2697484,80,,,15000.0,0.0,0.0,2241.0,3.0,,finmind,2026-07-17T15:22:30.084716+08:00
2015-06-03,27.6,27.8,27.2,27.35,100007,2741110,71,,,9000.0,0.0,0.0,2251.0,4.0,,finmind,2026-07-17T15:22:30.084716+08:00
2015-06-04,27.45,28.1,27.0,27.45,111003,3048640,80,,,-2000.0,0.0,-6000.0,2271.0,5.0,,finmind,2026-07-17T15:22:30.084716+08:00
2015-06-05,27.1,27.1,25.05,25.8,140016,3624530,100,,,8000.0,0.0,0.0,2294.0,9.0,,finmind,2026-07-17T15:22:30.084716+08:00
2015-06-08,25.8,25.8,24.15,24.8,166000,4126300,119,,,17000.0,0.0,2000.0,2258.0,7.0,,finmind,2026-07-17T15:22:30.084716+08:00
2015-06-09,24.8,25.2,24.6,25.0,127000,3151650,91,,,5000.0,0.0,0.0,2213.0,4.0,,finmind,2026-07-17T15:22:30.084716+08:00
2015-06-10,24.8,25.0,24.15,24.5,113001,2777277,75,,,12000.0,0.0,-1000.0,2216.0,4.0,,finmind,2026-07-17T15:22:30.084716+08:00
2015-06-11,24.6,24.6,22.05,22.7,428899,9840960,238,,,13000.0,0.0,4000.0,2260.0,6.0,,finmind,2026-07-17T15:22:30.084716+08:00
2015-06-12,22.75,24.95,22.75,24.95,391000,9646500,214,,,4000.0,0.0,-5000.0,2217.0,6.0,,finmind,2026-07-17T15:22:30.084716+08:00
2015-06-15,25.5,26.8,25.5,25.8,467105,12196111,308,,,-3000.0,0.0,1000.0,2221.0,4.0,,finmind,2026-07-17T15:22:30.084716+08:00
2015-06-16,25.8,26.0,25.0,25.15,130203,3302890,104,,,-4000.0,0.0,-1000.0,2220.0,5.0,,finmind,2026-07-17T15:22:30.084716+08:00
2015-06-17,25.5,25.85,25.05,25.3,77001,1947027,56,,,-4000.0,0.0,2000.0,2217.0,5.0,,finmind,2026-07-17T15:22:30.084716+08:00
2015-06-18,25.3,25.8,25.15,25.7,116000,2953500,56,,,-2000.0,0.0,-2000.0,2204.0,4.0,,finmind,2026-07-17T15:22:30.084716+08:00
2015-06-22,26.2,26.2,25.55,25.75,67000,1724400,48,,,2000.0,0.0,0.0,2194.0,4.0,,finmind,2026-07-17T15:22:30.084716+08:00
2015-06-23,25.75,26.5,25.65,25.8,48018,1239771,43,,,-1000.0,0.0,0.0,2187.0,4.0,,finmind,2026-07-17T15:22:30.084716+08:00
2015-06-24,27.0,27.0,25.8,25.8,55201,1439026,48,,,0.0,0.0,1000.0,2180.0,3.0,,finmind,2026-07-17T15:22:30.084716+08:00
2015-06-25,26.15,26.15,25.8,25.85,41002,1060556,34,,,-2000.0,0.0,-1000.0,2189.0,3.0,,finmind,2026-07-17T15:22:30.084716+08:00
2015-06-26,26.2,27.75,26.05,27.0,294000,7941450,214,,,-2000.0,0.0,0.0,2248.0,7.0,,finmind,2026-07-17T15:22:30.084716+08:00
2015-06-29,27.8,28.4,27.0,28.35,281075,7864917,179,,,-6000.0,0.0,0.0,2259.0,11.0,,finmind,2026-07-17T15:22:30.084716+08:00
2015-06-30,28.6,29.75,27.75,27.75,194075,5543837,150,,,-12000.0,0.0,3000.0,2243.0,9.0,,finmind,2026-07-17T15:22:30.084716+08:00
2015-07-01,28.4,28.4,27.75,27.95,66019,1858840,52,,,-6000.0,0.0,-2000.0,2248.0,9.0,,finmind,2026-07-17T15:22:30.084716+08:00
2015-07-02,28.5,29.6,28.5,29.5,238104,6953005,166,,,-7000.0,0.0,-1000.0,2233.0,7.0,,finmind,2026-07-17T15:22:30.084716+08:00
2015-07-03,30.0,30.45,29.25,30.3,275081,8272211,194,,,-12000.0,0.0,0.0,2207.0,7.0,,finmind,2026-07-17T15:22:30.084716+08:00
2015-07-06,30.0,30.1,29.0,29.4,86401,2543067,74,,,-8000.0,0.0,3000.0,2211.0,7.0,,finmind,2026-07-17T15:22:30.084716+08:00
2015-07-07,30.05,30.05,28.6,29.0,94005,2722160,82,,,-6000.0,0.0,-3000.0,2224.0,7.0,,finmind,2026-07-17T15:22:30.084716+08:00
2015-07-08,28.5,28.5,26.7,26.8,136001,3707730,101,,,1000.0,0.0,5000.0,2230.0,7.0,,finmind,2026-07-17T15:22:30.084716+08:00
2015-07-09,26.3,27.7,26.3,27.5,36006,974665,34,,,-2000.0,0.0,-5000.0,2237.0,1.0,,finmind,2026-07-17T15:22:30.084716+08:00
2015-07-13,27.6,27.6,26.8,27.4,67004,1819770,44,,,3000.0,0.0,1000.0,2205.0,1.0,,finmind,2026-07-17T15:22:30.084716+08:00
2015-07-14,27.2,28.2,27.2,27.55,51010,1409476,30,,,2000.0,0.0,-1000.0,2183.0,1.0,,finmind,2026-07-17T15:22:30.084716+08:00
2015-07-15,28.3,28.3,27.55,27.55,49000,1357150,29,,,0.0,0.0,1000.0,2182.0,1.0,,finmind,2026-07-17T15:22:30.084716+08:00
2015-07-16,28.05,28.05,27.55,27.65,24003,666340,24,,,2000.0,0.0,-1000.0,2181.0,1.0,,finmind,2026-07-17T15:22:30.084716+08:00
2015-07-17,27.95,27.95,27.3,27.35,45120,1243297,32,,,nan,nan,nan,2184.0,1.0,,finmind,2026-07-17T15:22:30.084716+08:00
2015-07-20,27.25,27.25,26.05,26.05,69025,1839980,44,,,2000.0,0.0,1000.0,2190.0,1.0,,finmind,2026-07-17T15:22:30.084716+08:00
2015-07-21,26.0,26.0,25.35,25.35,97002,2484656,48,,,0.0,0.0,-1000.0,2175.0,0.0,,finmind,2026-07-17T15:22:30.084716+08:00
2015-07-22,25.1,25.1,24.55,25.0,113029,2804932,66,,,3000.0,0.0,0.0,2152.0,1.0,,finmind,2026-07-17T15:22:30.084716+08:00
2015-07-23,25.0,25.9,24.6,24.9,45013,1128575,44,,,3000.0,0.0,3000.0,2131.0,1.0,,finmind,2026-07-17T15:22:30.084716+08:00
2015-07-24,25.55,25.55,24.7,25.15,36006,898112,36,,,1000.0,0.0,-3000.0,2131.0,0.0,,finmind,2026-07-17T15:22:30.084716+08:00
2015-07-27,25.0,25.0,23.3,23.3,140016,3383300,89,,,0.0,0.0,3000.0,2106.0,0.0,,finmind,2026-07-17T15:22:30.084716+08:00
2015-07-28,22.9,23.6,22.9,23.35,71044,1652074,66,,,8000.0,0.0,-3000.0,2099.0,0.0,,finmind,2026-07-17T15:22:30.084716+08:00
2015-07-29,24.0,25.0,23.4,24.4,83116,2015694,66,,,nan,nan,nan,2090.0,0.0,,finmind,2026-07-17T15:22:30.084716+08:00
2015-07-30,22.5,24.3,22.5,24.3,73802,1702307,62,,,nan,nan,nan,2085.0,2.0,,finmind,2026-07-17T15:22:30.084716+08:00
2015-07-31,23.8,24.05,23.05,23.8,23072,544699,22,,,-2000.0,0.0,0.0,2082.0,1.0,,finmind,2026-07-17T15:22:30.084716+08:00
2015-08-03,24.6,24.6,23.1,24.0,30051,714988,30,,,-4000.0,0.0,0.0,2077.0,1.0,,finmind,2026-07-17T15:22:30.084716+08:00
2015-08-04,24.5,24.5,23.0,23.0,45051,1059381,34,,,-2000.0,0.0,0.0,2053.0,0.0,,finmind,2026-07-17T15:22:30.084716+08:00
2015-08-05,22.05,23.5,22.05,22.9,23401,529492,39,,,-1000.0,0.0,0.0,2053.0,0.0,,finmind,2026-07-17T15:22:30.084716+08:00
2015-08-06,23.8,23.8,22.65,23.35,6024,140060,12,,,nan,nan,nan,2050.0,0.0,,finmind,2026-07-17T15:22:30.084716+08:00
2015-08-07,23.1,23.8,23.1,23.35,8312,195355,22,,,nan,nan,nan,2047.0,0.0,,finmind,2026-07-17T15:22:30.084716+08:00
2015-08-10,25.15,25.25,23.0,23.6,205003,4970325,108,,,nan,nan,nan,2055.0,0.0,,finmind,2026-07-17T15:22:30.084716+08:00
2015-08-11,23.6,24.0,23.0,23.05,59002,1368996,40,,,nan,nan,nan,2057.0,0.0,,finmind,2026-07-17T15:22:30.084716+08:00
2015-08-12,22.8,22.8,22.1,22.7,91301,2039721,61,,,nan,nan,nan,2046.0,7.0,,finmind,2026-07-17T15:22:30.084716+08:00
2015-08-13,22.25,23.4,22.25,23.4,19254,432207,19,,,nan,nan,nan,2053.0,10.0,,finmind,2026-07-17T15:22:30.084716+08:00
2015-08-14,22.6,22.8,22.5,22.8,22008,496185,20,,,nan,nan,nan,2048.0,10.0,,finmind,2026-07-17T15:22:30.084716+08:00
2015-08-17,22.25,22.3,22.0,22.0,63004,1393446,35,,,nan,nan,nan,2023.0,10.0,,finmind,2026-07-17T15:22:30.084716+08:00
2015-08-18,22.45,22.45,21.5,21.8,33061,721974,30,,,nan,nan,nan,2022.0,10.0,,finmind,2026-07-17T15:22:30.084716+08:00
2015-08-19,22.8,22.8,21.0,21.9,78300,1675304,51,,,nan,nan,nan,2029.0,9.0,,finmind,2026-07-17T15:22:30.084716+08:00
2015-08-20,22.3,22.3,21.1,21.2,56142,1200987,37,,,nan,nan,nan,2027.0,9.0,,finmind,2026-07-17T15:22:30.084716+08:00
2015-08-21,21.0,21.0,20.05,20.4,114012,2322376,74,,,nan,nan,nan,2031.0,8.0,,finmind,2026-07-17T15:22:30.084716+08:00
2015-08-24,19.7,20.1,18.5,19.0,224200,4224200,99,,,-1000.0,0.0,0.0,2048.0,3.0,,finmind,2026-07-17T15:22:30.084716+08:00
2015-08-25,19.0,19.0,18.3,18.9,57114,1068268,41,,,nan,nan,nan,2015.0,1.0,,finmind,2026-07-17T15:22:30.084716+08:00
2015-08-26,18.7,18.8,18.2,18.7,129010,2392490,65,,,nan,nan,nan,1952.0,1.0,,finmind,2026-07-17T15:22:30.084716+08:00
2015-08-27,18.7,19.7,18.7,19.25,77036,1471728,50,,,1000.0,0.0,0.0,1936.0,1.0,,finmind,2026-07-17T15:22:30.084716+08:00
2015-08-28,19.3,19.75,19.3,19.4,11607,225312,17,,,1000.0,0.0,0.0,1933.0,1.0,,finmind,2026-07-17T15:22:30.084716+08:00
2015-08-31,19.5,20.95,19.5,20.9,65300,1325350,54,,,nan,nan,nan,1928.0,1.0,,finmind,2026-07-17T15:22:30.084716+08:00
2015-09-01,21.5,21.5,20.3,20.6,31061,645594,47,,,nan,nan,nan,1926.0,1.0,,finmind,2026-07-17T15:22:30.084716+08:00
2015-09-02,20.1,20.2,20.0,20.15,44001,885720,34,,,-1000.0,0.0,0.0,1919.0,1.0,,finmind,2026-07-17T15:22:30.084716+08:00
2015-09-03,20.0,20.4,19.8,20.2,54184,1085680,41,,,nan,nan,nan,1921.0,1.0,,finmind,2026-07-17T15:22:30.084716+08:00
2015-09-04,20.2,20.5,19.85,20.0,42016,847004,23,,,nan,nan,nan,1909.0,1.0,,finmind,2026-07-17T15:22:30.084716+08:00
2015-09-07,19.8,20.0,19.2,19.55,40002,779040,28,,,-10000.0,0.0,0.0,1907.0,1.0,,finmind,2026-07-17T15:22:30.084716+08:00
2015-09-08,20.25,20.25,19.2,19.6,164252,3204342,50,,,-14000.0,0.0,0.0,1812.0,1.0,,finmind,2026-07-17T15:22:30.084716+08:00
2015-09-09,19.6,19.7,19.3,19.6,135110,2630794,64,,,-12000.0,0.0,0.0,1836.0,1.0,,finmind,2026-07-17T15:22:30.084716+08:00
2015-09-10,19.5,19.8,19.45,19.6,60053,1176085,33,,,-11000.0,0.0,0.0,1813.0,1.0,,finmind,2026-07-17T15:22:30.084716+08:00
2015-09-11,19.45,19.5,19.2,19.35,74224,1436333,55,,,-10000.0,0.0,0.0,1783.0,1.0,,finmind,2026-07-17T15:22:30.084716+08:00
2015-09-14,19.5,19.5,18.9,19.1,154088,2960741,69,,,-13000.0,0.0,0.0,1725.0,0.0,,finmind,2026-07-17T15:22:30.084716+08:00
2015-09-15,19.2,19.2,18.45,18.9,136161,2558607,71,,,-13000.0,0.0,0.0,1680.0,0.0,,finmind,2026-07-17T15:22:30.084716+08:00
2015-09-16,18.7,18.9,18.6,18.9,96171,1799350,56,,,-3000.0,0.0,0.0,1669.0,0.0,,finmind,2026-07-17T15:22:30.084716+08:00
2015-09-17,18.95,19.35,18.95,19.2,53301,1021499,42,,,nan,nan,nan,1671.0,0.0,,finmind,2026-07-17T15:22:30.084716+08:00
2015-09-18,19.35,19.45,19.25,19.35,63903,1236396,80,,,nan,nan,nan,1667.0,0.0,,finmind,2026-07-17T15:22:30.084716+08:00
2015-09-21,19.25,19.25,18.85,18.9,34700,658653,54,,,-4000.0,0.0,0.0,1671.0,0.0,,finmind,2026-07-17T15:22:30.084716+08:00
2015-09-22,18.95,19.15,18.85,19.05,44358,841138,50,,,nan,nan,nan,1676.0,0.0,,finmind,2026-07-17T15:22:30.084716+08:00
2015-09-23,19.0,19.15,18.95,19.1,41659,792932,42,,,-750.0,0.0,0.0,1676.0,0.0,,finmind,2026-07-17T15:22:30.084716+08:00
2015-09-24,18.8,19.05,18.65,18.7,90884,1702396,58,,,nan,nan,nan,1676.0,0.0,,finmind,2026-07-17T15:22:30.084716+08:00
2015-09-25,18.75,18.8,18.6,18.7,63772,1187933,43,,,nan,nan,nan,1661.0,0.0,,finmind,2026-07-17T15:22:30.084716+08:00
2015-09-30,18.5,18.65,18.5,18.65,35910,667350,31,,,nan,nan,nan,1636.0,0.0,,finmind,2026-07-17T15:22:30.084716+08:00
2015-10-01,18.7,18.85,18.7,18.8,18746,352228,25,,,-1000.0,0.0,0.0,1633.0,0.0,,finmind,2026-07-17T15:22:30.084716+08:00
2015-10-02,18.9,20.3,18.9,19.6,142450,2800367,103,,,2000.0,0.0,0.0,1635.0,0.0,,finmind,2026-07-17T15:22:30.084716+08:00
2015-10-05,20.0,20.8,19.5,20.5,85552,1705762,66,,,1000.0,0.0,0.0,1631.0,0.0,,finmind,2026-07-17T15:22:30.084716+08:00
2015-10-06,20.85,20.9,20.25,20.45,75500,1543197,60,,,nan,nan,nan,1615.0,0.0,,finmind,2026-07-17T15:22:30.084716+08:00
2015-10-07,20.05,20.75,20.05,20.25,20024,410996,19,,,-2000.0,0.0,0.0,1617.0,0.0,,finmind,2026-07-17T15:22:30.084716+08:00
2015-10-08,20.35,20.35,19.8,20.0,23771,478456,23,,,-1000.0,0.0,0.0,1610.0,0.0,,finmind,2026-07-17T15:22:30.084716+08:00
2015-10-12,20.1,20.1,19.65,19.65,62300,1237892,32,,,nan,nan,nan,1590.0,0.0,,finmind,2026-07-17T15:22:30.084716+08:00
2015-10-13,19.55,20.0,19.55,19.85,51110,1013679,24,,,1000.0,0.0,0.0,1549.0,0.0,,finmind,2026-07-17T15:22:30.084716+08:00
2015-10-14,19.85,19.9,19.7,19.75,27051,534620,21,,,3000.0,0.0,0.0,1535.0,0.0,,finmind,2026-07-17T15:22:30.084716+08:00
2015-10-15,19.7,20.0,19.65,19.65,56214,1109344,36,,,nan,nan,nan,1500.0,0.0,,finmind,2026-07-17T15:22:30.084716+08:00
2015-10-16,19.9,20.0,19.8,19.8,31263,622717,24,,,nan,nan,nan,1495.0,0.0,,finmind,2026-07-17T15:22:30.084716+08:00
2015-10-19,20.0,20.4,19.8,20.0,71351,1425170,40,,,nan,nan,nan,1454.0,0.0,,finmind,2026-07-17T15:22:30.084716+08:00
2015-10-20,20.0,20.0,19.75,19.9,16119,319830,19,,,nan,nan,nan,1453.0,0.0,,finmind,2026-07-17T15:22:30.084716+08:00
2015-10-21,20.0,20.0,19.7,19.8,50408,1001910,30,,,nan,nan,nan,1436.0,0.0,,finmind,2026-07-17T15:22:30.084716+08:00
2015-10-22,19.8,19.8,19.7,19.8,22111,437204,20,,,nan,nan,nan,1438.0,0.0,,finmind,2026-07-17T15:22:30.084716+08:00
2015-10-23,20.45,20.45,20.0,20.25,113450,2283050,51,,,-4000.0,0.0,0.0,1438.0,0.0,,finmind,2026-07-17T15:22:30.084716+08:00
2015-10-26,20.4,20.85,20.25,20.5,79010,1620804,46,,,nan,nan,nan,1425.0,0.0,,finmind,2026-07-17T15:22:30.084716+08:00
2015-10-27,20.35,20.45,20.25,20.4,40000,815250,23,,,nan,nan,nan,1426.0,0.0,,finmind,2026-07-17T15:22:30.084716+08:00
2015-10-28,20.3,20.3,20.15,20.15,28337,573387,25,,,nan,nan,nan,1409.0,0.0,,finmind,2026-07-17T15:22:30.084716+08:00
2015-10-29,20.15,20.15,20.0,20.0,62050,1244088,28,,,-1000.0,0.0,0.0,1365.0,0.0,,finmind,2026-07-17T15:22:30.084716+08:00
2015-10-30,19.95,20.0,19.95,20.0,25213,503960,18,,,nan,nan,nan,1370.0,0.0,,finmind,2026-07-17T15:22:30.084716+08:00
2015-11-02,20.0,20.0,20.0,20.0,60031,1200620,33,,,nan,nan,nan,1366.0,0.0,,finmind,2026-07-17T15:22:30.084716+08:00
2015-11-03,20.0,20.1,20.0,20.1,12201,244759,12,,,nan,nan,nan,1364.0,0.0,,finmind,2026-07-17T15:22:30.084716+08:00
2015-11-04,20.0,20.45,19.75,20.3,69205,1387539,27,,,1000.0,0.0,0.0,1364.0,0.0,,finmind,2026-07-17T15:22:30.084716+08:00
2015-11-05,20.5,20.75,20.4,20.5,65500,1348349,46,,,nan,nan,nan,1362.0,0.0,,finmind,2026-07-17T15:22:30.084716+08:00
2015-11-06,20.5,20.5,20.2,20.2,28102,571880,14,,,nan,nan,nan,1364.0,0.0,,finmind,2026-07-17T15:22:30.084716+08:00
2015-11-09,20.2,20.5,20.2,20.2,35863,728053,25,,,nan,nan,nan,1365.0,0.0,,finmind,2026-07-17T15:22:30.084716+08:00
2015-11-10,20.2,20.2,20.0,20.0,27060,542300,28,,,nan,nan,nan,1357.0,0.0,,finmind,2026-07-17T15:22:30.084716+08:00
2015-11-11,19.8,20.0,19.05,19.5,128152,2516081,45,,,-1000.0,0.0,0.0,1346.0,0.0,,finmind,2026-07-17T15:22:30.084716+08:00
2015-11-12,19.7,19.7,19.5,19.55,51215,1001647,30,,,nan,nan,nan,1325.0,0.0,,finmind,2026-07-17T15:22:30.084716+08:00
2015-11-13,19.6,19.6,19.45,19.45,64003,1252807,19,,,nan,nan,nan,1302.0,0.0,,finmind,2026-07-17T15:22:30.084716+08:00
2015-11-16,19.85,19.95,19.45,19.95,4158,81844,13,,,nan,nan,nan,1302.0,0.0,,finmind,2026-07-17T15:22:30.084716+08:00
2015-11-17,19.95,20.5,19.8,20.1,29343,588570,27,,,6000.0,0.0,0.0,1301.0,0.0,,finmind,2026-07-17T15:22:30.084716+08:00
2015-11-18,20.5,20.8,20.3,20.45,42150,863343,37,,,nan,nan,nan,1305.0,2.0,,finmind,2026-07-17T15:22:30.084716+08:00
2015-11-19,20.5,20.5,20.2,20.2,21050,429007,13,,,-1000.0,0.0,0.0,1303.0,2.0,,finmind,2026-07-17T15:22:30.084716+08:00
2015-11-20,20.2,20.3,20.1,20.3,21274,431215,29,,,nan,nan,nan,1191.0,2.0,,finmind,2026-07-17T15:22:30.084716+08:00
2015-11-23,20.3,20.7,20.2,20.35,28000,573500,20,,,nan,nan,nan,1189.0,2.0,,finmind,2026-07-17T15:22:30.084716+08:00
2015-11-24,20.1,20.1,20.0,20.1,37282,746366,39,,,nan,nan,nan,1189.0,2.0,,finmind,2026-07-17T15:22:30.084716+08:00
2015-11-25,20.0,20.2,19.8,20.2,79222,1583023,35,,,5000.0,0.0,0.0,1189.0,2.0,,finmind,2026-07-17T15:22:30.084716+08:00
2015-11-26,19.9,20.1,19.9,20.05,58991,1179070,64,,,nan,nan,nan,1190.0,2.0,,finmind,2026-07-17T15:22:30.084716+08:00
2015-11-27,20.4,20.4,19.9,20.2,39561,791020,18,,,nan,nan,nan,1197.0,2.0,,finmind,2026-07-17T15:22:30.084716+08:00
2015-11-30,20.4,20.4,19.85,19.9,59105,1184977,38,,,-10000.0,0.0,0.0,1205.0,2.0,,finmind,2026-07-17T15:22:30.084716+08:00
2015-12-01,19.95,20.4,19.95,20.4,75506,1519918,44,,,1000.0,0.0,0.0,1210.0,2.0,,finmind,2026-07-17T15:22:30.084716+08:00
2015-12-02,20.5,21.85,20.5,21.5,158564,3348828,115,,,0.0,0.0,0.0,1233.0,2.0,,finmind,2026-07-17T15:22:30.084716+08:00
2015-12-03,21.5,21.95,21.0,21.2,100383,2129366,73,,,nan,nan,nan,1263.0,2.0,,finmind,2026-07-17T15:22:30.084716+08:00
2015-12-04,20.75,21.1,20.4,20.9,95110,1974040,54,,,nan,nan,nan,1272.0,2.0,,finmind,2026-07-17T15:22:30.084716+08:00
2015-12-07,21.0,21.75,21.0,21.6,71364,1542573,55,,,-1000.0,0.0,0.0,1254.0,2.0,,finmind,2026-07-17T15:22:30.084716+08:00
2015-12-08,21.95,21.95,21.0,21.2,68013,1447473,43,,,nan,nan,nan,1259.0,2.0,,finmind,2026-07-17T15:22:30.084716+08:00
2015-12-09,21.0,21.25,21.0,21.0,67055,1408405,38,,,9000.0,0.0,0.0,1267.0,2.0,,finmind,2026-07-17T15:22:30.084716+08:00
2015-12-10,21.0,21.5,21.0,21.2,27250,577222,26,,,3000.0,0.0,0.0,1254.0,2.0,,finmind,2026-07-17T15:22:30.084716+08:00
2015-12-11,21.3,21.75,21.3,21.5,98896,2132270,54,,,-1000.0,0.0,0.0,1247.0,2.0,,finmind,2026-07-17T15:22:30.084716+08:00
2015-12-14,21.1,21.4,21.1,21.35,28125,596749,25,,,nan,nan,nan,1235.0,2.0,,finmind,2026-07-17T15:22:30.084716+08:00
2015-12-15,21.4,21.4,21.35,21.35,18101,387107,26,,,nan,nan,nan,1227.0,2.0,,finmind,2026-07-17T15:22:30.084716+08:00
2015-12-16,21.5,21.5,21.4,21.4,6019,129005,14,,,nan,nan,nan,1225.0,2.0,,finmind,2026-07-17T15:22:30.084716+08:00
2015-12-17,21.4,21.7,21.35,21.5,30070,645238,42,,,-4000.0,0.0,0.0,1222.0,2.0,,finmind,2026-07-17T15:22:30.084716+08:00
2015-12-18,21.5,21.7,21.4,21.7,22304,481332,21,,,nan,nan,nan,1235.0,2.0,,finmind,2026-07-17T15:22:30.084716+08:00
2015-12-21,21.5,21.5,21.4,21.5,23018,494678,28,,,nan,nan,nan,1223.0,2.0,,finmind,2026-07-17T15:22:30.084716+08:00
2015-12-22,21.4,21.5,21.1,21.5,30050,639161,25,,,nan,nan,nan,1220.0,2.0,,finmind,2026-07-17T15:22:30.084716+08:00
2015-12-23,21.3,21.4,21.3,21.35,22112,472267,26,,,nan,nan,nan,1218.0,2.0,,finmind,2026-07-17T15:22:30.084716+08:00
2015-12-24,21.4,21.6,21.2,21.3,17201,367239,27,,,nan,nan,nan,1216.0,2.0,,finmind,2026-07-17T15:22:30.084716+08:00
2015-12-25,21.3,21.3,21.3,21.3,4535,96590,19,,,nan,nan,nan,1215.0,2.0,,finmind,2026-07-17T15:22:30.084716+08:00
2015-12-28,21.1,21.2,21.0,21.2,41876,883496,44,,,3000.0,0.0,0.0,1214.0,2.0,,finmind,2026-07-17T15:22:30.084716+08:00
2015-12-29,21.2,21.2,21.0,21.0,22029,463509,26,,,nan,nan,nan,1217.0,2.0,,finmind,2026-07-17T15:22:30.084716+08:00
2015-12-30,20.8,21.3,20.7,21.3,16100,336609,24,,,nan,nan,nan,1217.0,2.0,,finmind,2026-07-17T15:22:30.084716+08:00
2015-12-31,21.0,21.3,21.0,21.0,9019,190551,19,,,nan,nan,nan,1217.0,2.0,,finmind,2026-07-17T15:22:30.084716+08:00
2016-01-04,21.3,21.3,20.9,20.9,14439,306008,40,,,nan,nan,nan,1209.0,2.0,,finmind,2026-07-17T15:22:30.084716+08:00
2016-01-05,21.0,21.0,20.7,20.95,6032,125423,18,,,nan,nan,nan,1209.0,2.0,,finmind,2026-07-17T15:22:30.084716+08:00
2016-01-06,20.1,20.85,20.1,20.6,74004,1515730,37,,,11000.0,0.0,0.0,1208.0,3.0,,finmind,2026-07-17T15:22:30.084716+08:00
2016-01-07,20.5,20.5,20.15,20.45,17142,348425,32,,,nan,nan,nan,1206.0,2.0,,finmind,2026-07-17T15:22:30.084716+08:00
2016-01-08,20.5,20.6,20.5,20.6,12011,246320,14,,,nan,nan,nan,1206.0,2.0,,finmind,2026-07-17T15:22:30.084716+08:00
2016-01-11,20.3,20.5,20.1,20.5,15101,305747,22,,,nan,nan,nan,1210.0,2.0,,finmind,2026-07-17T15:22:30.084716+08:00
2016-01-12,20.75,20.75,20.3,20.6,8022,164940,27,,,nan,nan,nan,1211.0,2.0,,finmind,2026-07-17T15:22:30.084716+08:00
2016-01-13,20.3,20.35,20.3,20.3,14327,291244,28,,,nan,nan,nan,1213.0,2.0,,finmind,2026-07-17T15:22:30.084716+08:00
2016-01-14,20.5,20.5,20.1,20.2,11200,226301,40,,,nan,nan,nan,1213.0,2.0,,finmind,2026-07-17T15:22:30.084716+08:00
2016-01-15,20.2,20.45,20.0,20.45,15227,306568,43,,,nan,nan,nan,1212.0,2.0,,finmind,2026-07-17T15:22:30.084716+08:00
2016-01-18,20.4,20.7,20.3,20.7,18292,373902,26,,,nan,nan,nan,1210.0,2.0,,finmind,2026-07-17T15:22:30.084716+08:00
2016-01-19,20.5,20.5,20.4,20.4,7650,156557,14,,,nan,nan,nan,1210.0,2.0,,finmind,2026-07-17T15:22:30.084716+08:00
2016-01-20,20.2,20.3,20.0,20.3,23349,470126,37,,,-6000.0,0.0,0.0,1214.0,2.0,,finmind,2026-07-17T15:22:30.084716+08:00
2016-01-21,20.1,20.9,20.1,20.5,48007,991440,18,,,nan,nan,nan,1209.0,2.0,,finmind,2026-07-17T15:22:30.084716+08:00
2016-01-22,20.4,20.6,20.4,20.6,3051,62442,18,,,nan,nan,nan,1209.0,2.0,,finmind,2026-07-17T15:22:30.084716+08:00
2016-01-25,20.75,20.75,20.5,20.7,14026,289384,12,,,nan,nan,nan,1209.0,2.0,,finmind,2026-07-17T15:22:30.084716+08:00
2016-01-26,20.7,20.7,20.7,20.7,3313,68569,18,,,nan,nan,nan,1209.0,2.0,,finmind,2026-07-17T15:22:30.084716+08:00
2016-01-27,20.7,20.7,20.5,20.65,7301,150259,19,,,nan,nan,nan,1212.0,2.0,,finmind,2026-07-17T15:22:30.084716+08:00
2016-01-28,20.7,20.7,20.7,20.7,7250,150019,18,,,3000.0,0.0,0.0,1212.0,2.0,,finmind,2026-07-17T15:22:30.084716+08:00
2016-01-29,20.95,20.95,20.95,20.95,5250,109915,16,,,nan,nan,nan,1212.0,2.0,,finmind,2026-07-17T15:22:30.084716+08:00
2016-01-30,21.0,21.05,20.9,21.0,45000,943450,29,,,nan,nan,nan,1225.0,2.0,,finmind,2026-07-17T15:22:30.084716+08:00
2016-02-01,21.0,21.0,20.75,20.9,15406,321626,29,,,-1000.0,0.0,0.0,1227.0,2.0,,finmind,2026-07-17T15:22:30.084716+08:00
2016-02-02,20.7,20.9,20.7,20.9,5326,110793,15,,,nan,nan,nan,1229.0,2.0,,finmind,2026-07-17T15:22:30.084716+08:00
2016-02-03,20.8,20.95,20.75,20.95,28017,583957,28,,,nan,nan,nan,1234.0,2.0,,finmind,2026-07-17T15:22:30.084716+08:00
2016-02-15,20.85,20.85,20.6,20.6,37297,774701,55,,,11000.0,0.0,0.0,1230.0,2.0,,finmind,2026-07-17T15:22:30.084716+08:00
2016-02-16,20.7,20.8,20.55,20.6,38061,786746,50,,,nan,nan,nan,1233.0,2.0,,finmind,2026-07-17T15:22:30.084716+08:00
2016-02-17,20.6,20.85,20.6,20.85,40037,824990,41,,,39000.0,0.0,0.0,1194.0,2.0,,finmind,2026-07-17T15:22:30.084716+08:00
2016-02-18,20.85,21.0,20.75,21.0,33350,694109,47,,,5000.0,0.0,0.0,1201.0,2.0,,finmind,2026-07-17T15:22:30.084716+08:00
2016-02-19,21.2,22.6,21.2,22.6,153242,3388135,110,,,-11000.0,0.0,0.0,1245.0,2.0,,finmind,2026-07-17T15:22:30.084716+08:00
2016-02-22,22.7,24.7,22.7,24.65,271300,6532614,198,,,-18000.0,0.0,0.0,1321.0,3.0,,finmind,2026-07-17T15:22:30.084716+08:00
2016-02-23,24.5,24.5,24.0,24.3,133106,3223053,114,,,nan,nan,nan,1358.0,2.0,,finmind,2026-07-17T15:22:30.084716+08:00
2016-02-24,23.75,24.7,23.75,24.1,50556,1217388,54,,,nan,nan,nan,1371.0,2.0,,finmind,2026-07-17T15:22:30.084716+08:00
2016-02-25,24.1,24.45,23.9,24.2,40353,971392,52,,,-1000.0,0.0,0.0,1387.0,2.0,,finmind,2026-07-17T15:22:30.084716+08:00
2016-02-26,24.0,24.1,23.95,24.1,20270,486749,76,,,nan,nan,nan,1390.0,2.0,,finmind,2026-07-17T15:22:30.084716+08:00
2016-03-01,23.95,24.85,23.95,24.6,86365,2112605,96,,,-10000.0,0.0,0.0,1408.0,2.0,,finmind,2026-07-17T15:22:30.084716+08:00
2016-03-02,24.6,24.65,24.3,24.65,52301,1277283,93,,,0.0,0.0,0.0,1429.0,2.0,,finmind,2026-07-17T15:22:30.084716+08:00
2016-03-03,24.35,24.6,24.15,24.55,48251,1175695,60,,,nan,nan,nan,1448.0,2.0,,finmind,2026-07-17T15:22:30.084716+08:00
2016-03-04,24.55,24.55,24.25,24.45,53451,1302004,79,,,nan,nan,nan,1449.0,2.0,,finmind,2026-07-17T15:22:30.084716+08:00
2016-03-07,24.75,24.75,23.65,24.0,99046,2360306,100,,,8000.0,0.0,0.0,1425.0,2.0,,finmind,2026-07-17T15:22:30.084716+08:00
2016-03-08,24.05,24.1,22.8,23.75,89000,2081550,63,,,-5000.0,0.0,0.0,1440.0,2.0,,finmind,2026-07-17T15:22:30.084716+08:00
2016-03-09,23.75,23.75,23.25,23.6,20050,469852,39,,,nan,nan,nan,1443.0,2.0,,finmind,2026-07-17T15:22:30.084716+08:00
2016-03-10,23.4,23.6,23.25,23.5,38050,888912,61,,,-50.0,0.0,0.0,1436.0,2.0,,finmind,2026-07-17T15:22:30.084716+08:00
2016-03-11,23.0,24.15,23.0,24.15,50125,1187702,127,,,2000.0,0.0,0.0,1455.0,2.0,,finmind,2026-07-17T15:22:30.084716+08:00
2016-03-14,24.3,24.35,23.6,24.05,79632,1896783,102,,,-3000.0,0.0,0.0,1460.0,2.0,,finmind,2026-07-17T15:22:30.084716+08:00
2016-03-15,23.75,23.75,23.25,23.3,86799,2041566,123,,,-2000.0,0.0,0.0,1383.0,2.0,,finmind,2026-07-17T15:22:30.084716+08:00
2016-03-16,23.35,23.7,22.9,23.65,58360,1353338,91,,,1000.0,0.0,0.0,1390.0,2.0,,finmind,2026-07-17T15:22:30.084716+08:00
2016-03-17,23.4,23.8,22.9,23.0,91335,2114775,116,,,-1000.0,0.0,0.0,1404.0,2.0,,finmind,2026-07-17T15:22:30.084716+08:00
2016-03-18,23.05,23.4,23.0,23.4,21265,495820,53,,,nan,nan,nan,1405.0,2.0,,finmind,2026-07-17T15:22:30.084716+08:00
2016-03-21,23.2,23.2,22.85,23.05,37762,868485,187,,,nan,nan,nan,1409.0,2.0,,finmind,2026-07-17T15:22:30.084716+08:00
2016-03-22,23.05,23.25,22.95,23.0,31209,721492,147,,,nan,nan,nan,1414.0,2.0,,finmind,2026-07-17T15:22:30.084716+08:00
2016-03-23,23.0,23.1,22.8,22.95,33352,764098,117,,,nan,nan,nan,1412.0,2.0,,finmind,2026-07-17T15:22:30.084716+08:00
2016-03-24,22.8,22.95,22.7,22.8,20306,463088,80,,,nan,nan,nan,1407.0,2.0,,finmind,2026-07-17T15:22:30.084716+08:00
2016-03-25,22.8,22.8,22.25,22.5,76532,1720868,143,,,nan,nan,nan,1390.0,2.0,,finmind,2026-07-17T15:22:30.084716+08:00
2016-03-28,22.4,22.45,22.1,22.45,17752,395752,82,,,-2000.0,0.0,0.0,1394.0,2.0,,finmind,2026-07-17T15:22:30.084716+08:00
2016-03-29,22.45,22.5,22.2,22.3,64076,1439133,97,,,4000.0,0.0,0.0,1383.0,2.0,,finmind,2026-07-17T15:22:30.084716+08:00
2016-03-30,22.45,22.5,22.45,22.5,2363,53187,94,,,nan,nan,nan,1381.0,2.0,,finmind,2026-07-17T15:22:30.084716+08:00
2016-03-31,22.5,22.5,22.4,22.4,11557,259605,112,,,nan,nan,nan,1381.0,1.0,,finmind,2026-07-17T15:22:30.084716+08:00
2016-04-01,22.4,22.4,22.15,22.4,139095,3112916,84,,,-11000.0,0.0,0.0,1382.0,1.0,,finmind,2026-07-17T15:22:30.084716+08:00
2016-04-06,22.4,23.05,22.4,22.9,33197,757496,74,,,4000.0,0.0,0.0,1387.0,1.0,,finmind,2026-07-17T15:22:30.084716+08:00
2016-04-07,22.7,23.15,22.7,23.15,20111,458116,62,,,1000.0,0.0,0.0,1387.0,1.0,,finmind,2026-07-17T15:22:30.084716+08:00
2016-04-08,23.2,23.2,23.05,23.1,14220,328614,56,,,-2000.0,0.0,0.0,1388.0,1.0,,finmind,2026-07-17T15:22:30.084716+08:00
2016-04-11,23.05,23.15,23.0,23.0,12186,280880,69,,,nan,nan,nan,1386.0,1.0,,finmind,2026-07-17T15:22:30.084716+08:00
2016-04-12,23.2,23.25,22.9,23.05,51222,1180006,86,,,1000.0,0.0,0.0,1378.0,1.0,,finmind,2026-07-17T15:22:30.084716+08:00
2016-04-13,23.05,23.05,22.9,23.0,19503,448069,75,,,-1000.0,0.0,0.0,1385.0,1.0,,finmind,2026-07-17T15:22:30.084716+08:00
2016-04-14,22.95,23.0,22.75,22.95,39117,895641,76,,,-1000.0,0.0,0.0,1396.0,0.0,,finmind,2026-07-17T15:22:30.084716+08:00
2016-04-15,22.7,22.8,22.6,22.8,29060,659182,68,,,nan,nan,nan,1399.0,0.0,,finmind,2026-07-17T15:22:30.084716+08:00
2016-04-18,22.6,22.6,22.4,22.5,24300,546490,62,,,-2000.0,0.0,0.0,1380.0,0.0,,finmind,2026-07-17T15:22:30.084716+08:00
2016-04-19,22.5,22.75,22.5,22.75,7501,169113,55,,,2000.0,0.0,0.0,1384.0,0.0,,finmind,2026-07-17T15:22:30.084716+08:00
2016-04-20,22.75,22.9,22.5,22.5,46159,1047089,87,,,-1000.0,0.0,0.0,1393.0,0.0,,finmind,2026-07-17T15:22:30.084716+08:00
2016-04-21,22.75,22.95,22.75,22.8,16047,366935,42,,,-1000.0,0.0,0.0,1394.0,0.0,,finmind,2026-07-17T15:22:30.084716+08:00
2016-04-22,23.0,23.0,22.7,22.9,9193,210339,24,,,nan,nan,nan,1398.0,0.0,,finmind,2026-07-17T15:22:30.084716+08:00
2016-04-25,22.75,22.95,22.75,22.9,34067,779011,46,,,nan,nan,nan,1414.0,0.0,,finmind,2026-07-17T15:22:30.084716+08:00
2016-04-26,22.9,22.95,22.75,22.9,42500,970317,33,,,nan,nan,nan,1422.0,0.0,,finmind,2026-07-17T15:22:30.084716+08:00
2016-04-27,22.75,22.9,22.75,22.9,20009,457457,19,,,3000.0,0.0,0.0,1426.0,0.0,,finmind,2026-07-17T15:22:30.084716+08:00
2016-04-28,22.8,22.95,22.8,22.95,14001,319373,8,,,nan,nan,nan,1435.0,0.0,,finmind,2026-07-17T15:22:30.084716+08:00
2016-04-29,22.9,22.9,22.65,22.85,37402,850696,35,,,nan,nan,nan,1439.0,0.0,,finmind,2026-07-17T15:22:30.084716+08:00
2016-05-03,23.0,23.05,22.85,23.0,37500,860320,36,,,nan,nan,nan,1449.0,0.0,,finmind,2026-07-17T15:22:30.084716+08:00
2016-05-04,22.8,22.85,22.65,22.85,16943,385291,21,,,nan,nan,nan,1458.0,0.0,,finmind,2026-07-17T15:22:30.084716+08:00
2016-05-05,22.75,23.05,22.75,23.05,14101,323453,19,,,nan,nan,nan,1464.0,0.0,,finmind,2026-07-17T15:22:30.084716+08:00
2016-05-06,22.9,22.95,22.7,22.95,25051,572219,22,,,-1000.0,0.0,0.0,1466.0,0.0,,finmind,2026-07-17T15:22:30.084716+08:00
2016-05-09,22.85,22.95,22.8,22.95,22366,510468,15,,,nan,nan,nan,1475.0,0.0,,finmind,2026-07-17T15:22:30.084716+08:00
2016-05-10,22.7,23.0,22.7,23.0,33300,758751,21,,,nan,nan,nan,1479.0,0.0,,finmind,2026-07-17T15:22:30.084716+08:00
2016-05-11,22.8,22.8,22.7,22.8,40002,910496,17,,,-3000.0,0.0,0.0,1468.0,0.0,,finmind,2026-07-17T15:22:30.084716+08:00
2016-05-12,22.35,22.7,22.35,22.7,4002,90048,6,,,nan,nan,nan,1469.0,0.0,,finmind,2026-07-17T15:22:30.084716+08:00
2016-05-13,22.45,22.65,22.4,22.65,15001,337322,11,,,nan,nan,nan,1464.0,0.0,,finmind,2026-07-17T15:22:30.084716+08:00
2016-05-16,22.5,22.6,22.45,22.6,13005,292510,13,,,nan,nan,nan,1464.0,0.0,,finmind,2026-07-17T15:22:30.084716+08:00
2016-05-17,22.45,22.65,22.4,22.65,56910,1283377,20,,,nan,nan,nan,1469.0,0.0,,finmind,2026-07-17T15:22:30.084716+08:00
2016-05-18,22.45,22.75,22.45,22.75,16101,363201,11,,,nan,nan,nan,1477.0,0.0,,finmind,2026-07-17T15:22:30.084716+08:00
2016-05-19,0.0,0.0,0.0,0.0,400,9259,5,,,nan,nan,nan,1477.0,0.0,,finmind,2026-07-17T15:22:30.084716+08:00
2016-05-20,22.55,22.7,22.4,22.65,34114,769405,32,,,nan,nan,nan,1486.0,0.0,,finmind,2026-07-17T15:22:30.084716+08:00
2016-05-23,22.6,22.7,22.6,22.7,9100,206304,9,,,nan,nan,nan,1487.0,0.0,,finmind,2026-07-17T15:22:30.084716+08:00
2016-05-24,22.45,22.7,22.45,22.7,2050,46275,9,,,nan,nan,nan,1489.0,0.0,,finmind,2026-07-17T15:22:30.084716+08:00
2016-05-25,22.6,22.7,22.6,22.7,3126,70745,8,,,nan,nan,nan,1488.0,0.0,,finmind,2026-07-17T15:22:30.084716+08:00
2016-05-26,22.85,22.85,22.6,22.75,9056,205559,25,,,nan,nan,nan,1489.0,0.0,,finmind,2026-07-17T15:22:30.084716+08:00
2016-05-27,22.75,22.75,22.65,22.75,5224,118721,17,,,nan,nan,nan,1486.0,0.0,,finmind,2026-07-17T15:22:30.084716+08:00
2016-05-30,22.95,23.85,22.8,23.7,126111,2951555,81,,,-1000.0,0.0,0.0,1512.0,0.0,,finmind,2026-07-17T15:22:30.084716+08:00
2016-05-31,24.05,24.4,23.7,23.9,109496,2641021,87,,,-5000.0,0.0,0.0,1514.0,0.0,,finmind,2026-07-17T15:22:30.084716+08:00
2016-06-01,24.2,24.3,23.8,23.95,54204,1297186,51,,,-4000.0,0.0,0.0,1502.0,0.0,,finmind,2026-07-17T15:22:30.084716+08:00
2016-06-02,24.2,25.15,24.0,24.9,193356,4765638,141,,,-2000.0,0.0,0.0,1515.0,0.0,,finmind,2026-07-17T15:22:30.084716+08:00
2016-06-03,24.65,25.1,24.5,24.8,83745,2086744,62,,,nan,nan,nan,1506.0,0.0,,finmind,2026-07-17T15:22:30.084716+08:00
2016-06-04,25.1,25.1,24.5,24.6,30000,742550,22,,,nan,nan,nan,1491.0,0.0,,finmind,2026-07-17T15:22:30.084716+08:00
2016-06-06,24.35,24.35,24.05,24.05,50101,1212279,42,,,nan,nan,nan,1505.0,0.0,,finmind,2026-07-17T15:22:30.084716+08:00
2016-06-07,24.0,24.7,24.0,24.1,34101,833099,31,,,0.0,0.0,0.0,1510.0,0.0,,finmind,2026-07-17T15:22:30.084716+08:00
2016-06-08,24.15,24.2,24.1,24.1,27680,668530,26,,,nan,nan,nan,1512.0,0.0,,finmind,2026-07-17T15:22:30.084716+08:00
2016-06-13,23.8,23.8,23.25,23.5,53004,1249042,39,,,12000.0,0.0,0.0,1528.0,0.0,,finmind,2026-07-17T15:22:30.084716+08:00
2016-06-14,23.5,23.85,23.5,23.65,32700,773328,26,,,nan,nan,nan,1551.0,0.0,,finmind,2026-07-17T15:22:30.084716+08:00
2016-06-15,23.55,23.9,23.55,23.75,54234,1287830,50,,,nan,nan,nan,1564.0,0.0,,finmind,2026-07-17T15:22:30.084716+08:00
2016-06-16,23.95,24.35,23.9,24.05,92210,2222019,59,,,nan,nan,nan,1611.0,0.0,,finmind,2026-07-17T15:22:30.084716+08:00
2016-06-17,24.05,24.05,24.0,24.05,11052,265348,18,,,nan,nan,nan,1618.0,0.0,,finmind,2026-07-17T15:22:30.084716+08:00
2016-06-20,24.35,24.35,24.05,24.25,82310,1998680,50,,,nan,nan,nan,1656.0,0.0,,finmind,2026-07-17T15:22:30.084716+08:00
2016-06-21,24.2,24.4,24.15,24.2,18448,446590,29,,,nan,nan,nan,1662.0,0.0,,finmind,2026-07-17T15:22:30.084716+08:00
2016-06-22,24.35,24.35,24.1,24.25,23002,556398,21,,,nan,nan,nan,1666.0,0.0,,finmind,2026-07-17T15:22:30.084716+08:00
2016-06-23,24.25,24.35,24.2,24.25,23011,558566,25,,,nan,nan,nan,1668.0,0.0,,finmind,2026-07-17T15:22:30.084716+08:00
2016-06-24,24.25,24.25,23.4,24.15,33360,798851,32,,,-4000.0,0.0,0.0,1663.0,0.0,,finmind,2026-07-17T15:22:30.084716+08:00
2016-06-27,23.35,23.7,23.35,23.7,60125,1413975,52,,,-3000.0,0.0,0.0,1678.0,0.0,,finmind,2026-07-17T15:22:30.084716+08:00
2016-06-28,23.7,23.85,23.7,23.85,15044,357146,19,,,0.0,0.0,0.0,1676.0,0.0,,finmind,2026-07-17T15:22:30.084716+08:00
2016-06-29,23.9,23.9,23.6,23.85,17053,404451,17,,,nan,nan,nan,1676.0,0.0,,finmind,2026-07-17T15:22:30.084716+08:00
2016-06-30,23.7,23.7,23.7,23.7,2032,48151,11,,,nan,nan,nan,1676.0,0.0,,finmind,2026-07-17T15:22:30.084716+08:00
2016-07-01,23.7,23.85,23.7,23.85,16002,379396,10,,,nan,nan,nan,1674.0,0.0,,finmind,2026-07-17T15:22:30.084716+08:00
2016-07-04,23.7,23.95,23.7,23.8,45300,1077903,26,,,1000.0,0.0,0.0,1667.0,0.0,,finmind,2026-07-17T15:22:30.084716+08:00
2016-07-05,23.7,23.8,23.5,23.65,44324,1048159,41,,,-11000.0,0.0,0.0,1666.0,0.0,,finmind,2026-07-17T15:22:30.084716+08:00
2016-07-06,23.65,23.75,23.4,23.7,29001,683723,21,,,nan,nan,nan,1662.0,0.0,,finmind,2026-07-17T15:22:30.084716+08:00
2016-07-07,23.6,23.85,23.6,23.85,14013,332958,11,,,nan,nan,nan,1660.0,0.0,,finmind,2026-07-17T15:22:30.084716+08:00
2016-07-11,23.85,23.85,23.35,23.55,48527,1139291,30,,,nan,nan,nan,1666.0,0.0,,finmind,2026-07-17T15:22:30.084716+08:00
2016-07-12,23.7,23.75,23.4,23.7,18102,427420,18,,,nan,nan,nan,1667.0,0.0,,finmind,2026-07-17T15:22:30.084716+08:00
2016-07-13,23.5,23.65,23.5,23.55,10156,239101,12,,,nan,nan,nan,1665.0,0.0,,finmind,2026-07-17T15:22:30.084716+08:00
2016-07-14,23.55,23.55,23.0,23.25,101024,2339864,59,,,nan,nan,nan,1685.0,0.0,,finmind,2026-07-17T15:22:30.084716+08:00
2016-07-15,23.2,23.35,22.9,23.1,52030,1196395,40,,,-1000.0,0.0,0.0,1663.0,0.0,,finmind,2026-07-17T15:22:30.084716+08:00
2016-07-18,23.1,23.1,22.8,23.0,63201,1446582,37,,,nan,nan,nan,1661.0,0.0,,finmind,2026-07-17T15:22:30.084716+08:00
2016-07-19,23.0,23.0,22.9,23.0,30251,693734,26,,,nan,nan,nan,1643.0,0.0,,finmind,2026-07-17T15:22:30.084716+08:00
2016-07-20,23.0,23.05,23.0,23.05,29421,677183,25,,,3000.0,0.0,0.0,1637.0,0.0,,finmind,2026-07-17T15:22:30.084716+08:00
2016-07-21,23.15,23.15,22.9,23.0,77011,1772854,36,,,-2000.0,0.0,0.0,1629.0,0.0,,finmind,2026-07-17T15:22:30.084716+08:00
2016-07-22,23.0,23.2,23.0,23.15,38560,888585,32,,,nan,nan,nan,1638.0,0.0,,finmind,2026-07-17T15:22:30.084716+08:00
2016-07-25,23.35,23.35,22.95,22.95,23187,535576,30,,,-1000.0,0.0,0.0,1635.0,0.0,,finmind,2026-07-17T15:22:30.084716+08:00
2016-07-26,23.0,23.0,22.95,23.0,21108,485439,22,,,nan,nan,nan,1639.0,0.0,,finmind,2026-07-17T15:22:30.084716+08:00
2016-07-27,23.1,23.1,22.9,23.05,57118,1313329,46,,,nan,nan,nan,1624.0,0.0,,finmind,2026-07-17T15:22:30.084716+08:00
2016-07-28,23.1,23.45,23.1,23.4,85268,1985912,75,,,nan,nan,nan,1609.0,0.0,,finmind,2026-07-17T15:22:30.084716+08:00
2016-07-29,21.75,22.1,21.75,21.9,119014,2603958,91,,,nan,nan,nan,1590.0,0.0,,finmind,2026-07-17T15:22:30.084716+08:00
2016-08-01,21.85,22.1,21.85,21.85,35605,782129,28,,,1000.0,0.0,0.0,1584.0,2.0,,finmind,2026-07-17T15:22:30.084716+08:00
2016-08-02,21.8,21.9,21.6,21.8,75218,1634174,35,,,-4000.0,0.0,0.0,1588.0,2.0,,finmind,2026-07-17T15:22:30.084716+08:00
2016-08-03,21.6,21.7,21.55,21.7,23019,496811,18,,,nan,nan,nan,1576.0,2.0,,finmind,2026-07-17T15:22:30.084716+08:00
2016-08-04,21.5,21.55,21.25,21.55,40015,857553,35,,,nan,nan,nan,1578.0,2.0,,finmind,2026-07-17T15:22:30.084716+08:00
2016-08-05,21.5,21.55,21.5,21.55,15155,326045,15,,,1000.0,0.0,0.0,1564.0,2.0,,finmind,2026-07-17T15:22:30.084716+08:00
2016-08-08,21.9,21.9,21.6,21.6,9004,196484,12,,,nan,nan,nan,1563.0,2.0,,finmind,2026-07-17T15:22:30.084716+08:00
2016-08-09,21.5,21.65,21.45,21.6,19070,411400,14,,,nan,nan,nan,1560.0,2.0,,finmind,2026-07-17T15:22:30.084716+08:00
2016-08-10,21.5,21.7,21.45,21.7,13010,279864,14,,,nan,nan,nan,1542.0,2.0,,finmind,2026-07-17T15:22:30.084716+08:00
2016-08-11,21.5,21.65,21.45,21.65,14597,313971,13,,,nan,nan,nan,1543.0,2.0,,finmind,2026-07-17T15:22:30.084716+08:00
2016-08-12,21.45,21.7,20.9,21.2,52203,1102222,45,,,1000.0,0.0,0.0,1550.0,0.0,,finmind,2026-07-17T15:22:30.084716+08:00
2016-08-15,21.1,21.3,21.0,21.3,28100,592784,22,,,nan,nan,nan,1549.0,0.0,,finmind,2026-07-17T15:22:30.084716+08:00
2016-08-16,21.3,21.3,21.0,21.0,11010,231960,21,,,-2000.0,0.0,0.0,1546.0,0.0,,finmind,2026-07-17T15:22:30.084716+08:00
2016-08-17,21.0,21.1,20.9,21.0,24502,514592,28,,,nan,nan,nan,1550.0,0.0,,finmind,2026-07-17T15:22:30.084716+08:00
2016-08-18,21.0,21.0,20.85,20.85,13514,282988,16,,,nan,nan,nan,1547.0,0.0,,finmind,2026-07-17T15:22:30.084716+08:00
2016-08-19,20.85,20.9,20.5,20.5,93408,1926679,56,,,nan,nan,nan,1491.0,0.0,,finmind,2026-07-17T15:22:30.084716+08:00
2016-08-22,20.5,20.6,20.45,20.45,54020,1107370,49,,,nan,nan,nan,1470.0,0.0,,finmind,2026-07-17T15:22:30.084716+08:00
2016-08-23,20.3,20.45,20.25,20.3,62104,1261055,32,,,nan,nan,nan,1465.0,0.0,,finmind,2026-07-17T15:22:30.084716+08:00
2016-08-24,20.3,20.55,20.3,20.55,12210,249030,19,,,3000.0,0.0,0.0,1465.0,0.0,,finmind,2026-07-17T15:22:30.084716+08:00
2016-08-25,18.5,20.15,18.5,19.95,137432,2648740,81,,,nan,nan,nan,1463.0,1.0,,finmind,2026-07-17T15:22:30.084716+08:00
2016-08-26,20.2,20.2,19.95,20.0,20156,403287,19,,,-2000.0,0.0,0.0,1410.0,1.0,,finmind,2026-07-17T15:22:30.084716+08:00
2016-08-29,20.0,20.0,19.8,19.8,37671,748174,53,,,nan,nan,nan,1409.0,1.0,,finmind,2026-07-17T15:22:30.084716+08:00
2016-08-30,19.8,20.0,19.8,19.95,22052,438005,56,,,nan,nan,nan,1408.0,1.0,,finmind,2026-07-17T15:22:30.084716+08:00
2016-08-31,19.9,20.0,19.8,20.0,47262,936786,40,,,-1000.0,0.0,0.0,1393.0,1.0,,finmind,2026-07-17T15:22:30.084716+08:00
2016-09-01,20.0,20.15,20.0,20.15,24003,480710,10,,,nan,nan,nan,1364.0,1.0,,finmind,2026-07-17T15:22:30.084716+08:00
2016-09-02,20.1,20.1,20.0,20.05,18180,363866,14,,,nan,nan,nan,1365.0,1.0,,finmind,2026-07-17T15:22:30.084716+08:00
2016-09-05,19.9,20.0,19.85,20.0,10001,199670,10,,,nan,nan,nan,1366.0,1.0,,finmind,2026-07-17T15:22:30.084716+08:00
2016-09-06,20.1,20.1,19.9,20.0,19003,380860,13,,,nan,nan,nan,1366.0,1.0,,finmind,2026-07-17T15:22:30.084716+08:00
2016-09-07,20.0,20.0,19.6,19.7,33004,651880,27,,,nan,nan,nan,1367.0,1.0,,finmind,2026-07-17T15:22:30.084716+08:00
2016-09-08,19.7,19.9,19.7,19.7,27157,536560,24,,,2000.0,0.0,0.0,1365.0,1.0,,finmind,2026-07-17T15:22:30.084716+08:00
2016-09-09,19.75,19.75,19.7,19.7,30025,591791,24,,,nan,nan,nan,1365.0,1.0,,finmind,2026-07-17T15:22:30.084716+08:00
2016-09-10,19.7,19.7,19.6,19.7,25000,491750,16,,,nan,nan,nan,1361.0,1.0,,finmind,2026-07-17T15:22:30.084716+08:00
2016-09-12,19.7,19.7,19.4,19.4,30000,583700,23,,,-2000.0,0.0,0.0,1351.0,0.0,,finmind,2026-07-17T15:22:30.084716+08:00
2016-09-13,19.45,19.5,19.3,19.3,16258,315556,12,,,nan,nan,nan,1341.0,0.0,,finmind,2026-07-17T15:22:30.084716+08:00
2016-09-14,19.1,19.25,19.1,19.25,26050,498970,16,,,nan,nan,nan,1343.0,0.0,,finmind,2026-07-17T15:22:30.084716+08:00
2016-09-19,19.2,19.2,18.9,19.0,87106,1658455,45,,,nan,nan,nan,1304.0,0.0,,finmind,2026-07-17T15:22:30.084716+08:00
2016-09-20,19.1,19.1,19.0,19.05,15002,285538,14,,,nan,nan,nan,1303.0,0.0,,finmind,2026-07-17T15:22:30.084716+08:00
2016-09-21,19.05,19.15,19.05,19.15,14001,267619,13,,,4000.0,0.0,0.0,1304.0,0.0,,finmind,2026-07-17T15:22:30.084716+08:00
2016-09-22,19.15,19.65,19.15,19.5,21593,419881,20,,,nan,nan,nan,1288.0,1.0,,finmind,2026-07-17T15:22:30.084716+08:00
2016-09-23,19.6,19.7,19.2,19.2,19316,374979,22,,,nan,nan,nan,1281.0,1.0,,finmind,2026-07-17T15:22:30.084716+08:00
2016-09-26,19.2,19.25,19.1,19.2,25764,494478,38,,,1000.0,0.0,0.0,1262.0,1.0,,finmind,2026-07-17T15:22:30.084716+08:00
2016-09-29,19.15,19.2,18.95,19.15,44288,844106,53,,,-2000.0,0.0,0.0,1256.0,1.0,,finmind,2026-07-17T15:22:30.084716+08:00
2016-09-30,19.15,19.35,19.0,19.05,36882,704901,31,,,nan,nan,nan,1256.0,1.0,,finmind,2026-07-17T15:22:30.084716+08:00
2016-10-03,19.1,19.1,18.95,19.0,121523,2308786,44,,,-1000.0,0.0,0.0,1256.0,1.0,,finmind,2026-07-17T15:22:30.084716+08:00
2016-10-04,19.05,19.4,19.0,19.0,48573,925942,33,,,nan,nan,nan,1259.0,1.0,,finmind,2026-07-17T15:22:30.084716+08:00
2016-10-05,19.0,19.1,19.0,19.1,17040,324820,22,,,nan,nan,nan,1259.0,1.0,,finmind,2026-07-17T15:22:30.084716+08:00
2016-10-06,19.1,19.1,18.95,19.0,28379,539201,36,,,-120.0,0.0,0.0,1259.0,1.0,,finmind,2026-07-17T15:22:30.084716+08:00
2016-10-07,19.0,19.1,18.9,19.05,21000,398800,14,,,-2000.0,0.0,0.0,1253.0,1.0,,finmind,2026-07-17T15:22:30.084716+08:00
2016-10-11,19.2,19.2,19.0,19.05,27191,519416,15,,,nan,nan,nan,1253.0,1.0,,finmind,2026-07-17T15:22:30.084716+08:00
2016-10-12,18.65,19.05,18.65,19.05,12579,238779,13,,,nan,nan,nan,1253.0,1.0,,finmind,2026-07-17T15:22:30.084716+08:00
2016-10-13,19.0,19.0,18.95,18.95,29922,567536,22,,,nan,nan,nan,1225.0,1.0,,finmind,2026-07-17T15:22:30.084716+08:00
2016-10-14,19.0,19.0,18.85,18.95,27400,518229,17,,,nan,nan,nan,1207.0,1.0,,finmind,2026-07-17T15:22:30.084716+08:00
2016-10-17,19.0,19.0,19.0,19.0,6130,116470,13,,,nan,nan,nan,1208.0,1.0,,finmind,2026-07-17T15:22:30.084716+08:00
2016-10-18,19.0,19.0,19.0,19.0,4100,77910,5,,,nan,nan,nan,1208.0,1.0,,finmind,2026-07-17T15:22:30.084716+08:00
2016-10-19,19.0,19.0,18.85,19.0,31320,594030,31,,,nan,nan,nan,1199.0,1.0,,finmind,2026-07-17T15:22:30.084716+08:00
2016-10-20,19.0,19.0,19.0,19.0,13364,253987,11,,,nan,nan,nan,1188.0,1.0,,finmind,2026-07-17T15:22:30.084716+08:00
2016-10-21,19.05,19.05,19.0,19.0,15002,285188,10,,,1000.0,0.0,0.0,1188.0,1.0,,finmind,2026-07-17T15:22:30.084716+08:00
2016-10-24,19.1,19.1,19.1,19.1,5124,97856,12,,,nan,nan,nan,1188.0,1.0,,finmind,2026-07-17T15:22:30.084716+08:00
2016-10-25,19.1,19.1,19.1,19.1,7529,143827,13,,,nan,nan,nan,1186.0,1.0,,finmind,2026-07-17T15:22:30.084716+08:00
2016-10-26,19.3,19.4,19.2,19.3,33355,642821,21,,,nan,nan,nan,1199.0,1.0,,finmind,2026-07-17T15:22:30.084716+08:00
2016-10-27,19.3,19.3,19.05,19.3,10276,197471,11,,,nan,nan,nan,1199.0,1.0,,finmind,2026-07-17T15:22:30.084716+08:00
2016-10-28,19.0,19.05,19.0,19.05,11787,224236,14,,,nan,nan,nan,1199.0,1.0,,finmind,2026-07-17T15:22:30.084716+08:00
2016-10-31,19.05,19.2,19.0,19.05,19300,367200,24,,,nan,nan,nan,1199.0,1.0,,finmind,2026-07-17T15:22:30.084716+08:00
2016-11-01,19.0,19.05,19.0,19.05,8104,154065,11,,,nan,nan,nan,1191.0,1.0,,finmind,2026-07-17T15:22:30.084716+08:00
2016-11-02,18.9,19.05,18.9,19.05,46845,891622,27,,,1000.0,0.0,0.0,1179.0,1.0,,finmind,2026-07-17T15:22:30.084716+08:00
2016-11-03,19.05,19.05,18.75,18.8,19092,361484,12,,,-1000.0,0.0,0.0,1159.0,0.0,,finmind,2026-07-17T15:22:30.084716+08:00
2016-11-04,18.8,19.15,18.7,19.15,11765,221989,13,,,nan,nan,nan,1151.0,0.0,,finmind,2026-07-17T15:22:30.084716+08:00
2016-11-07,19.0,19.15,19.0,19.15,15234,289779,14,,,nan,nan,nan,1146.0,0.0,,finmind,2026-07-17T15:22:30.084716+08:00
2016-11-08,19.0,19.1,19.0,19.1,5003,95157,7,,,nan,nan,nan,1142.0,0.0,,finmind,2026-07-17T15:22:30.084716+08:00
2016-11-09,19.0,19.0,18.55,18.55,47999,903676,31,,,nan,nan,nan,1118.0,0.0,,finmind,2026-07-17T15:22:30.084716+08:00
2016-11-10,18.8,19.0,18.8,19.0,13517,255068,17,,,nan,nan,nan,1113.0,0.0,,finmind,2026-07-17T15:22:30.084716+08:00
2016-11-11,19.0,19.1,18.8,19.1,6040,114353,12,,,nan,nan,nan,1085.0,0.0,,finmind,2026-07-17T15:22:30.084716+08:00
2016-11-14,19.1,19.1,18.6,18.85,38456,721942,23,,,-1000.0,0.0,0.0,1085.0,0.0,,finmind,2026-07-17T15:22:30.084716+08:00
2016-11-15,18.8,18.85,18.8,18.85,7050,132800,8,,,nan,nan,nan,1085.0,0.0,,finmind,2026-07-17T15:22:30.084716+08:00
2016-11-16,18.85,19.0,18.85,19.0,15304,289376,19,,,nan,nan,nan,1082.0,0.0,,finmind,2026-07-17T15:22:30.084716+08:00
2016-11-17,19.05,19.1,19.0,19.1,20702,393838,17,,,nan,nan,nan,1092.0,0.0,,finmind,2026-07-17T15:22:30.084716+08:00
2016-11-18,19.0,19.2,19.0,19.2,11002,210488,10,,,2000.0,0.0,0.0,1092.0,0.0,,finmind,2026-07-17T15:22:30.084716+08:00
2016-11-21,19.05,19.25,19.0,19.15,21657,412583,25,,,nan,nan,nan,1099.0,0.0,,finmind,2026-07-17T15:22:30.084716+08:00
2016-11-22,19.05,19.2,19.0,19.2,19384,369653,17,,,1000.0,0.0,0.0,1098.0,0.0,,finmind,2026-07-17T15:22:30.084716+08:00
2016-11-23,19.2,19.2,19.0,19.05,31661,603666,33,,,nan,nan,nan,1098.0,0.0,,finmind,2026-07-17T15:22:30.084716+08:00
2016-11-24,19.05,19.1,19.05,19.1,24281,462615,29,,,nan,nan,nan,1098.0,0.0,,finmind,2026-07-17T15:22:30.084716+08:00
2016-11-25,19.1,19.2,19.1,19.2,8012,153328,13,,,nan,nan,nan,1098.0,0.0,,finmind,2026-07-17T15:22:30.084716+08:00
2016-11-28,19.05,19.15,19.0,19.05,17805,339104,21,,,nan,nan,nan,1097.0,0.0,,finmind,2026-07-17T15:22:30.084716+08:00
2016-11-29,19.05,19.25,19.05,19.25,14110,269600,16,,,nan,nan,nan,1097.0,0.0,,finmind,2026-07-17T15:22:30.084716+08:00
2016-11-30,19.2,19.3,19.1,19.3,13225,253697,11,,,nan,nan,nan,1088.0,0.0,,finmind,2026-07-17T15:22:30.084716+08:00
2016-12-01,19.1,19.2,19.1,19.2,13154,252312,18,,,nan,nan,nan,1094.0,0.0,,finmind,2026-07-17T15:22:30.084716+08:00
2016-12-02,19.25,20.1,19.25,20.0,45001,883569,28,,,4000.0,0.0,0.0,1087.0,2.0,,finmind,2026-07-17T15:22:30.084716+08:00
2016-12-05,20.15,21.6,20.1,21.0,141075,2945675,120,,,1000.0,0.0,0.0,1103.0,2.0,,finmind,2026-07-17T15:22:30.084716+08:00
2016-12-06,20.9,20.9,20.1,20.6,36473,752966,41,,,nan,nan,nan,1109.0,2.0,,finmind,2026-07-17T15:22:30.084716+08:00
2016-12-07,20.6,20.6,20.25,20.5,21104,430892,16,,,nan,nan,nan,1107.0,2.0,,finmind,2026-07-17T15:22:30.084716+08:00
2016-12-08,20.2,20.5,20.1,20.4,27480,558018,21,,,2000.0,0.0,0.0,1105.0,2.0,,finmind,2026-07-17T15:22:30.084716+08:00
2016-12-09,20.2,20.45,20.15,20.45,26001,525870,14,,,1000.0,0.0,0.0,1107.0,2.0,,finmind,2026-07-17T15:22:30.084716+08:00
2016-12-12,20.75,20.75,20.7,20.75,5756,119346,10,,,nan,nan,nan,1108.0,2.0,,finmind,2026-07-17T15:22:30.084716+08:00
2016-12-13,20.75,21.0,20.75,20.9,25261,528660,24,,,nan,nan,nan,1114.0,2.0,,finmind,2026-07-17T15:22:30.084716+08:00
2016-12-14,20.7,20.8,20.5,20.8,714443,14859114,11,,,nan,nan,nan,1098.0,2.0,,finmind,2026-07-17T15:22:30.084716+08:00
2016-12-15,0.0,0.0,0.0,0.0,101,2090,4,,,nan,nan,nan,1098.0,2.0,,finmind,2026-07-17T15:22:30.084716+08:00
2016-12-16,20.55,20.85,20.4,20.85,29488,605620,19,,,nan,nan,nan,1099.0,2.0,,finmind,2026-07-17T15:22:30.084716+08:00
2016-12-19,20.6,20.8,20.5,20.8,26277,539855,19,,,nan,nan,nan,1110.0,2.0,,finmind,2026-07-17T15:22:30.084716+08:00
2016-12-20,20.8,21.1,20.65,20.8,20040,416281,18,,,nan,nan,nan,1116.0,2.0,,finmind,2026-07-17T15:22:30.084716+08:00
2016-12-21,20.8,20.8,20.8,20.8,3202,66580,5,,,nan,nan,nan,1100.0,2.0,,finmind,2026-07-17T15:22:30.084716+08:00
2016-12-22,20.55,20.95,20.55,20.75,42905,889255,28,,,nan,nan,nan,1108.0,2.0,,finmind,2026-07-17T15:22:30.084716+08:00
2016-12-23,20.65,21.0,20.65,21.0,26377,549423,18,,,nan,nan,nan,1107.0,2.0,,finmind,2026-07-17T15:22:30.084716+08:00
2016-12-26,20.75,21.0,20.7,21.0,26240,548349,16,,,1000.0,0.0,0.0,1107.0,2.0,,finmind,2026-07-17T15:22:30.084716+08:00
2016-12-27,21.0,21.0,20.8,21.0,30001,628021,17,,,nan,nan,nan,1115.0,2.0,,finmind,2026-07-17T15:22:30.084716+08:00
2016-12-28,20.95,21.2,20.95,21.2,11015,232517,15,,,nan,nan,nan,1119.0,2.0,,finmind,2026-07-17T15:22:30.084716+08:00
2016-12-29,21.3,21.5,21.3,21.4,33226,711100,29,,,nan,nan,nan,1129.0,2.0,,finmind,2026-07-17T15:22:30.084716+08:00
2016-12-30,21.6,21.7,21.45,21.7,18626,402136,25,,,nan,nan,nan,1137.0,2.0,,finmind,2026-07-17T15:22:30.084716+08:00
2017-01-03,21.95,22.2,21.8,21.95,51603,1134282,47,,,1000.0,0.0,0.0,1158.0,2.0,,finmind,2026-07-17T15:22:30.084716+08:00
2017-01-04,21.85,22.0,21.8,22.0,36330,794040,33,,,nan,nan,nan,1171.0,2.0,,finmind,2026-07-17T15:22:30.084716+08:00
2017-01-05,22.0,22.15,22.0,22.15,49252,1088493,35,,,nan,nan,nan,1195.0,2.0,,finmind,2026-07-17T15:22:30.084716+08:00
2017-01-06,22.15,22.25,21.95,22.15,18229,403032,19,,,-1000.0,0.0,0.0,1199.0,2.0,,finmind,2026-07-17T15:22:30.084716+08:00
2017-01-09,22.0,22.15,22.0,22.15,19715,434580,21,,,nan,nan,nan,1213.0,2.0,,finmind,2026-07-17T15:22:30.084716+08:00
2017-01-10,21.95,22.15,21.95,22.15,10015,220624,10,,,nan,nan,nan,1220.0,2.0,,finmind,2026-07-17T15:22:30.084716+08:00
2017-01-11,22.1,22.1,22.0,22.1,38190,841708,25,,,nan,nan,nan,1250.0,2.0,,finmind,2026-07-17T15:22:30.084716+08:00
2017-01-12,22.2,22.2,21.85,21.85,34563,760142,29,,,-4000.0,0.0,0.0,1250.0,2.0,,finmind,2026-07-17T15:22:30.084716+08:00
2017-01-13,21.75,21.9,21.5,21.85,30400,662406,31,,,-1000.0,0.0,0.0,1267.0,3.0,,finmind,2026-07-17T15:22:30.084716+08:00
2017-01-16,21.85,21.9,21.8,21.9,37010,809062,32,,,nan,nan,nan,1300.0,3.0,,finmind,2026-07-17T15:22:30.084716+08:00
2017-01-17,21.9,22.1,21.9,22.1,20180,443290,22,,,1000.0,0.0,0.0,1315.0,3.0,,finmind,2026-07-17T15:22:30.084716+08:00
2017-01-18,22.2,23.2,22.05,22.8,68751,1532368,48,,,-1000.0,0.0,0.0,1338.0,3.0,,finmind,2026-07-17T15:22:30.084716+08:00
2017-01-19,22.8,22.8,22.4,22.8,38820,878439,30,,,6000.0,0.0,0.0,1358.0,3.0,,finmind,2026-07-17T15:22:30.084716+08:00
2017-01-20,22.8,23.4,22.8,23.35,41688,960641,36,,,13000.0,0.0,0.0,1367.0,3.0,,finmind,2026-07-17T15:22:30.084716+08:00
2017-01-23,23.3,23.35,23.1,23.3,76189,1770814,68,,,nan,nan,nan,1415.0,3.0,,finmind,2026-07-17T15:22:30.084716+08:00
2017-01-24,23.4,24.0,23.4,23.45,134195,3168089,92,,,-2000.0,0.0,0.0,1452.0,2.0,,finmind,2026-07-17T15:22:30.084716+08:00
2017-02-02,23.45,23.45,23.0,23.2,42251,981920,39,,,nan,nan,nan,1471.0,2.0,,finmind,2026-07-17T15:22:30.084716+08:00
2017-02-03,23.2,23.3,23.1,23.2,28380,658740,23,,,nan,nan,nan,1480.0,2.0,,finmind,2026-07-17T15:22:30.084716+08:00
2017-02-06,23.0,23.0,22.5,22.8,77452,1760648,63,,,-3000.0,0.0,0.0,1454.0,0.0,,finmind,2026-07-17T15:22:30.084716+08:00
2017-02-07,22.95,23.0,22.85,23.0,6143,141089,12,,,nan,nan,nan,1457.0,0.0,,finmind,2026-07-17T15:22:30.084716+08:00
2017-02-08,22.9,23.0,22.8,22.9,47218,1080311,41,,,nan,nan,nan,1475.0,0.0,,finmind,2026-07-17T15:22:30.084716+08:00
2017-02-09,22.6,22.75,22.3,22.75,25725,577881,37,,,nan,nan,nan,1493.0,0.0,,finmind,2026-07-17T15:22:30.084716+08:00
2017-02-10,22.5,22.7,22.5,22.65,22361,505100,32,,,nan,nan,nan,1493.0,0.0,,finmind,2026-07-17T15:22:30.084716+08:00
2017-02-13,22.5,22.65,22.5,22.65,27144,613421,64,,,nan,nan,nan,1492.0,0.0,,finmind,2026-07-17T15:22:30.084716+08:00
2017-02-14,22.55,22.6,22.5,22.6,13224,298062,32,,,nan,nan,nan,1495.0,0.0,,finmind,2026-07-17T15:22:30.084716+08:00
2017-02-15,22.7,22.7,22.3,22.55,24122,541244,40,,,1000.0,0.0,0.0,1495.0,0.0,,finmind,2026-07-17T15:22:30.084716+08:00
2017-02-16,22.4,22.4,22.0,22.4,37856,839398,49,,,nan,nan,nan,1498.0,0.0,,finmind,2026-07-17T15:22:30.084716+08:00
2017-02-17,22.5,22.5,22.5,22.5,10603,238468,32,,,nan,nan,nan,1496.0,0.0,,finmind,2026-07-17T15:22:30.084716+08:00
2017-02-18,22.3,22.5,22.25,22.5,37000,826900,21,,,nan,nan,nan,1505.0,0.0,,finmind,2026-07-17T15:22:30.084716+08:00
2017-02-20,22.2,22.4,22.2,22.35,32912,734536,45,,,nan,nan,nan,1504.0,0.0,,finmind,2026-07-17T15:22:30.084716+08:00
2017-02-21,22.35,22.45,22.3,22.45,7350,164453,47,,,nan,nan,nan,1438.0,0.0,,finmind,2026-07-17T15:22:30.084716+08:00
2017-02-22,22.45,22.5,22.2,22.5,20242,452825,30,,,nan,nan,nan,1433.0,0.0,,finmind,2026-07-17T15:22:30.084716+08:00
2017-02-23,22.5,22.5,22.3,22.4,31632,706888,38,,,1000.0,0.0,0.0,1437.0,0.0,,finmind,2026-07-17T15:22:30.084716+08:00
2017-02-24,22.1,22.3,22.0,22.25,61939,1370998,58,,,nan,nan,nan,1447.0,0.0,,finmind,2026-07-17T15:22:30.084716+08:00
2017-03-01,22.05,22.2,21.8,21.9,49041,1077152,78,,,1000.0,0.0,0.0,1455.0,0.0,,finmind,2026-07-17T15:22:30.084716+08:00
2017-03-02,22.2,22.2,21.9,21.9,25062,549995,32,,,-2000.0,0.0,0.0,1457.0,0.0,,finmind,2026-07-17T15:22:30.084716+08:00
2017-03-03,22.1,22.15,21.75,22.0,19833,434288,33,,,nan,nan,nan,1458.0,0.0,,finmind,2026-07-17T15:22:30.084716+08:00
2017-03-06,21.75,21.9,21.75,21.9,10236,222992,83,,,nan,nan,nan,1459.0,0.0,,finmind,2026-07-17T15:22:30.084716+08:00
2017-03-07,21.8,21.9,21.75,21.9,14365,313497,31,,,nan,nan,nan,1461.0,0.0,,finmind,2026-07-17T15:22:30.084716+08:00
2017-03-08,0.0,0.0,0.0,0.0,352,7630,58,,,nan,nan,nan,1461.0,0.0,,finmind,2026-07-17T15:22:30.084716+08:00
2017-03-09,19.75,21.8,19.75,21.8,59267,1255450,87,,,-6000.0,0.0,0.0,1463.0,0.0,,finmind,2026-07-17T15:22:30.084716+08:00
2017-03-10,21.8,21.8,21.2,21.75,32052,688647,67,,,-1000.0,0.0,0.0,1465.0,0.0,,finmind,2026-07-17T15:22:30.084716+08:00
2017-03-13,21.4,21.45,21.3,21.45,25203,539124,158,,,1.0,0.0,0.0,1466.0,0.0,,finmind,2026-07-17T15:22:30.084716+08:00
2017-03-14,21.45,21.65,21.45,21.65,12132,261358,62,,,nan,nan,nan,1465.0,0.0,,finmind,2026-07-17T15:22:30.084716+08:00
2017-03-15,21.65,21.65,21.65,21.65,2097,45374,42,,,nan,nan,nan,1465.0,0.0,,finmind,2026-07-17T15:22:30.084716+08:00
2017-03-16,22.05,22.05,21.5,21.55,6390,138009,49,,,nan,nan,nan,1466.0,0.0,,finmind,2026-07-17T15:22:30.084716+08:00
2017-03-17,21.5,21.85,21.4,21.85,17023,366184,37,,,1000.0,0.0,0.0,1466.0,0.0,,finmind,2026-07-17T15:22:30.084716+08:00
2017-03-20,21.35,21.7,21.2,21.7,45406,970968,90,,,nan,nan,nan,1474.0,0.0,,finmind,2026-07-17T15:22:30.084716+08:00
2017-03-21,21.6,21.9,21.5,21.9,28821,624062,40,,,nan,nan,nan,1474.0,0.0,,finmind,2026-07-17T15:22:30.084716+08:00
2017-03-22,21.9,21.9,21.65,21.7,49322,1071569,62,,,nan,nan,nan,1476.0,0.0,,finmind,2026-07-17T15:22:30.084716+08:00
2017-03-23,21.7,21.9,21.65,21.75,106428,2314814,68,,,1.0,0.0,0.0,1482.0,1.0,,finmind,2026-07-17T15:22:30.084716+08:00
2017-03-24,21.7,21.75,21.6,21.7,89059,1928667,68,,,nan,nan,nan,1483.0,1.0,,finmind,2026-07-17T15:22:30.084716+08:00
2017-03-27,21.2,21.6,21.2,21.55,50454,1081978,90,,,2000.0,0.0,0.0,1488.0,1.0,,finmind,2026-07-17T15:22:30.084716+08:00
2017-03-28,21.45,21.55,21.25,21.3,83099,1771800,60,,,nan,nan,nan,1490.0,0.0,,finmind,2026-07-17T15:22:30.084716+08:00
2017-03-29,21.15,21.25,20.9,21.25,65040,1365692,70,,,1000.0,0.0,0.0,1463.0,0.0,,finmind,2026-07-17T15:22:30.084716+08:00
2017-03-30,21.3,21.35,21.3,21.35,11052,235547,47,,,nan,nan,nan,1460.0,0.0,,finmind,2026-07-17T15:22:30.084716+08:00
2017-03-31,21.3,21.35,21.25,21.35,9047,192946,35,,,-1000.0,0.0,0.0,1455.0,0.0,,finmind,2026-07-17T15:22:30.084716+08:00
2017-04-05,21.5,21.5,21.5,21.5,1066,22892,53,,,nan,nan,nan,1455.0,0.0,,finmind,2026-07-17T15:22:30.084716+08:00
2017-04-06,21.45,21.45,21.3,21.35,43026,918796,47,,,nan,nan,nan,1455.0,0.0,,finmind,2026-07-17T15:22:30.084716+08:00
2017-04-07,21.7,21.7,21.7,21.7,1590,34372,30,,,nan,nan,nan,1456.0,0.0,,finmind,2026-07-17T15:22:30.084716+08:00
2017-04-10,21.7,21.7,21.7,21.7,6077,131817,83,,,-2000.0,0.0,0.0,1456.0,0.0,,finmind,2026-07-17T15:22:30.084716+08:00
2017-04-11,21.9,21.9,21.4,21.7,25055,542714,59,,,nan,nan,nan,1461.0,0.0,,finmind,2026-07-17T15:22:30.084716+08:00
2017-04-12,21.7,21.7,21.5,21.6,16105,347691,62,,,-2000.0,0.0,0.0,1467.0,0.0,,finmind,2026-07-17T15:22:30.084716+08:00
2017-04-13,21.6,21.6,21.5,21.5,10499,227513,34,,,1.0,0.0,0.0,1471.0,0.0,,finmind,2026-07-17T15:22:30.084716+08:00
2017-04-14,21.35,21.45,21.25,21.45,21672,461788,54,,,nan,nan,nan,1474.0,0.0,,finmind,2026-07-17T15:22:30.084716+08:00
2017-04-17,21.45,21.45,21.3,21.45,10242,218797,35,,,nan,nan,nan,1476.0,0.0,,finmind,2026-07-17T15:22:30.084716+08:00
2017-04-18,21.5,21.6,21.5,21.6,3055,65776,25,,,nan,nan,nan,1477.0,0.0,,finmind,2026-07-17T15:22:30.084716+08:00
2017-04-19,21.55,21.55,21.55,21.55,1024,22055,24,,,nan,nan,nan,1477.0,0.0,,finmind,2026-07-17T15:22:30.084716+08:00
2017-04-20,21.6,21.6,21.5,21.5,5263,113314,12,,,nan,nan,nan,1477.0,0.0,,finmind,2026-07-17T15:22:30.084716+08:00
2017-04-21,21.5,21.5,21.35,21.5,4167,89420,14,,,-1000.0,0.0,0.0,1477.0,0.0,,finmind,2026-07-17T15:22:30.084716+08:00
2017-04-24,21.5,21.5,21.5,21.5,2305,49556,8,,,nan,nan,nan,1477.0,0.0,,finmind,2026-07-17T15:22:30.084716+08:00
2017-04-25,21.5,21.5,21.25,21.45,56021,1201498,13,,,nan,nan,nan,1478.0,0.0,,finmind,2026-07-17T15:22:30.084716+08:00
2017-04-26,21.25,21.45,21.25,21.45,11360,242380,19,,,nan,nan,nan,1478.0,0.0,,finmind,2026-07-17T15:22:30.084716+08:00
2017-04-27,21.4,21.45,21.4,21.4,9109,195017,17,,,nan,nan,nan,1481.0,0.0,,finmind,2026-07-17T15:22:30.084716+08:00
2017-04-28,21.3,21.5,21.3,21.4,10075,215101,15,,,nan,nan,nan,1487.0,0.0,,finmind,2026-07-17T15:22:30.084716+08:00
2017-05-02,21.5,21.6,21.2,21.5,27004,579434,19,,,-4000.0,0.0,0.0,1503.0,0.0,,finmind,2026-07-17T15:22:30.084716+08:00
2017-05-03,21.35,21.6,21.3,21.6,12111,260123,14,,,nan,nan,nan,1510.0,0.0,,finmind,2026-07-17T15:22:30.084716+08:00
2017-05-04,21.4,21.55,21.4,21.55,7133,153407,14,,,nan,nan,nan,1513.0,0.0,,finmind,2026-07-17T15:22:30.084716+08:00
2017-05-05,21.65,22.15,21.65,21.85,39037,855298,30,,,nan,nan,nan,1528.0,0.0,,finmind,2026-07-17T15:22:30.084716+08:00
2017-05-08,22.15,22.4,21.9,22.2,78549,1742336,47,,,1000.0,0.0,0.0,1529.0,1.0,,finmind,2026-07-17T15:22:30.084716+08:00
2017-05-09,22.6,22.65,22.05,22.25,71044,1586620,48,,,-1000.0,0.0,0.0,1542.0,2.0,,finmind,2026-07-17T15:22:30.084716+08:00
2017-05-10,22.5,23.1,22.5,22.85,119424,2727884,89,,,-1000.0,0.0,0.0,1573.0,3.0,,finmind,2026-07-17T15:22:30.084716+08:00
2017-05-11,23.1,23.5,22.85,22.9,91992,2112914,65,,,nan,nan,nan,1595.0,5.0,,finmind,2026-07-17T15:22:30.084716+08:00
2017-05-12,23.0,23.5,23.0,23.25,56965,1322784,53,,,nan,nan,nan,1595.0,5.0,,finmind,2026-07-17T15:22:30.084716+08:00
2017-05-15,22.85,22.95,22.5,22.9,38151,867376,38,,,-3000.0,0.0,0.0,1603.0,5.0,,finmind,2026-07-17T15:22:30.084716+08:00
2017-05-16,22.8,22.85,22.65,22.85,19000,432700,16,,,nan,nan,nan,1613.0,5.0,,finmind,2026-07-17T15:22:30.084716+08:00
2017-05-17,22.85,23.0,22.7,22.95,34350,784943,33,,,-1000.0,0.0,0.0,1630.0,5.0,,finmind,2026-07-17T15:22:30.084716+08:00
2017-05-18,22.8,23.0,22.7,22.8,27888,636459,31,,,nan,nan,nan,1642.0,5.0,,finmind,2026-07-17T15:22:30.084716+08:00
2017-05-19,22.8,22.8,22.7,22.7,24508,557775,31,,,nan,nan,nan,1648.0,5.0,,finmind,2026-07-17T15:22:30.084716+08:00
2017-05-22,22.7,23.0,22.7,23.0,35619,815191,29,,,nan,nan,nan,1662.0,0.0,,finmind,2026-07-17T15:22:30.084716+08:00
2017-05-23,23.0,23.0,22.8,22.95,28310,646877,32,,,nan,nan,nan,1673.0,0.0,,finmind,2026-07-17T15:22:30.084716+08:00
2017-05-24,22.8,22.85,22.7,22.85,62597,1423988,47,,,nan,nan,nan,1707.0,0.0,,finmind,2026-07-17T15:22:30.084716+08:00
2017-05-25,22.75,22.8,22.45,22.75,50605,1144585,48,,,nan,nan,nan,1732.0,0.0,,finmind,2026-07-17T15:22:30.084716+08:00
2017-05-26,22.75,23.0,22.7,23.0,28700,655900,37,,,nan,nan,nan,1744.0,0.0,,finmind,2026-07-17T15:22:30.084716+08:00
2017-05-31,23.15,23.15,22.75,22.9,34030,778877,41,,,-4000.0,0.0,0.0,1749.0,0.0,,finmind,2026-07-17T15:22:30.084716+08:00
2017-06-01,22.8,22.8,22.7,22.8,12051,273958,11,,,nan,nan,nan,1754.0,0.0,,finmind,2026-07-17T15:22:30.084716+08:00
2017-06-02,22.75,22.75,22.6,22.65,39877,904150,34,,,nan,nan,nan,1758.0,0.0,,finmind,2026-07-17T15:22:30.084716+08:00
2017-06-03,22.55,22.65,22.45,22.6,30000,675000,23,,,nan,nan,nan,1765.0,0.0,,finmind,2026-07-17T15:22:30.084716+08:00
2017-06-05,22.45,22.6,22.3,22.5,48330,1080240,34,,,nan,nan,nan,1770.0,0.0,,finmind,2026-07-17T15:22:30.084716+08:00
2017-06-06,22.5,22.5,22.3,22.4,48061,1072456,37,,,nan,nan,nan,1779.0,0.0,,finmind,2026-07-17T15:22:30.084716+08:00
2017-06-07,22.5,22.6,22.35,22.6,8052,181164,8,,,nan,nan,nan,1783.0,0.0,,finmind,2026-07-17T15:22:30.084716+08:00
2017-06-08,22.6,22.65,22.6,22.65,4098,92661,11,,,nan,nan,nan,1785.0,0.0,,finmind,2026-07-17T15:22:30.084716+08:00
2017-06-09,22.7,22.8,22.65,22.75,17000,386600,16,,,nan,nan,nan,1790.0,0.0,,finmind,2026-07-17T15:22:30.084716+08:00
2017-06-12,22.7,22.7,22.7,22.7,1017,23082,6,,,nan,nan,nan,1790.0,0.0,,finmind,2026-07-17T15:22:30.084716+08:00
2017-06-13,22.5,22.5,22.3,22.5,31090,695757,34,,,nan,nan,nan,1775.0,0.0,,finmind,2026-07-17T15:22:30.084716+08:00
2017-06-14,22.2,22.5,22.15,22.5,4038,90195,11,,,nan,nan,nan,1775.0,0.0,,finmind,2026-07-17T15:22:30.084716+08:00
2017-06-15,0.0,0.0,0.0,0.0,4,88,4,,,nan,nan,nan,1775.0,0.0,,finmind,2026-07-17T15:22:30.084716+08:00
2017-06-16,22.2,22.4,22.15,22.4,7919,175898,24,,,nan,nan,nan,1774.0,0.0,,finmind,2026-07-17T15:22:30.084716+08:00
2017-06-19,22.2,22.3,22.1,22.25,16210,359840,18,,,nan,nan,nan,1783.0,0.0,,finmind,2026-07-17T15:22:30.084716+08:00
2017-06-20,22.05,22.25,22.0,22.25,13384,295485,18,,,nan,nan,nan,1789.0,0.0,,finmind,2026-07-17T15:22:30.084716+08:00
2017-06-21,22.25,22.25,22.25,22.25,1102,24514,5,,,nan,nan,nan,1790.0,0.0,,finmind,2026-07-17T15:22:30.084716+08:00
2017-06-22,22.45,22.45,22.25,22.4,11701,261560,20,,,nan,nan,nan,1796.0,0.0,,finmind,2026-07-17T15:22:30.084716+08:00
2017-06-23,22.25,22.35,22.25,22.35,112217,2507854,10,,,nan,nan,nan,1799.0,0.0,,finmind,2026-07-17T15:22:30.084716+08:00
2017-06-26,22.1,22.4,22.1,22.3,7312,162844,14,,,nan,nan,nan,1801.0,0.0,,finmind,2026-07-17T15:22:30.084716+08:00
2017-06-27,22.15,22.15,22.15,22.15,5105,113065,7,,,nan,nan,nan,1801.0,0.0,,finmind,2026-07-17T15:22:30.084716+08:00
2017-06-28,22.15,22.15,22.15,22.15,13037,288767,12,,,nan,nan,nan,1801.0,0.0,,finmind,2026-07-17T15:22:30.084716+08:00
2017-06-29,22.25,22.3,22.25,22.3,2240,49866,3,,,nan,nan,nan,1803.0,0.0,,finmind,2026-07-17T15:22:30.084716+08:00
2017-06-30,0.0,0.0,0.0,0.0,2,44,2,,,nan,nan,nan,1803.0,0.0,,finmind,2026-07-17T15:22:30.084716+08:00
2017-07-03,22.2,22.3,21.8,22.05,16643,365778,16,,,nan,nan,nan,1809.0,0.0,,finmind,2026-07-17T15:22:30.084716+08:00
2017-07-04,22.1,22.1,21.85,22.0,8001,175672,9,,,nan,nan,nan,1812.0,0.0,,finmind,2026-07-17T15:22:30.084716+08:00
2017-07-05,22.0,22.1,22.0,22.1,5050,111300,6,,,nan,nan,nan,1816.0,0.0,,finmind,2026-07-17T15:22:30.084716+08:00
2017-07-06,0.0,0.0,0.0,0.0,1,22,1,,,nan,nan,nan,1816.0,0.0,,finmind,2026-07-17T15:22:30.084716+08:00
2017-07-07,21.55,21.95,21.55,21.95,8000,173900,8,,,nan,nan,nan,1818.0,0.0,,finmind,2026-07-17T15:22:30.084716+08:00
2017-07-10,22.0,22.0,21.9,21.9,39005,857355,22,,,nan,nan,nan,1803.0,0.0,,finmind,2026-07-17T15:22:30.084716+08:00
2017-07-11,22.45,22.9,22.1,22.7,71018,1602101,61,,,nan,nan,nan,1806.0,0.0,,finmind,2026-07-17T15:22:30.084716+08:00
2017-07-12,22.7,22.7,22.4,22.5,131774,2975028,45,,,nan,nan,nan,1818.0,0.0,,finmind,2026-07-17T15:22:30.084716+08:00
2017-07-13,21.9,22.25,21.8,22.15,56333,1237124,26,,,nan,nan,nan,1812.0,0.0,,finmind,2026-07-17T15:22:30.084716+08:00
2017-07-14,22.1,22.3,21.7,21.75,30184,660032,20,,,nan,nan,nan,1809.0,0.0,,finmind,2026-07-17T15:22:30.084716+08:00
2017-07-17,21.95,21.95,21.95,21.95,1000,21950,1,,,nan,nan,nan,1810.0,0.0,,finmind,2026-07-17T15:22:30.084716+08:00
2017-07-18,21.9,21.9,21.6,21.9,3051,66516,5,,,nan,nan,nan,1811.0,0.0,,finmind,2026-07-17T15:22:30.084716+08:00
2017-07-19,21.7,21.7,21.7,21.7,1040,22562,2,,,nan,nan,nan,1811.0,0.0,,finmind,2026-07-17T15:22:30.084716+08:00
2017-07-20,21.9,21.9,21.7,21.7,7013,152580,7,,,nan,nan,nan,1810.0,0.0,,finmind,2026-07-17T15:22:30.084716+08:00
2017-07-21,0.0,0.0,0.0,0.0,10,214,2,,,nan,nan,nan,1802.0,0.0,,finmind,2026-07-17T15:22:30.084716+08:00
2017-07-24,21.7,21.8,21.6,21.8,9213,200121,10,,,nan,nan,nan,1803.0,0.0,,finmind,2026-07-17T15:22:30.084716+08:00
2017-07-25,21.75,22.2,21.65,21.9,22051,482316,18,,,nan,nan,nan,1789.0,0.0,,finmind,2026-07-17T15:22:30.084716+08:00
2017-07-26,22.1,22.1,21.7,21.85,15281,333343,19,,,nan,nan,nan,1787.0,0.0,,finmind,2026-07-17T15:22:30.084716+08:00
2017-07-27,21.95,21.95,21.65,21.85,14010,304810,18,,,nan,nan,nan,1760.0,0.0,,finmind,2026-07-17T15:22:30.084716+08:00
2017-07-28,21.95,21.95,21.7,21.75,11242,245163,9,,,nan,nan,nan,1754.0,0.0,,finmind,2026-07-17T15:22:30.084716+08:00
2017-07-31,21.75,22.0,21.6,22.0,25003,545566,18,,,9000.0,0.0,0.0,1732.0,0.0,,finmind,2026-07-17T15:22:30.084716+08:00
2017-08-01,22.0,22.0,21.6,21.9,14009,305348,12,,,nan,nan,nan,1717.0,0.0,,finmind,2026-07-17T15:22:30.084716+08:00
2017-08-02,21.9,21.95,21.7,21.9,12148,264916,15,,,nan,nan,nan,1717.0,0.0,,finmind,2026-07-17T15:22:30.084716+08:00
2017-08-03,21.65,21.9,21.6,21.9,19502,423164,17,,,nan,nan,nan,1711.0,0.0,,finmind,2026-07-17T15:22:30.084716+08:00
2017-08-04,21.9,22.15,21.8,22.05,141547,3092242,45,,,-1000.0,0.0,0.0,1659.0,0.0,,finmind,2026-07-17T15:22:30.084716+08:00
2017-08-07,22.25,22.6,22.05,22.15,49263,1097469,36,,,-8000.0,0.0,0.0,1647.0,0.0,,finmind,2026-07-17T15:22:30.084716+08:00
2017-08-08,22.05,22.25,21.95,21.95,29311,645945,29,,,nan,nan,nan,1625.0,0.0,,finmind,2026-07-17T15:22:30.084716+08:00
2017-08-09,21.9,21.9,21.65,21.65,12942,281834,15,,,nan,nan,nan,1625.0,0.0,,finmind,2026-07-17T15:22:30.084716+08:00
2017-08-10,22.1,22.1,21.6,21.8,33100,726565,21,,,nan,nan,nan,1626.0,0.0,,finmind,2026-07-17T15:22:30.084716+08:00
2017-08-11,21.6,21.95,21.6,21.95,37101,806951,16,,,15000.0,0.0,0.0,1628.0,0.0,,finmind,2026-07-17T15:22:30.084716+08:00
2017-08-14,22.15,22.15,21.65,21.8,11101,242290,14,,,nan,nan,nan,1633.0,0.0,,finmind,2026-07-17T15:22:30.084716+08:00
2017-08-15,21.65,21.8,21.45,21.7,9115,197225,12,,,-1000.0,0.0,0.0,1636.0,0.0,,finmind,2026-07-17T15:22:30.084716+08:00
2017-08-16,22.55,23.05,21.8,21.8,234203,5234303,175,,,-14000.0,0.0,0.0,1659.0,0.0,,finmind,2026-07-17T15:22:30.084716+08:00
2017-08-17,21.85,21.9,21.55,21.8,33060,719509,33,,,nan,nan,nan,1657.0,0.0,,finmind,2026-07-17T15:22:30.084716+08:00
2017-08-18,21.6,21.85,21.6,21.85,38292,829724,20,,,2000.0,0.0,0.0,1660.0,0.0,,finmind,2026-07-17T15:22:30.084716+08:00
2017-08-21,21.85,21.95,21.8,21.95,14442,315238,18,,,nan,nan,nan,1661.0,0.0,,finmind,2026-07-17T15:22:30.084716+08:00
2017-08-22,21.95,21.95,21.6,21.9,62869,1362801,30,,,nan,nan,nan,1656.0,0.0,,finmind,2026-07-17T15:22:30.084716+08:00
2017-08-23,21.95,21.95,21.7,21.85,23425,509448,20,,,-1000.0,0.0,0.0,1659.0,0.0,,finmind,2026-07-17T15:22:30.084716+08:00
2017-08-24,21.7,21.85,21.6,21.75,53144,1152875,35,,,nan,nan,nan,1656.0,0.0,,finmind,2026-07-17T15:22:30.084716+08:00
2017-08-25,21.8,21.95,21.75,21.95,10220,223076,15,,,nan,nan,nan,1659.0,0.0,,finmind,2026-07-17T15:22:30.084716+08:00
2017-08-28,22.0,22.15,21.8,21.95,15201,334279,16,,,-1000.0,0.0,0.0,1659.0,0.0,,finmind,2026-07-17T15:22:30.084716+08:00
2017-08-29,21.9,21.9,21.75,21.9,5022,109680,9,,,nan,nan,nan,1660.0,0.0,,finmind,2026-07-17T15:22:30.084716+08:00
2017-08-30,22.0,22.05,21.8,21.8,11946,261311,16,,,nan,nan,nan,1661.0,0.0,,finmind,2026-07-17T15:22:30.084716+08:00
2017-08-31,21.75,21.75,21.5,21.7,22002,475642,22,,,nan,nan,nan,1665.0,0.0,,finmind,2026-07-17T15:22:30.084716+08:00
2017-09-01,21.7,21.7,21.5,21.7,39000,840400,19,,,nan,nan,nan,1665.0,0.0,,finmind,2026-07-17T15:22:30.084716+08:00
2017-09-04,21.5,21.8,21.5,21.8,27000,582350,10,,,nan,nan,nan,1667.0,0.0,,finmind,2026-07-17T15:22:30.084716+08:00
2017-09-05,21.85,21.85,21.7,21.75,12843,279239,13,,,nan,nan,nan,1668.0,0.0,,finmind,2026-07-17T15:22:30.084716+08:00
2017-09-06,21.7,21.7,21.7,21.7,8001,173621,6,,,nan,nan,nan,1668.0,0.0,,finmind,2026-07-17T15:22:30.084716+08:00
2017-09-07,21.6,21.7,21.6,21.7,37020,802034,8,,,nan,nan,nan,1668.0,0.0,,finmind,2026-07-17T15:22:30.084716+08:00
2017-09-08,21.7,21.9,21.7,21.85,16093,350717,12,,,nan,nan,nan,1663.0,0.0,,finmind,2026-07-17T15:22:30.084716+08:00
2017-09-11,22.25,22.4,22.1,22.15,67246,1493474,54,,,nan,nan,nan,1676.0,0.0,,finmind,2026-07-17T15:22:30.084716+08:00
2017-09-12,22.3,22.35,22.15,22.2,85001,1886622,32,,,nan,nan,nan,1652.0,0.0,,finmind,2026-07-17T15:22:30.084716+08:00
2017-09-13,22.2,22.3,22.2,22.2,34002,756544,21,,,nan,nan,nan,1637.0,0.0,,finmind,2026-07-17T15:22:30.084716+08:00
2017-09-14,22.2,22.2,22.2,22.2,10001,222022,8,,,nan,nan,nan,1634.0,0.0,,finmind,2026-07-17T15:22:30.084716+08:00
2017-09-15,22.3,22.3,22.05,22.2,8829,195452,8,,,nan,nan,nan,1631.0,0.0,,finmind,2026-07-17T15:22:30.084716+08:00
2017-09-18,21.9,22.05,21.9,22.05,7190,157989,11,,,nan,nan,nan,1631.0,0.0,,finmind,2026-07-17T15:22:30.084716+08:00
2017-09-19,22.0,22.05,21.9,22.05,30000,659000,16,,,nan,nan,nan,1627.0,0.0,,finmind,2026-07-17T15:22:30.084716+08:00
2017-09-20,21.9,22.0,21.85,22.0,13001,284622,10,,,nan,nan,nan,1626.0,0.0,,finmind,2026-07-17T15:22:30.084716+08:00
2017-09-21,21.8,22.1,21.8,22.1,46460,1020870,19,,,nan,nan,nan,1625.0,0.0,,finmind,2026-07-17T15:22:30.084716+08:00
2017-09-22,21.95,22.05,21.95,22.05,5092,111978,6,,,nan,nan,nan,1626.0,0.0,,finmind,2026-07-17T15:22:30.084716+08:00
2017-09-25,21.85,21.85,21.7,21.7,27424,596133,28,,,nan,nan,nan,1615.0,0.0,,finmind,2026-07-17T15:22:30.084716+08:00
2017-09-26,22.15,22.15,21.8,21.8,10449,229969,11,,,nan,nan,nan,1612.0,0.0,,finmind,2026-07-17T15:22:30.084716+08:00
2017-09-27,22.15,22.15,21.85,21.85,4094,89752,7,,,nan,nan,nan,1612.0,0.0,,finmind,2026-07-17T15:22:30.084716+08:00
2017-09-28,21.8,21.8,21.75,21.75,9094,198048,7,,,nan,nan,nan,1613.0,0.0,,finmind,2026-07-17T15:22:30.084716+08:00
2017-09-29,21.75,21.8,21.65,21.65,16165,351079,11,,,nan,nan,nan,1606.0,0.0,,finmind,2026-07-17T15:22:30.084716+08:00
2017-09-30,21.65,21.8,21.55,21.65,51000,1102200,28,,,nan,nan,nan,1596.0,0.0,,finmind,2026-07-17T15:22:30.084716+08:00
2017-10-02,21.25,22.0,21.25,21.8,15200,329729,12,,,nan,nan,nan,1595.0,0.0,,finmind,2026-07-17T15:22:30.084716+08:00
2017-10-03,22.05,22.05,21.7,21.95,7000,153800,7,,,nan,nan,nan,1594.0,0.0,,finmind,2026-07-17T15:22:30.084716+08:00
2017-10-05,21.8,21.95,21.65,21.95,15026,327864,14,,,nan,nan,nan,1594.0,0.0,,finmind,2026-07-17T15:22:30.084716+08:00
2017-10-06,21.8,21.95,21.75,21.95,15011,327088,8,,,nan,nan,nan,1554.0,0.0,,finmind,2026-07-17T15:22:30.084716+08:00
2017-10-11,21.95,21.95,21.75,21.8,19001,414271,4,,,nan,nan,nan,1554.0,0.0,,finmind,2026-07-17T15:22:30.084716+08:00
2017-10-12,21.75,21.85,21.75,21.8,14010,305368,7,,,nan,nan,nan,1554.0,0.0,,finmind,2026-07-17T15:22:30.084716+08:00
2017-10-13,21.8,21.85,21.8,21.8,8500,185500,9,,,nan,nan,nan,1548.0,0.0,,finmind,2026-07-17T15:22:30.084716+08:00
2017-10-16,21.8,21.85,21.8,21.8,31149,679143,21,,,nan,nan,nan,1535.0,0.0,,finmind,2026-07-17T15:22:30.084716+08:00
2017-10-17,21.8,21.8,21.8,21.8,26103,569044,18,,,nan,nan,nan,1525.0,0.0,,finmind,2026-07-17T15:22:30.084716+08:00
2017-10-18,21.8,21.8,21.6,21.65,12007,260802,11,,,nan,nan,nan,1522.0,0.0,,finmind,2026-07-17T15:22:30.084716+08:00
2017-10-19,21.65,21.85,21.65,21.85,3163,68678,4,,,nan,nan,nan,1523.0,0.0,,finmind,2026-07-17T15:22:30.084716+08:00
2017-10-20,21.85,21.85,21.65,21.75,8016,174094,9,,,nan,nan,nan,1524.0,0.0,,finmind,2026-07-17T15:22:30.084716+08:00
2017-10-23,21.7,21.75,21.7,21.7,25001,543473,18,,,nan,nan,nan,1519.0,0.0,,finmind,2026-07-17T15:22:30.084716+08:00
2017-10-24,21.8,21.8,21.65,21.75,22002,478143,16,,,nan,nan,nan,1520.0,0.0,,finmind,2026-07-17T15:22:30.084716+08:00
2017-10-25,21.75,21.8,21.65,21.7,19000,413300,13,,,nan,nan,nan,1518.0,0.0,,finmind,2026-07-17T15:22:30.084716+08:00
2017-10-26,21.7,21.7,21.7,21.7,26001,564221,9,,,nan,nan,nan,1516.0,0.0,,finmind,2026-07-17T15:22:30.084716+08:00
2017-10-27,21.65,21.7,21.45,21.65,23000,495600,20,,,nan,nan,nan,1520.0,0.0,,finmind,2026-07-17T15:22:30.084716+08:00
2017-10-30,21.5,21.5,21.4,21.45,67402,1444292,33,,,nan,nan,nan,1517.0,0.0,,finmind,2026-07-17T15:22:30.084716+08:00
2017-10-31,21.45,21.45,21.45,21.45,12708,272585,13,,,nan,nan,nan,1516.0,0.0,,finmind,2026-07-17T15:22:30.084716+08:00
2017-11-01,21.45,21.5,21.4,21.4,27000,579150,15,,,nan,nan,nan,1518.0,0.0,,finmind,2026-07-17T15:22:30.084716+08:00
2017-11-02,21.35,21.35,21.2,21.2,16000,340100,15,,,nan,nan,nan,1520.0,0.0,,finmind,2026-07-17T15:22:30.084716+08:00
2017-11-03,21.3,21.3,21.1,21.15,17277,365536,16,,,nan,nan,nan,1519.0,0.0,,finmind,2026-07-17T15:22:30.084716+08:00
2017-11-06,21.1,21.15,21.05,21.05,14097,297596,12,,,nan,nan,nan,1518.0,0.0,,finmind,2026-07-17T15:22:30.084716+08:00
2017-11-07,21.15,21.2,21.0,21.15,24166,510068,25,,,nan,nan,nan,1528.0,0.0,,finmind,2026-07-17T15:22:30.084716+08:00
2017-11-08,21.15,21.15,20.95,21.1,41092,867050,22,,,nan,nan,nan,1521.0,0.0,,finmind,2026-07-17T15:22:30.084716+08:00
2017-11-09,21.0,21.05,20.9,21.05,14840,311368,12,,,nan,nan,nan,1522.0,0.0,,finmind,2026-07-17T15:22:30.084716+08:00
2017-11-10,21.1,21.1,20.85,20.9,17161,358664,16,,,nan,nan,nan,1516.0,0.0,,finmind,2026-07-17T15:22:30.084716+08:00
2017-11-13,20.8,21.1,20.75,21.0,18002,374438,20,,,nan,nan,nan,1516.0,0.0,,finmind,2026-07-17T15:22:30.084716+08:00
2017-11-14,21.0,21.0,20.8,20.95,31059,649541,28,,,nan,nan,nan,1518.0,0.0,,finmind,2026-07-17T15:22:30.084716+08:00
2017-11-15,20.75,20.8,20.7,20.8,21002,435890,22,,,nan,nan,nan,1518.0,0.0,,finmind,2026-07-17T15:22:30.084716+08:00
2017-11-16,20.95,21.0,20.7,20.8,22226,462996,25,,,nan,nan,nan,1519.0,0.0,,finmind,2026-07-17T15:22:30.084716+08:00
2017-11-17,20.75,20.85,20.65,20.8,15085,313626,16,,,2000.0,0.0,0.0,1519.0,0.0,,finmind,2026-07-17T15:22:30.084716+08:00
2017-11-20,20.75,21.05,20.7,20.8,22002,456940,17,,,nan,nan,nan,1515.0,0.0,,finmind,2026-07-17T15:22:30.084716+08:00
2017-11-21,20.9,21.0,20.8,20.9,25503,533559,26,,,nan,nan,nan,1508.0,0.0,,finmind,2026-07-17T15:22:30.084716+08:00
2017-11-22,20.8,20.9,20.75,20.85,42167,876722,28,,,nan,nan,nan,1484.0,0.0,,finmind,2026-07-17T15:22:30.084716+08:00
2017-11-23,20.8,20.9,20.8,20.9,17139,356739,12,,,nan,nan,nan,1476.0,0.0,,finmind,2026-07-17T15:22:30.084716+08:00
2017-11-24,20.85,20.85,20.8,20.8,42002,873940,22,,,nan,nan,nan,1472.0,0.0,,finmind,2026-07-17T15:22:30.084716+08:00
2017-11-27,20.8,20.8,20.7,20.7,24020,498666,20,,,nan,nan,nan,1469.0,0.0,,finmind,2026-07-17T15:22:30.084716+08:00
2017-11-28,20.7,20.7,20.65,20.7,29100,602084,24,,,nan,nan,nan,1468.0,0.0,,finmind,2026-07-17T15:22:30.084716+08:00
2017-11-29,20.7,20.8,20.7,20.7,16091,333482,15,,,nan,nan,nan,1466.0,0.0,,finmind,2026-07-17T15:22:30.084716+08:00
2017-11-30,20.8,21.05,20.8,21.05,53159,1113515,31,,,nan,nan,nan,1478.0,0.0,,finmind,2026-07-17T15:22:30.084716+08:00
2017-12-01,21.1,21.1,20.9,21.0,20501,430571,24,,,nan,nan,nan,1478.0,0.0,,finmind,2026-07-17T15:22:30.084716+08:00
2017-12-04,20.9,20.9,20.75,20.75,37010,768955,31,,,nan,nan,nan,1468.0,0.0,,finmind,2026-07-17T15:22:30.084716+08:00
2017-12-05,20.75,20.75,20.7,20.7,13103,271734,17,,,nan,nan,nan,1468.0,0.0,,finmind,2026-07-17T15:22:30.084716+08:00
2017-12-06,20.7,20.7,20.55,20.6,27002,558090,18,,,nan,nan,nan,1470.0,0.0,,finmind,2026-07-17T15:22:30.084716+08:00
2017-12-07,20.6,20.6,20.6,20.6,8062,166077,9,,,nan,nan,nan,1470.0,0.0,,finmind,2026-07-17T15:22:30.084716+08:00
2017-12-08,20.55,20.85,20.5,20.55,22000,452150,14,,,nan,nan,nan,1471.0,0.0,,finmind,2026-07-17T15:22:30.084716+08:00
2017-12-11,20.55,20.75,20.3,20.75,67001,1368670,25,,,nan,nan,nan,1460.0,0.0,,finmind,2026-07-17T15:22:30.084716+08:00
2017-12-12,20.8,20.95,20.7,20.75,45003,935461,21,,,-1000.0,0.0,0.0,1460.0,0.0,,finmind,2026-07-17T15:22:30.084716+08:00
2017-12-13,20.85,21.25,20.85,21.0,108001,2270320,64,,,-1000.0,0.0,0.0,1468.0,0.0,,finmind,2026-07-17T15:22:30.084716+08:00
2017-12-14,21.2,21.8,20.8,21.15,261002,5584992,134,,,nan,nan,nan,1484.0,0.0,,finmind,2026-07-17T15:22:30.084716+08:00
2017-12-15,21.1,21.25,20.95,21.1,66160,1398694,32,,,nan,nan,nan,1476.0,0.0,,finmind,2026-07-17T15:22:30.084716+08:00
2017-12-18,21.1,21.1,21.0,21.0,32000,673800,18,,,nan,nan,nan,1472.0,0.0,,finmind,2026-07-17T15:22:30.084716+08:00
2017-12-19,21.05,21.05,20.75,20.85,89497,1874137,56,,,nan,nan,nan,1455.0,0.0,,finmind,2026-07-17T15:22:30.084716+08:00
2017-12-20,20.95,20.95,20.85,20.85,38111,796712,19,,,nan,nan,nan,1455.0,0.0,,finmind,2026-07-17T15:22:30.084716+08:00
2017-12-21,20.75,20.8,20.55,20.8,28004,581034,21,,,nan,nan,nan,1456.0,0.0,,finmind,2026-07-17T15:22:30.084716+08:00
2017-12-22,20.5,20.75,20.5,20.7,51002,1053890,34,,,nan,nan,nan,1459.0,0.0,,finmind,2026-07-17T15:22:30.084716+08:00
2017-12-25,20.65,20.8,20.6,20.7,26195,541133,27,,,nan,nan,nan,1462.0,0.0,,finmind,2026-07-17T15:22:30.084716+08:00
2017-12-26,20.7,20.7,20.6,20.6,30011,620026,19,,,nan,nan,nan,1460.0,0.0,,finmind,2026-07-17T15:22:30.084716+08:00
2017-12-27,20.65,20.75,20.65,20.7,35200,729436,19,,,nan,nan,nan,1460.0,0.0,,finmind,2026-07-17T15:22:30.084716+08:00
2017-12-28,20.7,20.8,20.65,20.8,82002,1699240,26,,,15000.0,0.0,0.0,1463.0,0.0,,finmind,2026-07-17T15:22:30.084716+08:00
2017-12-29,20.8,20.8,20.75,20.8,55046,1144451,34,,,nan,nan,nan,1463.0,0.0,,finmind,2026-07-17T15:22:30.084716+08:00
2018-01-02,20.8,20.8,20.6,20.7,32552,674173,27,,,nan,nan,nan,1464.0,0.0,,finmind,2026-07-17T15:22:30.084716+08:00
2018-01-03,20.7,20.75,20.7,20.7,29145,603741,27,,,nan,nan,nan,1464.0,0.0,,finmind,2026-07-17T15:22:30.084716+08:00
2018-01-04,20.8,20.8,20.7,20.75,30200,625529,22,,,nan,nan,nan,1469.0,0.0,,finmind,2026-07-17T15:22:30.084716+08:00
2018-01-05,20.75,20.75,20.65,20.7,18001,372920,15,,,nan,nan,nan,1469.0,0.0,,finmind,2026-07-17T15:22:30.084716+08:00
2018-01-08,20.7,20.95,20.7,20.85,69004,1439631,42,,,nan,nan,nan,1471.0,0.0,,finmind,2026-07-17T15:22:30.084716+08:00
2018-01-09,20.8,21.2,20.8,21.2,173233,3643952,85,,,4000.0,0.0,0.0,1490.0,0.0,,finmind,2026-07-17T15:22:30.084716+08:00
2018-01-10,21.2,21.3,21.2,21.2,131915,2804015,60,,,-1000.0,0.0,0.0,1469.0,0.0,,finmind,2026-07-17T15:22:30.084716+08:00
2018-01-11,21.2,21.2,21.05,21.2,56184,1187450,23,,,nan,nan,nan,1470.0,0.0,,finmind,2026-07-17T15:22:30.084716+08:00
2018-01-12,21.25,21.35,21.2,21.2,88002,1872792,50,,,-7000.0,0.0,0.0,1462.0,0.0,,finmind,2026-07-17T15:22:30.084716+08:00
2018-01-15,21.25,21.5,21.2,21.2,124027,2642223,67,,,nan,nan,nan,1481.0,0.0,,finmind,2026-07-17T15:22:30.084716+08:00
2018-01-16,21.3,21.4,21.3,21.4,26014,555546,17,,,nan,nan,nan,1484.0,0.0,,finmind,2026-07-17T15:22:30.084716+08:00
2018-01-17,21.5,22.0,21.5,21.75,141633,3079965,90,,,nan,nan,nan,1495.0,0.0,,finmind,2026-07-17T15:22:30.084716+08:00
2018-01-18,21.95,22.65,21.95,22.4,335596,7498027,180,,,-6000.0,0.0,0.0,1542.0,1.0,,finmind,2026-07-17T15:22:30.084716+08:00
2018-01-19,22.5,22.7,22.45,22.45,198436,4481719,94,,,-2000.0,0.0,0.0,1552.0,4.0,,finmind,2026-07-17T15:22:30.084716+08:00
2018-01-22,22.55,22.65,22.45,22.5,123816,2789394,57,,,-3000.0,0.0,0.0,1552.0,6.0,,finmind,2026-07-17T15:22:30.084716+08:00
2018-01-23,22.5,22.55,21.95,22.15,138410,3077030,77,,,nan,nan,nan,1570.0,1.0,,finmind,2026-07-17T15:22:30.084716+08:00
2018-01-24,22.15,22.3,21.9,22.2,110566,2448984,68,,,nan,nan,nan,1590.0,0.0,,finmind,2026-07-17T15:22:30.084716+08:00
2018-01-25,22.25,22.25,22.1,22.2,22221,493183,22,,,nan,nan,nan,1590.0,0.0,,finmind,2026-07-17T15:22:30.084716+08:00
2018-01-26,22.1,22.2,22.05,22.2,32411,716472,25,,,nan,nan,nan,1596.0,0.0,,finmind,2026-07-17T15:22:30.084716+08:00
2018-01-29,22.35,22.35,22.15,22.2,48003,1066666,36,,,nan,nan,nan,1608.0,0.0,,finmind,2026-07-17T15:22:30.084716+08:00
2018-01-30,22.2,22.35,22.15,22.15,37103,824030,28,,,nan,nan,nan,1616.0,0.0,,finmind,2026-07-17T15:22:30.084716+08:00
2018-01-31,22.15,22.2,22.1,22.2,12016,266152,25,,,nan,nan,nan,1620.0,0.0,,finmind,2026-07-17T15:22:30.084716+08:00
2018-02-01,22.2,22.35,22.2,22.35,35838,798051,30,,,nan,nan,nan,1628.0,3.0,,finmind,2026-07-17T15:22:30.084716+08:00
2018-02-02,22.4,22.45,22.3,22.4,34001,760722,24,,,nan,nan,nan,1639.0,3.0,,finmind,2026-07-17T15:22:30.084716+08:00
2018-02-05,22.0,22.3,21.95,22.3,76176,1679773,48,,,0.0,0.0,1000.0,1647.0,3.0,,finmind,2026-07-17T15:22:30.084716+08:00
2018-02-06,21.85,22.0,21.3,21.55,110285,2406378,74,,,0.0,0.0,-1000.0,1629.0,0.0,,finmind,2026-07-17T15:22:30.084716+08:00
2018-02-07,21.75,22.25,21.75,22.1,60368,1331276,42,,,nan,nan,nan,1636.0,0.0,,finmind,2026-07-17T15:22:30.084716+08:00
2018-02-08,22.15,22.45,22.0,22.45,16306,361292,19,,,nan,nan,nan,1641.0,0.0,,finmind,2026-07-17T15:22:30.084716+08:00
2018-02-09,22.0,22.65,21.35,22.6,105250,2330586,68,,,nan,nan,nan,1643.0,0.0,,finmind,2026-07-17T15:22:30.084716+08:00
2018-02-12,22.85,23.6,22.85,23.6,286503,6701466,185,,,18000.0,0.0,0.0,1698.0,0.0,,finmind,2026-07-17T15:22:30.084716+08:00
2018-02-21,23.8,24.1,23.3,24.0,185285,4412977,119,,,-15000.0,0.0,50000.0,1720.0,0.0,,finmind,2026-07-17T15:22:30.084716+08:00
2018-02-22,24.0,24.05,23.8,24.05,98114,2351023,74,,,-2000.0,0.0,5000.0,1738.0,0.0,,finmind,2026-07-17T15:22:30.084716+08:00
2018-02-23,24.0,24.05,23.85,24.05,75563,1812462,66,,,nan,nan,nan,1761.0,0.0,,finmind,2026-07-17T15:22:30.084716+08:00
2018-02-26,24.05,26.1,24.05,25.15,155015,3894225,109,,,-1000.0,0.0,15000.0,1778.0,1.0,,finmind,2026-07-17T15:22:30.084716+08:00
2018-02-27,25.3,26.15,25.05,25.05,189825,4839031,141,,,nan,nan,nan,1790.0,1.0,,finmind,2026-07-17T15:22:30.084716+08:00
2018-03-01,25.05,25.15,25.0,25.1,43405,1087929,45,,,nan,nan,nan,1802.0,1.0,,finmind,2026-07-17T15:22:30.084716+08:00
2018-03-02,25.1,25.4,25.05,25.2,52804,1329200,41,,,nan,nan,nan,1826.0,1.0,,finmind,2026-07-17T15:22:30.084716+08:00
2018-03-05,25.05,25.3,24.8,25.0,86094,2156038,52,,,nan,nan,nan,1844.0,1.0,,finmind,2026-07-17T15:22:30.084716+08:00
2018-03-06,24.9,25.05,24.9,25.05,27369,683814,28,,,nan,nan,nan,1854.0,1.0,,finmind,2026-07-17T15:22:30.084716+08:00
2018-03-07,25.3,25.3,24.5,24.9,47302,1176902,37,,,nan,nan,nan,1866.0,1.0,,finmind,2026-07-17T15:22:30.084716+08:00
2018-03-08,25.45,25.45,24.9,25.0,21152,529074,18,,,0.0,0.0,1000.0,1873.0,1.0,,finmind,2026-07-17T15:22:30.084716+08:00
2018-03-09,24.6,25.0,24.6,25.0,47254,1173046,33,,,0.0,0.0,-2000.0,1882.0,0.0,,finmind,2026-07-17T15:22:30.084716+08:00
2018-03-12,25.0,25.55,25.0,25.0,117609,2961675,68,,,0.0,0.0,-1000.0,1902.0,0.0,,finmind,2026-07-17T15:22:30.084716+08:00
2018-03-13,25.2,25.2,25.0,25.1,13004,326296,16,,,nan,nan,nan,1909.0,0.0,,finmind,2026-07-17T15:22:30.084716+08:00
2018-03-14,25.3,25.3,24.85,25.2,82600,2067616,45,,,nan,nan,nan,1925.0,0.0,,finmind,2026-07-17T15:22:30.084716+08:00
2018-03-15,25.4,25.4,25.1,25.3,30060,758515,28,,,nan,nan,nan,1927.0,0.0,,finmind,2026-07-17T15:22:30.084716+08:00
2018-03-16,25.2,25.2,24.95,25.05,75111,1880948,60,,,nan,nan,nan,1934.0,0.0,,finmind,2026-07-17T15:22:30.084716+08:00
2018-03-19,25.05,25.8,25.05,25.4,143029,3624988,94,,,0.0,0.0,17000.0,1952.0,0.0,,finmind,2026-07-17T15:22:30.084716+08:00
2018-03-20,25.3,25.6,25.3,25.5,60186,1533242,38,,,nan,nan,nan,1967.0,0.0,,finmind,2026-07-17T15:22:30.084716+08:00
2018-03-21,25.7,26.2,25.7,26.15,180135,4684564,125,,,nan,nan,nan,2003.0,0.0,,finmind,2026-07-17T15:22:30.084716+08:00
2018-03-22,26.5,27.15,26.3,26.45,103708,2766882,88,,,nan,nan,nan,2001.0,0.0,,finmind,2026-07-17T15:22:30.084716+08:00
2018-03-23,26.1,26.15,25.5,25.7,94882,2449881,70,,,0.0,0.0,10000.0,2022.0,0.0,,finmind,2026-07-17T15:22:30.084716+08:00
2018-03-26,25.6,25.7,25.6,25.7,25818,662442,32,,,nan,nan,nan,2022.0,0.0,,finmind,2026-07-17T15:22:30.084716+08:00
2018-03-27,26.0,26.0,25.7,25.8,12015,309925,24,,,nan,nan,nan,2022.0,0.0,,finmind,2026-07-17T15:22:30.084716+08:00
2018-03-28,25.8,25.95,25.65,25.85,20203,521491,27,,,nan,nan,nan,2031.0,0.0,,finmind,2026-07-17T15:22:30.084716+08:00
2018-03-29,26.5,26.5,25.65,26.4,44553,1163182,42,,,nan,nan,nan,2025.0,0.0,,finmind,2026-07-17T15:22:30.084716+08:00
2018-03-30,26.6,26.6,26.0,26.0,115381,3034054,91,,,0.0,0.0,3000.0,2007.0,0.0,,finmind,2026-07-17T15:22:30.084716+08:00
2018-03-31,26.1,26.2,26.0,26.2,13000,339200,10,,,nan,nan,nan,2009.0,0.0,,finmind,2026-07-17T15:22:30.084716+08:00
2018-04-02,25.1,26.1,25.1,25.95,28121,727116,34,,,nan,nan,nan,2017.0,0.0,,finmind,2026-07-17T15:22:30.084716+08:00
2018-04-03,25.8,26.45,25.65,26.25,58454,1521814,57,,,nan,nan,nan,2019.0,0.0,,finmind,2026-07-17T15:22:30.084716+08:00
2018-04-09,26.5,26.8,26.0,26.1,85015,2226933,52,,,nan,nan,nan,2022.0,0.0,,finmind,2026-07-17T15:22:30.084716+08:00
2018-04-10,25.9,27.45,25.9,26.55,99006,2641553,70,,,nan,nan,nan,2007.0,0.0,,finmind,2026-07-17T15:22:30.084716+08:00
2018-04-11,26.8,26.8,26.5,26.6,65123,1732934,43,,,nan,nan,nan,1991.0,0.0,,finmind,2026-07-17T15:22:30.084716+08:00
2018-04-12,26.7,26.7,26.4,26.5,22823,604561,26,,,nan,nan,nan,1996.0,0.0,,finmind,2026-07-17T15:22:30.084716+08:00
2018-04-13,26.6,26.6,26.2,26.2,48692,1281942,40,,,nan,nan,nan,1999.0,0.0,,finmind,2026-07-17T15:22:30.084716+08:00
2018-04-16,26.5,26.5,25.75,26.1,74491,1936165,47,,,0.0,0.0,0.0,1984.0,0.0,,finmind,2026-07-17T15:22:30.084716+08:00
2018-04-17,26.1,26.1,25.7,26.0,36001,929525,31,,,nan,nan,nan,1985.0,0.0,,finmind,2026-07-17T15:22:30.084716+08:00
2018-04-18,26.0,26.05,25.7,26.05,27233,703908,21,,,nan,nan,nan,1990.0,0.0,,finmind,2026-07-17T15:22:30.084716+08:00
2018-04-19,25.8,26.15,25.55,26.05,319403,8289344,71,,,nan,nan,nan,2218.0,0.0,,finmind,2026-07-17T15:22:30.084716+08:00
2018-04-20,26.0,26.1,25.9,25.95,108001,2806276,26,,,nan,nan,nan,2256.0,0.0,,finmind,2026-07-17T15:22:30.084716+08:00
2018-04-23,25.95,25.95,25.65,25.85,49328,1273024,34,,,nan,nan,nan,2271.0,0.0,,finmind,2026-07-17T15:22:30.084716+08:00
2018-04-24,25.5,25.5,25.45,25.45,22015,560977,19,,,nan,nan,nan,2281.0,0.0,,finmind,2026-07-17T15:22:30.084716+08:00
2018-04-25,25.8,26.85,25.5,26.3,75981,1991006,50,,,nan,nan,nan,2249.0,0.0,,finmind,2026-07-17T15:22:30.084716+08:00
2018-04-26,26.3,26.6,25.8,25.8,106016,2786155,41,,,0.0,0.0,1000.0,2191.0,0.0,,finmind,2026-07-17T15:22:30.084716+08:00
2018-04-27,25.75,26.25,25.75,25.85,18131,469302,21,,,2000.0,0.0,0.0,2196.0,0.0,,finmind,2026-07-17T15:22:30.084716+08:00
2018-04-30,25.85,26.0,25.85,26.0,10111,262665,13,,,nan,nan,nan,2194.0,0.0,,finmind,2026-07-17T15:22:30.084716+08:00
2018-05-02,26.05,26.05,25.8,26.05,25555,661905,46,,,-2000.0,0.0,0.0,2206.0,0.0,,finmind,2026-07-17T15:22:30.084716+08:00
2018-05-03,26.0,26.0,25.75,25.95,20007,517427,23,,,nan,nan,nan,2218.0,0.0,,finmind,2026-07-17T15:22:30.084716+08:00
2018-05-04,25.85,26.0,25.85,25.9,16002,415400,17,,,nan,nan,nan,2225.0,0.0,,finmind,2026-07-17T15:22:30.084716+08:00
2018-05-07,25.8,26.05,25.8,25.85,35204,913620,26,,,nan,nan,nan,2243.0,0.0,,finmind,2026-07-17T15:22:30.084716+08:00
2018-05-08,25.95,26.0,25.85,25.95,12004,311600,14,,,nan,nan,nan,2254.0,0.0,,finmind,2026-07-17T15:22:30.084716+08:00
2018-05-09,25.6,26.0,25.6,26.0,72007,1860228,41,,,0.0,0.0,-1000.0,2281.0,0.0,,finmind,2026-07-17T15:22:30.084716+08:00
2018-05-10,25.8,26.0,25.8,26.0,28751,744047,25,,,nan,nan,nan,2285.0,0.0,,finmind,2026-07-17T15:22:30.084716+08:00
2018-05-11,26.0,26.65,26.0,26.2,38021,997295,40,,,0.0,0.0,0.0,2278.0,0.0,,finmind,2026-07-17T15:22:30.084716+08:00
2018-05-14,26.3,26.3,25.55,25.8,108020,2785659,62,,,0.0,0.0,1000.0,2307.0,0.0,,finmind,2026-07-17T15:22:30.084716+08:00
2018-05-15,25.8,25.8,25.2,25.7,89000,2278800,59,,,0.0,0.0,-1000.0,2321.0,0.0,,finmind,2026-07-17T15:22:30.084716+08:00
2018-05-16,25.3,25.4,25.3,25.3,55407,1404684,35,,,nan,nan,nan,2342.0,0.0,,finmind,2026-07-17T15:22:30.084716+08:00
2018-05-17,25.7,25.7,25.25,25.4,26200,663389,17,,,nan,nan,nan,2352.0,0.0,,finmind,2026-07-17T15:22:30.084716+08:00
2018-05-18,25.4,25.4,25.2,25.3,41593,1050725,33,,,nan,nan,nan,2377.0,0.0,,finmind,2026-07-17T15:22:30.084716+08:00
2018-05-21,25.35,25.35,25.25,25.3,36661,926725,30,,,nan,nan,nan,2386.0,0.0,,finmind,2026-07-17T15:22:30.084716+08:00
2018-05-22,25.3,25.35,25.25,25.3,12390,313050,32,,,nan,nan,nan,2392.0,0.0,,finmind,2026-07-17T15:22:30.084716+08:00
2018-05-23,25.3,25.3,25.15,25.25,18005,454025,17,,,nan,nan,nan,2400.0,0.0,,finmind,2026-07-17T15:22:30.084716+08:00
2018-05-24,25.25,25.25,25.2,25.25,5011,126425,12,,,nan,nan,nan,2401.0,0.0,,finmind,2026-07-17T15:22:30.084716+08:00
2018-05-25,24.8,25.25,24.8,25.25,20158,507100,31,,,nan,nan,nan,2408.0,0.0,,finmind,2026-07-17T15:22:30.084716+08:00
2018-05-28,25.25,25.3,25.25,25.3,8015,202475,18,,,nan,nan,nan,2410.0,0.0,,finmind,2026-07-17T15:22:30.084716+08:00
2018-05-29,25.3,25.5,25.3,25.5,12070,305780,21,,,nan,nan,nan,2412.0,0.0,,finmind,2026-07-17T15:22:30.084716+08:00
2018-05-30,25.1,25.4,25.1,25.4,9095,229188,11,,,nan,nan,nan,2415.0,0.0,,finmind,2026-07-17T15:22:30.084716+08:00
2018-05-31,25.4,25.55,25.25,25.55,28100,711598,39,,,nan,nan,nan,2428.0,0.0,,finmind,2026-07-17T15:22:30.084716+08:00
2018-06-01,25.65,25.65,25.2,25.5,18157,459863,22,,,nan,nan,nan,2402.0,0.0,,finmind,2026-07-17T15:22:30.084716+08:00
2018-06-04,25.6,25.6,25.6,25.6,2406,61490,8,,,nan,nan,nan,2348.0,0.0,,finmind,2026-07-17T15:22:30.084716+08:00
2018-06-05,25.55,25.55,25.2,25.2,4067,103090,14,,,nan,nan,nan,2319.0,0.0,,finmind,2026-07-17T15:22:30.084716+08:00
2018-06-06,25.1,25.15,25.0,25.0,37002,927397,30,,,nan,nan,nan,2331.0,0.0,,finmind,2026-07-17T15:22:30.084716+08:00
2018-06-07,25.05,25.1,25.0,25.1,20669,517089,18,,,nan,nan,nan,2325.0,0.0,,finmind,2026-07-17T15:22:30.084716+08:00
2018-06-08,25.2,25.35,25.05,25.05,19176,482956,31,,,nan,nan,nan,2331.0,0.0,,finmind,2026-07-17T15:22:30.084716+08:00
2018-06-11,25.25,25.25,25.0,25.2,29096,729600,26,,,nan,nan,nan,2337.0,0.0,,finmind,2026-07-17T15:22:30.084716+08:00
2018-06-12,25.0,25.2,25.0,25.2,4942,124000,10,,,nan,nan,nan,2340.0,0.0,,finmind,2026-07-17T15:22:30.084716+08:00
2018-06-13,25.1,25.6,25.1,25.6,53999,1363421,40,,,1000.0,0.0,0.0,2260.0,0.0,,finmind,2026-07-17T15:22:30.084716+08:00
2018-06-14,25.65,25.65,25.0,25.25,129494,3252923,67,,,-1000.0,0.0,0.0,2273.0,0.0,,finmind,2026-07-17T15:22:30.084716+08:00
2018-06-15,25.25,25.35,25.1,25.3,69230,1744910,26,,,nan,nan,nan,2241.0,0.0,,finmind,2026-07-17T15:22:30.084716+08:00
2018-06-19,25.1,25.1,24.7,25.0,55002,1366298,27,,,nan,nan,nan,2248.0,0.0,,finmind,2026-07-17T15:22:30.084716+08:00
2018-06-20,24.75,25.0,24.75,24.9,31082,773050,23,,,nan,nan,nan,2261.0,0.0,,finmind,2026-07-17T15:22:30.084716+08:00
2018-06-21,24.9,24.95,24.9,24.95,4142,103160,10,,,nan,nan,nan,2262.0,0.0,,finmind,2026-07-17T15:22:30.084716+08:00
2018-06-22,24.95,24.95,24.85,24.95,17147,427012,17,,,nan,nan,nan,2271.0,0.0,,finmind,2026-07-17T15:22:30.084716+08:00
2018-06-25,24.85,24.9,24.8,24.9,6418,159268,17,,,nan,nan,nan,2272.0,0.0,,finmind,2026-07-17T15:22:30.084716+08:00
2018-06-26,24.75,24.75,24.5,24.5,36024,885584,30,,,nan,nan,nan,2287.0,0.0,,finmind,2026-07-17T15:22:30.084716+08:00
2018-06-27,24.45,25.1,24.35,24.4,44003,1077822,23,,,nan,nan,nan,2276.0,0.0,,finmind,2026-07-17T15:22:30.084716+08:00
2018-06-28,24.4,24.4,23.6,23.85,42026,1007462,42,,,nan,nan,nan,2279.0,0.0,,finmind,2026-07-17T15:22:30.084716+08:00
2018-06-29,23.85,24.45,23.85,24.35,27020,650531,21,,,0.0,0.0,-2000.0,2258.0,0.0,,finmind,2026-07-17T15:22:30.084716+08:00
2018-07-02,25.05,25.05,25.05,25.05,1053,26364,2,,,nan,nan,nan,2259.0,0.0,,finmind,2026-07-17T15:22:30.084716+08:00
2018-07-03,25.2,25.2,24.1,24.65,22000,533200,13,,,nan,nan,nan,2262.0,0.0,,finmind,2026-07-17T15:22:30.084716+08:00
2018-07-04,24.05,24.4,23.9,24.25,27002,649148,20,,,nan,nan,nan,2260.0,0.0,,finmind,2026-07-17T15:22:30.084716+08:00
2018-07-05,23.85,23.85,23.85,23.85,12003,286269,7,,,nan,nan,nan,2260.0,0.0,,finmind,2026-07-17T15:22:30.084716+08:00
2018-07-06,24.6,24.6,23.9,24.4,8091,195702,9,,,nan,nan,nan,2263.0,0.0,,finmind,2026-07-17T15:22:30.084716+08:00
2018-07-09,24.95,24.95,23.8,24.1,22050,527564,17,,,nan,nan,nan,2270.0,0.0,,finmind,2026-07-17T15:22:30.084716+08:00
2018-07-10,24.1,24.4,24.1,24.3,29105,702130,14,,,nan,nan,nan,2268.0,0.0,,finmind,2026-07-17T15:22:30.084716+08:00
2018-07-11,24.75,24.75,24.1,24.45,14003,340422,12,,,nan,nan,nan,2266.0,0.0,,finmind,2026-07-17T15:22:30.084716+08:00
2018-07-12,24.4,24.45,24.2,24.4,10010,244392,11,,,nan,nan,nan,2259.0,0.0,,finmind,2026-07-17T15:22:30.084716+08:00
2018-07-13,24.1,24.15,23.9,24.1,43111,1035301,24,,,nan,nan,nan,2258.0,0.0,,finmind,2026-07-17T15:22:30.084716+08:00
2018-07-16,24.0,24.3,24.0,24.0,63014,1516432,48,,,nan,nan,nan,2239.0,0.0,,finmind,2026-07-17T15:22:30.084716+08:00
2018-07-17,23.9,23.95,23.9,23.95,41003,980119,23,,,nan,nan,nan,2219.0,0.0,,finmind,2026-07-17T15:22:30.084716+08:00
2018-07-18,23.9,24.0,23.7,23.8,64003,1524369,42,,,nan,nan,nan,2200.0,0.0,,finmind,2026-07-17T15:22:30.084716+08:00
2018-07-19,23.75,23.9,23.75,23.9,125401,2990231,62,,,nan,nan,nan,2186.0,0.0,,finmind,2026-07-17T15:22:30.084716+08:00
2018-07-20,23.1,23.1,22.9,23.05,65100,1494924,32,,,nan,nan,nan,2172.0,0.0,,finmind,2026-07-17T15:22:30.084716+08:00
2018-07-23,23.05,23.1,23.0,23.1,25003,576116,10,,,nan,nan,nan,2178.0,0.0,,finmind,2026-07-17T15:22:30.084716+08:00
2018-07-24,23.2,23.2,23.15,23.15,12014,278622,12,,,nan,nan,nan,2171.0,0.0,,finmind,2026-07-17T15:22:30.084716+08:00
2018-07-25,0.0,0.0,0.0,0.0,1,22,1,,,nan,nan,nan,2171.0,0.0,,finmind,2026-07-17T15:22:30.084716+08:00
2018-07-26,0.0,0.0,0.0,0.0,14,311,9,,,nan,nan,nan,2171.0,0.0,,finmind,2026-07-17T15:22:30.084716+08:00
2018-07-27,0.0,0.0,0.0,0.0,1,22,1,,,nan,nan,nan,2171.0,0.0,,finmind,2026-07-17T15:22:30.084716+08:00
2018-07-30,22.7,23.0,22.6,23.0,7453,169423,17,,,nan,nan,nan,2174.0,0.0,,finmind,2026-07-17T15:22:30.084716+08:00
2018-07-31,23.2,23.45,23.05,23.05,17226,399656,24,,,nan,nan,nan,2169.0,0.0,,finmind,2026-07-17T15:22:30.084716+08:00
2018-08-01,23.7,23.7,23.0,23.45,3015,70497,5,,,nan,nan,nan,2171.0,0.0,,finmind,2026-07-17T15:22:30.084716+08:00
2018-08-02,23.75,23.75,23.75,23.75,4001,95023,3,,,nan,nan,nan,2171.0,0.0,,finmind,2026-07-17T15:22:30.084716+08:00
2018-08-03,23.95,24.0,23.95,23.95,3007,72064,7,,,nan,nan,nan,2172.0,0.0,,finmind,2026-07-17T15:22:30.084716+08:00
2018-08-06,23.95,23.95,23.45,23.7,13368,315148,10,,,nan,nan,nan,2171.0,0.0,,finmind,2026-07-17T15:22:30.084716+08:00
2018-08-07,0.0,0.0,0.0,0.0,2,47,1,,,nan,nan,nan,2171.0,0.0,,finmind,2026-07-17T15:22:30.084716+08:00
2018-08-08,23.9,23.9,23.35,23.4,5005,117765,9,,,nan,nan,nan,2171.0,0.0,,finmind,2026-07-17T15:22:30.084716+08:00
2018-08-09,22.6,23.1,22.6,23.1,4000,91800,4,,,nan,nan,nan,2171.0,0.0,,finmind,2026-07-17T15:22:30.084716+08:00
2018-08-10,23.1,23.4,23.1,23.4,9001,209123,10,,,nan,nan,nan,2170.0,0.0,,finmind,2026-07-17T15:22:30.084716+08:00
2018-08-13,23.9,23.9,22.95,22.95,11000,255500,10,,,nan,nan,nan,2170.0,0.0,,finmind,2026-07-17T15:22:30.084716+08:00
2018-08-14,22.9,22.9,22.85,22.85,25001,571472,12,,,nan,nan,nan,2171.0,0.0,,finmind,2026-07-17T15:22:30.084716+08:00
2018-08-15,23.5,23.5,22.8,22.8,13010,297922,18,,,nan,nan,nan,2173.0,0.0,,finmind,2026-07-17T15:22:30.084716+08:00
2018-08-16,22.55,23.1,22.5,22.5,21015,474838,13,,,nan,nan,nan,2177.0,0.0,,finmind,2026-07-17T15:22:30.084716+08:00
2018-08-17,23.0,23.0,22.4,22.5,9004,202988,10,,,nan,nan,nan,2180.0,0.0,,finmind,2026-07-17T15:22:30.084716+08:00
2018-08-20,23.15,23.15,22.4,22.45,11491,260300,15,,,nan,nan,nan,2182.0,0.0,,finmind,2026-07-17T15:22:30.084716+08:00
2018-08-21,22.5,22.7,22.5,22.5,12123,273966,14,,,nan,nan,nan,2178.0,0.0,,finmind,2026-07-17T15:22:30.084716+08:00
2018-08-22,22.6,22.95,22.5,22.6,33907,769518,32,,,nan,nan,nan,2164.0,0.0,,finmind,2026-07-17T15:22:30.084716+08:00
2018-08-23,22.7,22.8,22.6,22.8,60000,1358250,18,,,0.0,0.0,-1000.0,2155.0,0.0,,finmind,2026-07-17T15:22:30.084716+08:00
2018-08-24,22.6,23.2,22.6,22.65,43014,974822,18,,,nan,nan,nan,2157.0,0.0,,finmind,2026-07-17T15:22:30.084716+08:00
2018-08-27,22.8,22.8,22.7,22.7,11004,249892,5,,,nan,nan,nan,2157.0,0.0,,finmind,2026-07-17T15:22:30.084716+08:00
2018-08-28,23.1,23.1,22.7,22.7,4077,92937,8,,,nan,nan,nan,2158.0,0.0,,finmind,2026-07-17T15:22:30.084716+08:00
2018-08-29,22.7,23.3,22.7,23.3,20006,455338,19,,,nan,nan,nan,2159.0,0.0,,finmind,2026-07-17T15:22:30.084716+08:00
2018-08-30,23.7,23.7,23.7,23.7,1110,26283,9,,,nan,nan,nan,2160.0,0.0,,finmind,2026-07-17T15:22:30.084716+08:00
2018-08-31,23.0,23.7,23.0,23.2,5121,119329,15,,,nan,nan,nan,2160.0,0.0,,finmind,2026-07-17T15:22:30.084716+08:00
2018-09-03,23.7,23.7,23.05,23.5,3003,70319,6,,,nan,nan,nan,2163.0,0.0,,finmind,2026-07-17T15:22:30.084716+08:00
2018-09-04,23.45,23.45,21.8,22.8,15189,344815,18,,,nan,nan,nan,2165.0,0.0,,finmind,2026-07-17T15:22:30.084716+08:00
2018-09-05,23.45,23.45,22.65,22.65,15004,343089,9,,,nan,nan,nan,2158.0,0.0,,finmind,2026-07-17T15:22:30.084716+08:00
2018-09-06,22.65,22.85,22.55,22.85,15000,339750,10,,,nan,nan,nan,2147.0,0.0,,finmind,2026-07-17T15:22:30.084716+08:00
2018-09-07,22.75,23.2,22.6,23.0,40002,910094,25,,,nan,nan,nan,2146.0,0.0,,finmind,2026-07-17T15:22:30.084716+08:00
2018-09-10,23.2,23.2,22.9,22.9,13000,299600,11,,,nan,nan,nan,2147.0,0.0,,finmind,2026-07-17T15:22:30.084716+08:00
2018-09-11,23.35,23.35,22.8,23.1,21106,484823,16,,,nan,nan,nan,2131.0,0.0,,finmind,2026-07-17T15:22:30.084716+08:00
2018-09-12,0.0,0.0,0.0,0.0,1,23,1,,,nan,nan,nan,2131.0,0.0,,finmind,2026-07-17T15:22:30.084716+08:00
2018-09-13,23.25,23.25,23.25,23.25,1446,33730,5,,,nan,nan,nan,2131.0,0.0,,finmind,2026-07-17T15:22:30.084716+08:00
2018-09-14,23.5,23.5,22.9,23.05,24000,551800,19,,,nan,nan,nan,2124.0,0.0,,finmind,2026-07-17T15:22:30.084716+08:00
2018-09-17,23.05,23.05,23.0,23.0,7002,161146,4,,,nan,nan,nan,2119.0,0.0,,finmind,2026-07-17T15:22:30.084716+08:00
2018-09-18,23.35,23.35,22.8,23.25,3274,75796,9,,,nan,nan,nan,2119.0,0.0,,finmind,2026-07-17T15:22:30.084716+08:00
2018-09-19,23.4,23.4,23.0,23.1,8002,185550,10,,,nan,nan,nan,2118.0,0.0,,finmind,2026-07-17T15:22:30.084716+08:00
2018-09-20,23.35,23.35,22.8,22.8,41521,953074,27,,,nan,nan,nan,2093.0,0.0,,finmind,2026-07-17T15:22:30.084716+08:00
2018-09-21,23.05,23.15,23.0,23.15,43003,989616,32,,,2000.0,0.0,0.0,2082.0,0.0,,finmind,2026-07-17T15:22:30.084716+08:00
2018-09-25,23.1,23.15,22.9,22.9,25046,574693,22,,,nan,nan,nan,2066.0,0.0,,finmind,2026-07-17T15:22:30.084716+08:00
2018-09-26,22.8,22.85,22.7,22.8,30129,687120,17,,,nan,nan,nan,2062.0,0.0,,finmind,2026-07-17T15:22:30.084716+08:00
2018-09-27,23.2,23.25,22.9,23.1,51002,1170444,26,,,nan,nan,nan,2054.0,0.0,,finmind,2026-07-17T15:22:30.084716+08:00
2018-09-28,22.85,23.2,22.85,23.15,5073,116991,13,,,nan,nan,nan,2054.0,0.0,,finmind,2026-07-17T15:22:30.084716+08:00
2018-10-01,23.0,23.2,22.8,23.2,17425,399975,20,,,nan,nan,nan,2045.0,0.0,,finmind,2026-07-17T15:22:30.084716+08:00
2018-10-02,23.2,23.2,22.8,23.15,4277,98342,7,,,nan,nan,nan,2045.0,0.0,,finmind,2026-07-17T15:22:30.084716+08:00
2018-10-03,23.25,23.25,22.9,23.15,12841,295706,14,,,nan,nan,nan,2039.0,0.0,,finmind,2026-07-17T15:22:30.084716+08:00
2018-10-04,23.1,23.15,22.9,23.1,19001,437572,16,,,nan,nan,nan,2032.0,0.0,,finmind,2026-07-17T15:22:30.084716+08:00
2018-10-05,22.95,23.1,22.85,23.1,7184,164763,7,,,nan,nan,nan,2032.0,0.0,,finmind,2026-07-17T15:22:30.084716+08:00
2018-10-08,22.85,22.85,22.8,22.85,15311,349276,12,,,nan,nan,nan,2029.0,0.0,,finmind,2026-07-17T15:22:30.084716+08:00
2018-10-09,22.85,22.9,22.75,22.9,16092,367138,11,,,nan,nan,nan,2032.0,0.0,,finmind,2026-07-17T15:22:30.084716+08:00
2018-10-11,22.5,22.5,21.3,21.85,46205,1012377,42,,,0.0,0.0,-1000.0,2034.0,0.0,,finmind,2026-07-17T15:22:30.084716+08:00
2018-10-12,21.95,22.45,21.95,22.3,10471,231909,11,,,0.0,0.0,-1000.0,2035.0,0.0,,finmind,2026-07-17T15:22:30.084716+08:00
2018-10-15,21.6,22.3,21.55,22.3,6006,131783,10,,,nan,nan,nan,2036.0,0.0,,finmind,2026-07-17T15:22:30.084716+08:00
2018-10-16,22.4,22.7,22.0,22.0,63004,1407285,23,,,nan,nan,nan,2032.0,0.0,,finmind,2026-07-17T15:22:30.084716+08:00
2018-10-17,22.0,22.3,22.0,22.3,29016,640053,18,,,nan,nan,nan,2032.0,0.0,,finmind,2026-07-17T15:22:30.084716+08:00
2018-10-18,22.3,22.3,22.3,22.3,4000,89200,2,,,nan,nan,nan,2032.0,0.0,,finmind,2026-07-17T15:22:30.084716+08:00
2018-10-19,22.0,22.25,21.95,22.25,10001,220422,10,,,nan,nan,nan,2033.0,0.0,,finmind,2026-07-17T15:22:30.084716+08:00
2018-10-22,21.9,22.05,21.7,22.0,8460,185027,12,,,nan,nan,nan,2034.0,0.0,,finmind,2026-07-17T15:22:30.084716+08:00
2018-10-23,22.4,22.4,21.85,21.9,37010,813070,23,,,-2000.0,0.0,0.0,2031.0,0.0,,finmind,2026-07-17T15:22:30.084716+08:00
2018-10-24,21.9,21.9,21.8,21.8,25143,549337,15,,,nan,nan,nan,2031.0,0.0,,finmind,2026-07-17T15:22:30.084716+08:00
2018-10-25,21.8,21.9,21.8,21.8,14636,319492,11,,,0.0,0.0,-3000.0,2028.0,0.0,,finmind,2026-07-17T15:22:30.084716+08:00
2018-10-26,21.7,21.8,21.7,21.8,3188,69395,8,,,nan,nan,nan,2027.0,0.0,,finmind,2026-07-17T15:22:30.084716+08:00
2018-10-29,21.8,21.9,21.8,21.9,11002,240792,10,,,nan,nan,nan,2023.0,0.0,,finmind,2026-07-17T15:22:30.084716+08:00
2018-10-30,21.95,22.05,21.95,22.0,16290,358525,13,,,0.0,0.0,-4000.0,2016.0,0.0,,finmind,2026-07-17T15:22:30.084716+08:00
2018-10-31,22.25,22.25,22.25,22.25,1001,22272,2,,,nan,nan,nan,2016.0,0.0,,finmind,2026-07-17T15:22:30.084716+08:00
2018-11-01,0.0,0.0,0.0,0.0,1,22,1,,,nan,nan,nan,2016.0,0.0,,finmind,2026-07-17T15:22:30.084716+08:00
2018-11-02,22.35,22.35,22.35,22.35,1010,22571,2,,,nan,nan,nan,2016.0,0.0,,finmind,2026-07-17T15:22:30.084716+08:00
2018-11-05,22.35,22.4,22.2,22.2,11199,249878,13,,,0.0,0.0,-3000.0,2011.0,0.0,,finmind,2026-07-17T15:22:30.084716+08:00
2018-11-06,22.2,22.25,22.1,22.25,10394,230518,10,,,0.0,0.0,-5000.0,2009.0,0.0,,finmind,2026-07-17T15:22:30.084716+08:00
2018-11-07,22.4,22.45,22.25,22.25,10002,223594,10,,,nan,nan,nan,2003.0,0.0,,finmind,2026-07-17T15:22:30.084716+08:00
2018-11-08,22.3,22.3,22.1,22.25,7040,156130,11,,,nan,nan,nan,1999.0,0.0,,finmind,2026-07-17T15:22:30.084716+08:00
2018-11-09,22.3,22.3,22.2,22.3,6003,133616,8,,,nan,nan,nan,1997.0,0.0,,finmind,2026-07-17T15:22:30.084716+08:00
2018-11-12,22.4,22.45,22.3,22.45,15001,335622,9,,,nan,nan,nan,1987.0,0.0,,finmind,2026-07-17T15:22:30.084716+08:00
2018-11-13,22.45,22.5,22.0,22.35,30011,670045,25,,,nan,nan,nan,1980.0,0.0,,finmind,2026-07-17T15:22:30.084716+08:00
2018-11-14,22.4,22.45,22.35,22.45,7000,156950,6,,,nan,nan,nan,1976.0,0.0,,finmind,2026-07-17T15:22:30.084716+08:00
2018-11-15,22.4,22.4,22.35,22.35,16002,357794,14,,,3000.0,0.0,-4000.0,1965.0,0.0,,finmind,2026-07-17T15:22:30.084716+08:00
2018-11-16,22.35,22.35,22.35,22.35,2002,44744,4,,,nan,nan,nan,1964.0,0.0,,finmind,2026-07-17T15:22:30.084716+08:00
2018-11-19,23.35,23.35,22.45,22.45,12000,276100,12,,,-1000.0,0.0,0.0,1964.0,0.0,,finmind,2026-07-17T15:22:30.084716+08:00
2018-11-20,22.5,22.5,22.45,22.45,12000,269850,7,,,nan,nan,nan,1964.0,0.0,,finmind,2026-07-17T15:22:30.084716+08:00
2018-11-21,22.4,23.1,22.4,23.1,5172,116706,9,,,nan,nan,nan,1960.0,0.0,,finmind,2026-07-17T15:22:30.084716+08:00
2018-11-22,22.95,22.95,22.4,22.8,28010,631326,17,,,nan,nan,nan,1939.0,0.0,,finmind,2026-07-17T15:22:30.084716+08:00
2018-11-23,22.65,22.9,22.65,22.85,7690,175564,9,,,nan,nan,nan,1939.0,0.0,,finmind,2026-07-17T15:22:30.084716+08:00
2018-11-26,22.8,23.2,22.8,23.2,18423,425290,19,,,nan,nan,nan,1949.0,0.0,,finmind,2026-07-17T15:22:30.084716+08:00
2018-11-27,23.05,23.3,22.95,23.25,26221,605175,27,,,nan,nan,nan,1960.0,0.0,,finmind,2026-07-17T15:22:30.084716+08:00
2018-11-28,23.2,23.55,23.2,23.5,34658,814412,27,,,nan,nan,nan,1961.0,0.0,,finmind,2026-07-17T15:22:30.084716+08:00
2018-11-29,23.5,23.6,23.5,23.5,15200,357289,12,,,nan,nan,nan,1973.0,0.0,,finmind,2026-07-17T15:22:30.084716+08:00
2018-11-30,23.55,23.6,23.5,23.55,23000,541600,18,,,nan,nan,nan,1989.0,0.0,,finmind,2026-07-17T15:22:30.084716+08:00
2018-12-03,23.55,23.75,23.4,23.6,13334,314816,15,,,nan,nan,nan,1990.0,0.0,,finmind,2026-07-17T15:22:30.084716+08:00
2018-12-04,23.8,23.9,23.8,23.8,25511,607864,31,,,nan,nan,nan,1966.0,0.0,,finmind,2026-07-17T15:22:30.084716+08:00
2018-12-05,23.8,23.8,23.8,23.8,2267,53900,5,,,nan,nan,nan,1966.0,0.0,,finmind,2026-07-17T15:22:30.084716+08:00
2018-12-06,23.8,23.8,23.8,23.8,2000,47600,2,,,nan,nan,nan,1967.0,0.0,,finmind,2026-07-17T15:22:30.084716+08:00
2018-12-07,23.8,24.0,23.75,24.0,24033,573534,23,,,nan,nan,nan,1975.0,0.0,,finmind,2026-07-17T15:22:30.084716+08:00
2018-12-10,24.05,24.45,24.05,24.35,19392,469452,17,,,0.0,0.0,-1000.0,1977.0,0.0,,finmind,2026-07-17T15:22:30.084716+08:00
2018-12-11,24.4,24.5,24.4,24.5,39591,968578,32,,,nan,nan,nan,2002.0,0.0,,finmind,2026-07-17T15:22:30.084716+08:00
2018-12-12,25.0,25.0,24.5,24.5,27004,664904,24,,,nan,nan,nan,2016.0,1.0,,finmind,2026-07-17T15:22:30.084716+08:00
2018-12-13,24.5,24.5,24.4,24.5,13200,323300,12,,,nan,nan,nan,2027.0,0.0,,finmind,2026-07-17T15:22:30.084716+08:00
2018-12-14,24.35,24.35,24.15,24.3,28000,680000,9,,,nan,nan,nan,2037.0,0.0,,finmind,2026-07-17T15:22:30.084716+08:00
2018-12-17,24.35,24.5,24.3,24.3,22300,543690,19,,,-1000.0,0.0,0.0,2046.0,0.0,,finmind,2026-07-17T15:22:30.084716+08:00
2018-12-18,24.3,24.9,24.2,24.3,101920,2479122,43,,,-1000.0,0.0,0.0,2073.0,0.0,,finmind,2026-07-17T15:22:30.084716+08:00
2018-12-19,24.4,24.5,24.2,24.35,63001,1535524,30,,,nan,nan,nan,2082.0,0.0,,finmind,2026-07-17T15:22:30.084716+08:00
2018-12-20,24.2,24.3,23.8,24.2,30014,723736,29,,,nan,nan,nan,2103.0,0.0,,finmind,2026-07-17T15:22:30.084716+08:00
2018-12-21,24.1,24.1,24.0,24.1,9005,216718,6,,,nan,nan,nan,2107.0,0.0,,finmind,2026-07-17T15:22:30.084716+08:00
2018-12-22,24.35,24.35,23.85,24.15,19000,455950,15,,,nan,nan,nan,2118.0,0.0,,finmind,2026-07-17T15:22:30.084716+08:00
2018-12-24,24.15,24.25,23.9,24.25,26191,629734,23,,,nan,nan,nan,2121.0,0.0,,finmind,2026-07-17T15:22:30.084716+08:00
2018-12-25,24.0,24.15,24.0,24.1,18000,432650,8,,,nan,nan,nan,2122.0,0.0,,finmind,2026-07-17T15:22:30.084716+08:00
2018-12-26,24.0,24.0,23.95,24.0,19006,455939,16,,,nan,nan,nan,2128.0,0.0,,finmind,2026-07-17T15:22:30.084716+08:00
2018-12-27,24.15,24.15,24.0,24.1,13381,322677,18,,,nan,nan,nan,2128.0,0.0,,finmind,2026-07-17T15:22:30.084716+08:00
2018-12-28,24.15,24.25,24.1,24.25,11001,265624,11,,,nan,nan,nan,2133.0,0.0,,finmind,2026-07-17T15:22:30.084716+08:00
2019-01-02,24.05,24.2,24.05,24.2,15003,361972,15,,,nan,nan,nan,2139.0,0.0,,finmind,2026-07-17T15:22:30.084716+08:00
2019-01-03,24.1,24.3,24.1,24.3,4001,96874,5,,,nan,nan,nan,2140.0,0.0,,finmind,2026-07-17T15:22:30.084716+08:00
2019-01-04,24.1,24.2,24.1,24.15,39263,946784,28,,,nan,nan,nan,2123.0,0.0,,finmind,2026-07-17T15:22:30.084716+08:00
2019-01-07,24.45,24.45,24.2,24.4,17001,412024,8,,,nan,nan,nan,2119.0,0.0,,finmind,2026-07-17T15:22:30.084716+08:00
2019-01-08,24.6,24.6,24.25,24.4,14030,342076,13,,,nan,nan,nan,2116.0,0.0,,finmind,2026-07-17T15:22:30.084716+08:00
2019-01-09,0.0,0.0,0.0,0.0,0,0,0,,,nan,nan,nan,2116.0,0.0,,finmind,2026-07-17T15:22:30.084716+08:00
2019-01-10,24.35,24.75,24.1,24.6,9193,224625,11,,,nan,nan,nan,2118.0,0.0,,finmind,2026-07-17T15:22:30.084716+08:00
2019-01-11,24.5,24.5,24.2,24.2,13001,316274,9,,,nan,nan,nan,2118.0,0.0,,finmind,2026-07-17T15:22:30.084716+08:00
2019-01-14,24.4,24.4,24.2,24.4,103206,2513815,15,,,nan,nan,nan,2122.0,0.0,,finmind,2026-07-17T15:22:30.084716+08:00
2019-01-15,24.4,24.5,24.3,24.5,46001,1124774,29,,,nan,nan,nan,2132.0,0.0,,finmind,2026-07-17T15:22:30.084716+08:00
2019-01-16,24.4,24.55,24.4,24.5,95007,2327619,11,,,nan,nan,nan,2127.0,0.0,,finmind,2026-07-17T15:22:30.084716+08:00
2019-01-17,24.5,24.6,24.4,24.55,62000,1518500,17,,,nan,nan,nan,2110.0,0.0,,finmind,2026-07-17T15:22:30.084716+08:00
2019-01-18,24.5,24.55,24.5,24.55,20011,490967,8,,,nan,nan,nan,2104.0,0.0,,finmind,2026-07-17T15:22:30.084716+08:00
2019-01-21,24.5,24.55,24.4,24.4,18547,453386,17,,,nan,nan,nan,2099.0,0.0,,finmind,2026-07-17T15:22:30.084716+08:00
2019-01-22,24.1,24.4,24.0,24.2,83203,2016509,36,,,nan,nan,nan,2109.0,0.0,,finmind,2026-07-17T15:22:30.084716+08:00
2019-01-23,24.2,24.3,24.2,24.3,6043,146539,11,,,nan,nan,nan,2111.0,0.0,,finmind,2026-07-17T15:22:30.084716+08:00
2019-01-24,24.2,24.4,24.2,24.4,6004,145796,7,,,nan,nan,nan,2117.0,0.0,,finmind,2026-07-17T15:22:30.084716+08:00
2019-01-25,24.45,24.45,24.45,24.45,1017,24858,18,,,nan,nan,nan,2117.0,0.0,,finmind,2026-07-17T15:22:30.084716+08:00
2019-01-28,24.7,24.7,24.7,24.7,1093,26971,16,,,nan,nan,nan,2117.0,0.0,,finmind,2026-07-17T15:22:30.084716+08:00
2019-01-29,24.6,24.6,24.6,24.6,1090,26795,6,,,nan,nan,nan,2117.0,0.0,,finmind,2026-07-17T15:22:30.084716+08:00
2019-01-30,24.15,25.0,24.15,24.55,112288,2759648,41,,,0.0,0.0,-14000.0,2111.0,0.0,,finmind,2026-07-17T15:22:30.084716+08:00
2019-02-11,24.95,24.95,24.4,24.65,9473,233238,15,,,0.0,0.0,-3000.0,2113.0,0.0,,finmind,2026-07-17T15:22:30.084716+08:00
2019-02-12,24.85,25.0,24.6,24.9,47003,1164672,19,,,0.0,0.0,-6000.0,2094.0,0.0,,finmind,2026-07-17T15:22:30.084716+08:00
2019-02-13,0.0,0.0,0.0,0.0,401,9984,3,,,nan,nan,nan,2094.0,0.0,,finmind,2026-07-17T15:22:30.084716+08:00
2019-02-14,24.6,24.65,24.55,24.65,11007,270818,16,,,nan,nan,nan,2093.0,0.0,,finmind,2026-07-17T15:22:30.084716+08:00
2019-02-15,24.65,24.7,24.4,24.4,23268,570958,29,,,0.0,0.0,-2000.0,2094.0,0.0,,finmind,2026-07-17T15:22:30.084716+08:00
2019-02-18,24.2,24.45,24.2,24.45,13526,328056,12,,,nan,nan,nan,2095.0,0.0,,finmind,2026-07-17T15:22:30.084716+08:00
2019-02-19,24.4,24.5,24.3,24.3,9044,220226,10,,,nan,nan,nan,2095.0,0.0,,finmind,2026-07-17T15:22:30.084716+08:00
2019-02-20,24.5,24.5,24.35,24.5,9020,220838,16,,,nan,nan,nan,2097.0,0.0,,finmind,2026-07-17T15:22:30.084716+08:00
2019-02-21,24.35,24.5,24.1,24.45,27006,654744,21,,,1.0,0.0,-12000.0,2115.0,0.0,,finmind,2026-07-17T15:22:30.084716+08:00
2019-02-22,24.4,24.5,24.4,24.5,29011,710664,24,,,nan,nan,nan,2116.0,0.0,,finmind,2026-07-17T15:22:30.084716+08:00
2019-02-25,24.9,24.9,24.4,24.5,18216,447090,23,,,0.0,0.0,-2000.0,2112.0,0.0,,finmind,2026-07-17T15:22:30.084716+08:00
2019-02-26,24.5,24.55,24.5,24.55,30323,743226,22,,,nan,nan,nan,2111.0,0.0,,finmind,2026-07-17T15:22:30.084716+08:00
2019-02-27,24.7,24.7,24.5,24.7,17227,424499,23,,,nan,nan,nan,2066.0,0.0,,finmind,2026-07-17T15:22:30.084716+08:00
2019-03-04,24.65,24.65,24.55,24.65,22007,542368,21,,,nan,nan,nan,2026.0,0.0,,finmind,2026-07-17T15:22:30.084716+08:00
2019-03-05,24.6,24.8,24.6,24.7,19039,471165,19,,,0.0,0.0,-3000.0,2024.0,0.0,,finmind,2026-07-17T15:22:30.084716+08:00
2019-03-06,24.7,24.9,24.6,24.9,27589,682760,28,,,0.0,0.0,-1000.0,2014.0,0.0,,finmind,2026-07-17T15:22:30.084716+08:00
2019-03-07,24.65,24.75,24.65,24.75,40004,987396,24,,,2000.0,0.0,0.0,1962.0,0.0,,finmind,2026-07-17T15:22:30.084716+08:00
2019-03-08,24.65,24.9,24.65,24.9,34040,842650,22,,,nan,nan,nan,1986.0,0.0,,finmind,2026-07-17T15:22:30.084716+08:00
2019-03-11,24.6,24.85,24.6,24.85,10856,267801,20,,,2000.0,0.0,0.0,1960.0,0.0,,finmind,2026-07-17T15:22:30.084716+08:00
2019-03-12,24.75,24.75,24.5,24.75,73510,1810345,48,,,0.0,0.0,-30000.0,1990.0,0.0,,finmind,2026-07-17T15:22:30.084716+08:00
2019-03-13,24.7,24.75,24.6,24.75,25005,616470,22,,,nan,nan,nan,1994.0,0.0,,finmind,2026-07-17T15:22:30.084716+08:00
2019-03-14,24.8,24.8,24.6,24.8,12015,296561,24,,,nan,nan,nan,1999.0,0.0,,finmind,2026-07-17T15:22:30.084716+08:00
2019-03-15,24.8,24.8,24.7,24.7,15005,371321,13,,,nan,nan,nan,2006.0,0.0,,finmind,2026-07-17T15:22:30.084716+08:00
2019-03-18,24.75,24.8,24.7,24.7,22040,545784,16,,,nan,nan,nan,2006.0,0.0,,finmind,2026-07-17T15:22:30.084716+08:00
2019-03-19,24.6,24.65,24.5,24.65,27100,665563,24,,,nan,nan,nan,2011.0,0.0,,finmind,2026-07-17T15:22:30.084716+08:00
2019-03-20,24.8,24.8,24.5,24.65,54003,1325672,29,,,nan,nan,nan,2017.0,0.0,,finmind,2026-07-17T15:22:30.084716+08:00
2019-03-21,24.8,24.8,24.4,24.7,12029,296109,14,,,-2000.0,0.0,0.0,2023.0,0.0,,finmind,2026-07-17T15:22:30.084716+08:00
2019-03-22,24.65,24.95,24.65,24.8,62002,1535398,41,,,-1000.0,0.0,0.0,2056.0,0.0,,finmind,2026-07-17T15:22:30.084716+08:00
2019-03-25,24.6,24.8,24.6,24.75,21461,531676,16,,,nan,nan,nan,2057.0,0.0,,finmind,2026-07-17T15:22:30.084716+08:00
2019-03-26,24.75,24.75,24.6,24.75,55095,1358320,26,,,0.0,0.0,0.0,2067.0,0.0,,finmind,2026-07-17T15:22:30.084716+08:00
2019-03-27,24.85,25.1,24.85,25.1,53184,1329000,38,,,2000.0,0.0,0.0,2054.0,0.0,,finmind,2026-07-17T15:22:30.084716+08:00
2019-03-28,25.05,25.15,24.95,25.15,72583,1818994,57,,,nan,nan,nan,2033.0,0.0,,finmind,2026-07-17T15:22:30.084716+08:00
2019-03-29,25.1,25.9,25.1,25.9,110206,2801366,47,,,nan,nan,nan,2033.0,0.0,,finmind,2026-07-17T15:22:30.084716+08:00
2019-04-01,25.9,26.0,25.6,25.85,58215,1501200,41,,,-2000.0,0.0,0.0,2016.0,0.0,,finmind,2026-07-17T15:22:30.084716+08:00
2019-04-02,25.6,25.9,25.6,25.9,30893,795150,34,,,nan,nan,nan,2026.0,0.0,,finmind,2026-07-17T15:22:30.084716+08:00
2019-04-03,25.7,25.9,25.7,25.9,33052,851034,23,,,nan,nan,nan,2009.0,0.0,,finmind,2026-07-17T15:22:30.084716+08:00
2019-04-08,25.9,26.1,25.8,26.1,51386,1335368,33,,,1000.0,0.0,0.0,2015.0,0.0,,finmind,2026-07-17T15:22:30.084716+08:00
2019-04-09,26.1,26.25,26.0,26.25,44008,1149958,31,,,nan,nan,nan,1984.0,0.0,,finmind,2026-07-17T15:22:30.084716+08:00
2019-04-10,26.15,26.3,26.1,26.1,31204,816004,27,,,1000.0,0.0,0.0,1995.0,0.0,,finmind,2026-07-17T15:22:30.084716+08:00
2019-04-11,26.15,26.15,26.1,26.15,27891,728398,28,,,nan,nan,nan,2004.0,0.0,,finmind,2026-07-17T15:22:30.084716+08:00
2019-04-12,26.05,26.15,26.0,26.15,71865,1870247,48,,,-2000.0,0.0,859.0,1975.0,0.0,,finmind,2026-07-17T15:22:30.084716+08:00
2019-04-15,26.2,26.25,26.0,26.2,80152,2092709,35,,,0.0,0.0,-151.0,1975.0,0.0,,finmind,2026-07-17T15:22:30.084716+08:00
2019-04-16,26.2,26.35,26.15,26.2,58173,1527048,44,,,0.0,0.0,163.0,1980.0,0.0,,finmind,2026-07-17T15:22:30.084716+08:00
2019-04-17,26.2,26.2,26.1,26.15,30540,798470,23,,,-1000.0,0.0,0.0,1991.0,0.0,,finmind,2026-07-17T15:22:30.084716+08:00
2019-04-18,26.2,26.3,26.15,26.2,63431,1663097,38,,,nan,nan,nan,2008.0,0.0,,finmind,2026-07-17T15:22:30.084716+08:00
2019-04-19,26.15,26.2,26.1,26.2,22160,579334,17,,,0.0,0.0,-160.0,1972.0,0.0,,finmind,2026-07-17T15:22:30.084716+08:00
2019-04-22,26.3,26.35,26.2,26.3,52003,1365478,37,,,nan,nan,nan,1972.0,0.0,,finmind,2026-07-17T15:22:30.084716+08:00
2019-04-23,26.25,26.35,26.25,26.35,20010,525760,19,,,nan,nan,nan,1973.0,0.0,,finmind,2026-07-17T15:22:30.084716+08:00
2019-04-24,26.35,26.5,26.3,26.4,34217,901385,27,,,0.0,0.0,217.0,1973.0,0.0,,finmind,2026-07-17T15:22:30.084716+08:00
2019-04-25,26.4,26.45,26.25,26.45,39193,1031754,28,,,nan,nan,nan,1974.0,0.0,,finmind,2026-07-17T15:22:30.084716+08:00
2019-04-26,26.4,26.5,26.3,26.4,27150,715914,19,,,nan,nan,nan,1977.0,0.0,,finmind,2026-07-17T15:22:30.084716+08:00
2019-04-29,26.2,26.4,25.8,25.9,517076,13516158,137,,,nan,nan,nan,2090.0,1.0,,finmind,2026-07-17T15:22:30.084716+08:00
2019-04-30,25.9,26.1,25.9,26.0,57236,1484062,31,,,nan,nan,nan,2110.0,1.0,,finmind,2026-07-17T15:22:30.084716+08:00
2019-05-02,26.15,26.4,25.95,25.95,171939,4480375,81,,,0.0,0.0,753.0,2180.0,1.0,,finmind,2026-07-17T15:22:30.084716+08:00
2019-05-03,25.95,26.05,25.85,26.05,40006,1037603,29,,,5000.0,0.0,-1000.0,2197.0,1.0,,finmind,2026-07-17T15:22:30.084716+08:00
2019-05-06,26.0,26.1,25.9,26.0,36551,950326,21,,,nan,nan,nan,2198.0,1.0,,finmind,2026-07-17T15:22:30.084716+08:00
2019-05-07,26.0,26.1,26.0,26.05,7176,186776,9,,,nan,nan,nan,2202.0,1.0,,finmind,2026-07-17T15:22:30.084716+08:00
2019-05-08,26.0,26.0,25.9,25.95,22819,592092,28,,,-1000.0,0.0,-615.0,2216.0,1.0,,finmind,2026-07-17T15:22:30.084716+08:00
2019-05-09,25.95,25.95,25.8,25.85,27011,699031,23,,,-4000.0,0.0,10.0,2233.0,1.0,,finmind,2026-07-17T15:22:30.084716+08:00
2019-05-10,25.9,25.95,25.85,25.85,18885,489447,13,,,0.0,0.0,885.0,2102.0,1.0,,finmind,2026-07-17T15:22:30.084716+08:00
2019-05-13,25.9,26.0,25.75,25.75,128066,3312333,52,,,0.0,0.0,66.0,2204.0,1.0,,finmind,2026-07-17T15:22:30.084716+08:00
2019-05-14,25.85,25.85,25.35,25.85,167021,4253388,24,,,0.0,0.0,21.0,2353.0,1.0,,finmind,2026-07-17T15:22:30.084716+08:00
2019-05-15,25.8,25.85,25.8,25.85,60223,1555143,31,,,nan,nan,nan,2401.0,1.0,,finmind,2026-07-17T15:22:30.084716+08:00
2019-05-16,25.9,25.95,25.85,25.85,22003,570025,14,,,0.0,0.0,2003.0,2371.0,1.0,,finmind,2026-07-17T15:22:30.084716+08:00
2019-05-17,25.95,25.95,25.75,25.9,28835,746631,12,,,0.0,0.0,-832.0,2342.0,1.0,,finmind,2026-07-17T15:22:30.084716+08:00
2019-05-20,26.3,27.0,25.9,25.95,83412,2175788,32,,,0.0,0.0,-2219.0,2358.0,1.0,,finmind,2026-07-17T15:22:30.084716+08:00
2019-05-21,25.95,26.0,25.95,25.95,24003,623126,8,,,nan,nan,nan,2375.0,1.0,,finmind,2026-07-17T15:22:30.084716+08:00
2019-05-22,25.9,25.95,25.9,25.95,105094,2723212,16,,,nan,nan,nan,2480.0,1.0,,finmind,2026-07-17T15:22:30.084716+08:00
2019-05-23,25.9,26.0,25.8,25.95,89087,2303685,26,,,2000.0,0.0,87.0,2421.0,1.0,,finmind,2026-07-17T15:22:30.084716+08:00
2019-05-24,25.85,26.1,25.85,26.0,33094,858567,16,,,0.0,0.0,94.0,2362.0,1.0,,finmind,2026-07-17T15:22:30.084716+08:00
2019-05-27,26.0,26.6,25.9,26.1,82122,2153850,32,,,0.0,0.0,122.0,2374.0,1.0,,finmind,2026-07-17T15:22:30.084716+08:00
2019-05-28,26.6,26.6,25.85,25.85,161211,4187399,59,,,0.0,0.0,211.0,2099.0,1.0,,finmind,2026-07-17T15:22:30.084716+08:00
2019-05-29,25.85,26.15,25.75,26.15,312137,8070728,48,,,0.0,0.0,-113.0,2369.0,1.0,,finmind,2026-07-17T15:22:30.084716+08:00
2019-05-30,26.15,26.3,26.1,26.3,95148,2488655,23,,,0.0,0.0,145.0,2277.0,1.0,,finmind,2026-07-17T15:22:30.084716+08:00
2019-05-31,26.3,26.3,26.0,26.15,153002,3993050,24,,,nan,nan,nan,1953.0,1.0,,finmind,2026-07-17T15:22:30.084716+08:00
2019-06-03,26.2,26.2,25.95,26.1,115003,2994575,16,,,nan,nan,nan,2037.0,1.0,,finmind,2026-07-17T15:22:30.084716+08:00
2019-06-04,26.1,26.15,25.95,26.15,109002,2837450,32,,,0.0,0.0,2.0,1968.0,1.0,,finmind,2026-07-17T15:22:30.084716+08:00
2019-06-05,26.05,26.05,26.0,26.0,104003,2708525,19,,,nan,nan,nan,1992.0,1.0,,finmind,2026-07-17T15:22:30.084716+08:00
2019-06-06,26.0,26.05,26.0,26.05,54500,1419573,23,,,-1000.0,0.0,-374.0,2040.0,1.0,,finmind,2026-07-17T15:22:30.084716+08:00
2019-06-10,26.05,26.1,26.0,26.1,34007,886175,15,,,0.0,0.0,5.0,2063.0,1.0,,finmind,2026-07-17T15:22:30.084716+08:00
2019-06-11,25.9,26.1,25.9,26.1,43096,1118196,12,,,nan,nan,nan,2094.0,1.0,,finmind,2026-07-17T15:22:30.084716+08:00
2019-06-12,25.9,26.0,25.75,25.95,53001,1372675,19,,,0.0,0.0,1.0,2144.0,1.0,,finmind,2026-07-17T15:22:30.084716+08:00
2019-06-13,25.85,25.95,25.7,25.95,77097,1995641,32,,,5000.0,0.0,93.0,2211.0,1.0,,finmind,2026-07-17T15:22:30.084716+08:00
2019-06-14,26.05,26.05,25.85,25.95,59200,1535238,14,,,0.0,0.0,-198.0,2256.0,1.0,,finmind,2026-07-17T15:22:30.084716+08:00
2019-06-17,26.0,26.0,25.95,26.0,11271,292946,14,,,0.0,0.0,-75.0,2254.0,1.0,,finmind,2026-07-17T15:22:30.084716+08:00
2019-06-18,25.9,26.05,25.9,26.0,23024,597211,20,,,0.0,0.0,6.0,2252.0,1.0,,finmind,2026-07-17T15:22:30.084716+08:00
2019-06-19,25.95,26.1,25.9,26.1,22305,579492,22,,,-3000.0,0.0,0.0,2252.0,1.0,,finmind,2026-07-17T15:22:30.084716+08:00
2019-06-20,26.0,26.05,26.0,26.05,20001,520275,4,,,nan,nan,nan,2252.0,1.0,,finmind,2026-07-17T15:22:30.084716+08:00
2019-06-21,25.95,26.2,25.95,26.2,22005,574030,13,,,nan,nan,nan,2247.0,1.0,,finmind,2026-07-17T15:22:30.084716+08:00
2019-06-24,26.0,26.1,26.0,26.1,27399,712911,16,,,0.0,0.0,-6.0,2247.0,1.0,,finmind,2026-07-17T15:22:30.084716+08:00
2019-06-25,26.05,26.2,26.05,26.15,51021,1332152,13,,,nan,nan,nan,2250.0,1.0,,finmind,2026-07-17T15:22:30.084716+08:00
2019-06-26,26.05,26.25,26.0,26.25,23590,615036,13,,,nan,nan,nan,2255.0,1.0,,finmind,2026-07-17T15:22:30.084716+08:00
2019-06-27,26.1,26.7,26.1,26.35,31213,820618,16,,,0.0,0.0,170.0,2256.0,1.0,,finmind,2026-07-17T15:22:30.084716+08:00
2019-06-28,26.15,26.3,26.15,26.3,11008,288608,10,,,0.0,0.0,8.0,2258.0,1.0,,finmind,2026-07-17T15:22:30.084716+08:00
2019-07-01,26.3,26.35,26.1,26.2,42221,1108232,23,,,0.0,0.0,-178.0,2275.0,1.0,,finmind,2026-07-17T15:22:30.084716+08:00
2019-07-02,26.25,26.5,26.25,26.3,17220,453011,16,,,nan,nan,nan,2282.0,1.0,,finmind,2026-07-17T15:22:30.084716+08:00
2019-07-03,26.3,26.45,26.3,26.4,20042,527650,15,,,0.0,0.0,42.0,2296.0,1.0,,finmind,2026-07-17T15:22:30.084716+08:00
2019-07-04,26.25,26.45,26.25,26.4,24299,640792,15,,,0.0,0.0,-42.0,2308.0,1.0,,finmind,2026-07-17T15:22:30.084716+08:00
2019-07-05,26.4,26.4,26.35,26.4,28002,739152,11,,,nan,nan,nan,2323.0,1.0,,finmind,2026-07-17T15:22:30.084716+08:00
2019-07-08,26.35,26.9,26.2,26.6,75127,1986365,40,,,nan,nan,nan,2349.0,1.0,,finmind,2026-07-17T15:22:30.084716+08:00
2019-07-09,26.65,26.65,26.3,26.5,55016,1452919,31,,,nan,nan,nan,2371.0,1.0,,finmind,2026-07-17T15:22:30.084716+08:00
2019-07-10,26.5,26.55,26.45,26.55,15003,397278,9,,,0.0,0.0,3.0,2365.0,1.0,,finmind,2026-07-17T15:22:30.084716+08:00
2019-07-11,26.5,26.55,26.45,26.55,50287,1332079,33,,,0.0,0.0,-3.0,2370.0,1.0,,finmind,2026-07-17T15:22:30.084716+08:00
2019-07-12,26.5,26.65,26.5,26.55,43186,1147548,28,,,0.0,0.0,181.0,2376.0,1.0,,finmind,2026-07-17T15:22:30.084716+08:00
2019-07-15,26.7,26.7,26.5,26.65,21278,565506,17,,,-1000.0,0.0,-181.0,2378.0,1.0,,finmind,2026-07-17T15:22:30.084716+08:00
2019-07-16,26.6,26.65,26.55,26.65,10525,280213,17,,,nan,nan,nan,2383.0,1.0,,finmind,2026-07-17T15:22:30.084716+08:00
2019-07-17,26.7,26.7,26.5,26.65,45300,1208559,26,,,nan,nan,nan,2377.0,1.0,,finmind,2026-07-17T15:22:30.084716+08:00
2019-07-18,26.5,26.75,26.5,26.75,22100,589784,15,,,nan,nan,nan,2378.0,0.0,,finmind,2026-07-17T15:22:30.084716+08:00
2019-07-19,26.75,26.75,26.7,26.7,23080,616434,15,,,-1000.0,0.0,0.0,2378.0,0.0,,finmind,2026-07-17T15:22:30.084716+08:00
2019-07-22,26.7,26.7,26.6,26.6,13111,348929,14,,,0.0,0.0,81.0,2380.0,0.0,,finmind,2026-07-17T15:22:30.084716+08:00
2019-07-23,26.65,26.7,26.6,26.6,36178,963715,19,,,nan,nan,nan,2380.0,0.0,,finmind,2026-07-17T15:22:30.084716+08:00
2019-07-24,26.6,26.6,26.5,26.55,49294,1308404,34,,,-1000.0,0.0,-66.0,2389.0,0.0,,finmind,2026-07-17T15:22:30.084716+08:00
2019-07-25,26.6,26.65,26.55,26.55,53131,1412875,33,,,1000.0,0.0,-15.0,2399.0,0.0,,finmind,2026-07-17T15:22:30.084716+08:00
2019-07-26,26.6,26.6,26.55,26.6,92695,2463016,57,,,nan,nan,nan,2402.0,0.0,,finmind,2026-07-17T15:22:30.084716+08:00
2019-07-29,26.6,27.1,26.6,27.0,281351,7557552,180,,,nan,nan,nan,2364.0,0.0,,finmind,2026-07-17T15:22:30.084716+08:00
2019-07-30,25.1,25.1,24.85,24.9,187391,4682855,116,,,nan,nan,nan,2424.0,0.0,,finmind,2026-07-17T15:22:30.084716+08:00
2019-07-31,24.9,24.9,24.85,24.9,39127,972975,38,,,nan,nan,nan,2422.0,0.0,,finmind,2026-07-17T15:22:30.084716+08:00
2019-08-01,24.8,25.05,24.75,24.9,53006,1317394,35,,,0.0,0.0,1000.0,2435.0,0.0,,finmind,2026-07-17T15:22:30.084716+08:00
2019-08-02,24.95,25.15,24.75,25.15,32010,797900,22,,,-1000.0,0.0,1000.0,2432.0,0.0,,finmind,2026-07-17T15:22:30.084716+08:00
2019-08-05,25.15,25.7,25.15,25.5,12091,308190,10,,,0.0,0.0,-1000.0,2425.0,0.0,,finmind,2026-07-17T15:22:30.084716+08:00
2019-08-06,25.45,25.45,25.05,25.45,6070,153584,8,,,0.0,0.0,-1000.0,2423.0,0.0,,finmind,2026-07-17T15:22:30.084716+08:00
2019-08-07,25.85,25.85,25.2,25.65,18058,457898,17,,,1000.0,0.0,0.0,2417.0,0.0,,finmind,2026-07-17T15:22:30.084716+08:00
2019-08-08,25.3,25.7,25.3,25.7,22002,559250,18,,,0.0,0.0,2.0,2413.0,0.0,,finmind,2026-07-17T15:22:30.084716+08:00
2019-08-12,25.8,25.9,25.4,25.85,13104,338487,12,,,0.0,0.0,-2.0,2413.0,0.0,,finmind,2026-07-17T15:22:30.084716+08:00
2019-08-13,25.85,25.85,25.5,25.8,17003,437025,15,,,nan,nan,nan,2410.0,0.0,,finmind,2026-07-17T15:22:30.084716+08:00
2019-08-14,25.5,25.5,25.5,25.5,1590,40545,3,,,nan,nan,nan,2410.0,0.0,,finmind,2026-07-17T15:22:30.084716+08:00
2019-08-15,25.75,25.75,25.45,25.5,3147,80433,4,,,nan,nan,nan,2411.0,1.0,,finmind,2026-07-17T15:22:30.084716+08:00
2019-08-16,26.9,26.9,25.5,25.5,12002,308650,13,,,nan,nan,nan,2414.0,1.0,,finmind,2026-07-17T15:22:30.084716+08:00
2019-08-19,25.5,25.85,25.5,25.7,10053,257200,12,,,0.0,0.0,52.0,2416.0,1.0,,finmind,2026-07-17T15:22:30.084716+08:00
2019-08-20,25.95,25.95,25.4,25.55,9300,237334,8,,,nan,nan,nan,2418.0,1.0,,finmind,2026-07-17T15:22:30.084716+08:00
2019-08-21,25.75,25.75,25.5,25.7,11010,281354,11,,,nan,nan,nan,2419.0,1.0,,finmind,2026-07-17T15:22:30.084716+08:00
2019-08-22,25.3,25.65,25.3,25.65,2001,50975,3,,,nan,nan,nan,2420.0,1.0,,finmind,2026-07-17T15:22:30.084716+08:00
2019-08-23,25.6,25.6,25.6,25.6,1439,36748,6,,,0.0,0.0,389.0,2420.0,1.0,,finmind,2026-07-17T15:22:30.084716+08:00
2019-08-26,26.0,26.0,25.55,25.8,5002,128800,6,,,nan,nan,nan,2420.0,1.0,,finmind,2026-07-17T15:22:30.084716+08:00
2019-08-27,25.7,25.7,25.55,25.55,6234,160027,9,,,0.0,0.0,-140.0,2418.0,1.0,,finmind,2026-07-17T15:22:30.084716+08:00
2019-08-28,25.5,25.5,25.5,25.5,1005,25625,6,,,nan,nan,nan,2418.0,1.0,,finmind,2026-07-17T15:22:30.084716+08:00
2019-08-29,25.65,25.85,25.65,25.85,11007,282976,10,,,0.0,0.0,7.0,2418.0,1.0,,finmind,2026-07-17T15:22:30.084716+08:00
2019-08-30,25.7,25.9,25.4,25.8,28008,716654,20,,,0.0,0.0,8.0,2417.0,2.0,,finmind,2026-07-17T15:22:30.084716+08:00
2019-09-02,25.5,25.7,25.5,25.5,6416,164004,15,,,0.0,0.0,-316.0,2417.0,2.0,,finmind,2026-07-17T15:22:30.084716+08:00
2019-09-03,25.7,25.75,25.65,25.65,6007,154325,11,,,nan,nan,nan,2416.0,2.0,,finmind,2026-07-17T15:22:30.084716+08:00
2019-09-04,25.7,25.9,25.65,25.9,25003,642725,10,,,nan,nan,nan,2416.0,2.0,,finmind,2026-07-17T15:22:30.084716+08:00
2019-09-05,26.0,26.0,25.95,25.95,20003,519575,5,,,nan,nan,nan,2426.0,2.0,,finmind,2026-07-17T15:22:30.084716+08:00
2019-09-06,25.85,25.85,25.85,25.85,21030,543620,11,,,nan,nan,nan,2426.0,2.0,,finmind,2026-07-17T15:22:30.084716+08:00
2019-09-09,25.85,25.9,25.85,25.85,18485,477956,14,,,nan,nan,nan,2426.0,2.0,,finmind,2026-07-17T15:22:30.084716+08:00
2019-09-10,0.0,0.0,0.0,0.0,11,286,2,,,nan,nan,nan,2426.0,2.0,,finmind,2026-07-17T15:22:30.084716+08:00
2019-09-11,25.85,25.85,25.85,25.85,10104,261177,3,,,nan,nan,nan,2426.0,2.0,,finmind,2026-07-17T15:22:30.084716+08:00
2019-09-12,0.0,0.0,0.0,0.0,135,3484,9,,,nan,nan,nan,2426.0,2.0,,finmind,2026-07-17T15:22:30.084716+08:00
2019-09-16,25.8,25.8,25.5,25.7,20152,517741,10,,,nan,nan,nan,2436.0,2.0,,finmind,2026-07-17T15:22:30.084716+08:00
2019-09-17,25.4,25.8,25.4,25.7,15002,386100,8,,,nan,nan,nan,2446.0,2.0,,finmind,2026-07-17T15:22:30.084716+08:00
2019-09-18,25.7,25.7,25.45,25.65,53050,1356870,26,,,nan,nan,nan,2443.0,2.0,,finmind,2026-07-17T15:22:30.084716+08:00
2019-09-19,25.7,25.75,25.6,25.75,25434,652994,20,,,nan,nan,nan,2455.0,2.0,,finmind,2026-07-17T15:22:30.084716+08:00
2019-09-20,25.75,25.75,25.55,25.55,29270,751032,22,,,nan,nan,nan,2451.0,2.0,,finmind,2026-07-17T15:22:30.084716+08:00
2019-09-23,25.55,25.7,25.4,25.4,29431,751262,33,,,-1000.0,0.0,-1000.0,2468.0,2.0,,finmind,2026-07-17T15:22:30.084716+08:00
2019-09-24,25.6,25.6,25.25,25.3,19048,485161,19,,,0.0,0.0,-2000.0,2226.0,2.0,,finmind,2026-07-17T15:22:30.084716+08:00
2019-09-25,25.1,25.2,25.1,25.2,7161,180171,12,,,nan,nan,nan,2230.0,2.0,,finmind,2026-07-17T15:22:30.084716+08:00
2019-09-26,25.2,25.2,25.0,25.2,35109,884165,21,,,0.0,0.0,-27000.0,2234.0,2.0,,finmind,2026-07-17T15:22:30.084716+08:00
2019-09-27,25.0,25.55,25.0,25.55,72200,1819767,13,,,0.0,0.0,-67000.0,2235.0,2.0,,finmind,2026-07-17T15:22:30.084716+08:00
2019-10-01,25.55,25.55,25.05,25.45,3000,76050,3,,,nan,nan,nan,2235.0,2.0,,finmind,2026-07-17T15:22:30.084716+08:00
2019-10-02,0.0,0.0,0.0,0.0,1,25,1,,,nan,nan,nan,2235.0,2.0,,finmind,2026-07-17T15:22:30.084716+08:00
2019-10-03,25.15,25.4,25.1,25.2,25010,628402,13,,,nan,nan,nan,2238.0,2.0,,finmind,2026-07-17T15:22:30.084716+08:00
2019-10-04,25.25,25.25,25.25,25.25,14486,365268,29,,,nan,nan,nan,2238.0,2.0,,finmind,2026-07-17T15:22:30.084716+08:00
2019-10-07,25.25,25.3,25.2,25.3,12433,313951,29,,,3000.0,0.0,0.0,2239.0,2.0,,finmind,2026-07-17T15:22:30.084716+08:00
2019-10-08,25.3,25.3,25.25,25.25,3620,91515,9,,,nan,nan,nan,2238.0,0.0,,finmind,2026-07-17T15:22:30.084716+08:00
2019-10-09,25.2,25.35,25.2,25.35,11652,294107,22,,,nan,nan,nan,2239.0,0.0,,finmind,2026-07-17T15:22:30.084716+08:00
2019-10-14,0.0,0.0,0.0,0.0,52,1320,3,,,nan,nan,nan,2239.0,0.0,,finmind,2026-07-17T15:22:30.084716+08:00
2019-10-15,25.35,25.35,25.0,25.0,24138,605719,15,,,nan,nan,nan,2241.0,0.0,,finmind,2026-07-17T15:22:30.084716+08:00
2019-10-16,25.05,25.2,25.0,25.2,26350,659300,22,,,nan,nan,nan,2242.0,0.0,,finmind,2026-07-17T15:22:30.084716+08:00
2019-10-17,25.0,25.0,25.0,25.0,35400,885000,15,,,1000.0,0.0,0.0,2241.0,0.0,,finmind,2026-07-17T15:22:30.084716+08:00
2019-10-18,25.0,25.0,24.95,25.0,8700,217358,18,,,nan,nan,nan,2247.0,0.0,,finmind,2026-07-17T15:22:30.084716+08:00
2019-10-21,25.0,25.2,25.0,25.0,12967,324475,13,,,nan,nan,nan,2247.0,0.0,,finmind,2026-07-17T15:22:30.084716+08:00
2019-10-22,25.2,25.2,25.2,25.2,1324,33331,5,,,nan,nan,nan,2248.0,0.0,,finmind,2026-07-17T15:22:30.084716+08:00
2019-10-23,24.9,25.15,24.9,25.15,4404,110029,9,,,nan,nan,nan,2249.0,0.0,,finmind,2026-07-17T15:22:30.084716+08:00
2019-10-24,0.0,0.0,0.0,0.0,454,11483,11,,,nan,nan,nan,2249.0,0.0,,finmind,2026-07-17T15:22:30.084716+08:00
2019-10-25,25.2,25.2,24.9,24.95,24055,601227,28,,,nan,nan,nan,2246.0,0.0,,finmind,2026-07-17T15:22:30.084716+08:00
2019-10-28,25.1,25.1,25.1,25.1,1057,26532,5,,,nan,nan,nan,2247.0,0.0,,finmind,2026-07-17T15:22:30.084716+08:00
2019-10-29,25.0,25.05,24.9,25.05,14106,351910,14,,,nan,nan,nan,2246.0,0.0,,finmind,2026-07-17T15:22:30.084716+08:00
2019-10-30,25.1,25.1,25.0,25.0,9305,232725,11,,,nan,nan,nan,2247.0,0.0,,finmind,2026-07-17T15:22:30.084716+08:00
2019-10-31,25.1,25.1,25.1,25.1,1004,25200,5,,,nan,nan,nan,2248.0,0.0,,finmind,2026-07-17T15:22:30.084716+08:00
2019-11-01,25.1,25.2,25.1,25.15,5136,129050,10,,,nan,nan,nan,2248.0,0.0,,finmind,2026-07-17T15:22:30.084716+08:00
2019-11-04,25.15,25.2,25.1,25.1,11835,298164,14,,,-50.0,0.0,0.0,2248.0,0.0,,finmind,2026-07-17T15:22:30.084716+08:00
2019-11-05,25.1,25.15,25.1,25.1,12140,304862,11,,,nan,nan,nan,2256.0,0.0,,finmind,2026-07-17T15:22:30.084716+08:00
2019-11-06,25.2,25.2,24.95,25.1,10115,253260,18,,,-3000.0,0.0,0.0,2257.0,0.0,,finmind,2026-07-17T15:22:30.084716+08:00
2019-11-07,25.1,25.1,25.1,25.1,50199,1259994,25,,,0.0,0.0,50000.0,2247.0,0.0,,finmind,2026-07-17T15:22:30.084716+08:00
2019-11-08,25.1,25.1,25.1,25.1,3004,75400,6,,,nan,nan,nan,2247.0,0.0,,finmind,2026-07-17T15:22:30.084716+08:00
2019-11-11,25.1,25.1,25.0,25.0,8051,201475,10,,,nan,nan,nan,2247.0,0.0,,finmind,2026-07-17T15:22:30.084716+08:00
2019-11-12,25.0,25.0,25.0,25.0,10557,263925,13,,,nan,nan,nan,2247.0,0.0,,finmind,2026-07-17T15:22:30.084716+08:00
2019-11-13,25.0,25.0,24.9,24.9,8234,205750,10,,,nan,nan,nan,2247.0,0.0,,finmind,2026-07-17T15:22:30.084716+08:00
2019-11-14,24.9,25.0,24.9,25.0,5132,127900,8,,,nan,nan,nan,2248.0,0.0,,finmind,2026-07-17T15:22:30.084716+08:00
2019-11-15,25.0,25.0,25.0,25.0,4003,100075,5,,,nan,nan,nan,2248.0,0.0,,finmind,2026-07-17T15:22:30.084716+08:00
2019-11-18,25.0,25.0,25.0,25.0,4010,100250,5,,,nan,nan,nan,2248.0,0.0,,finmind,2026-07-17T15:22:30.084716+08:00
2019-11-19,25.0,25.0,24.65,24.85,64319,1589490,29,,,-1000.0,0.0,0.0,2255.0,0.0,,finmind,2026-07-17T15:22:30.084716+08:00
2019-11-20,24.85,24.95,24.25,24.95,45322,1125181,14,,,0.0,0.0,40000.0,2226.0,0.0,,finmind,2026-07-17T15:22:30.084716+08:00
2019-11-21,24.95,24.95,24.65,24.9,4534,112700,8,,,nan,nan,nan,2228.0,0.0,,finmind,2026-07-17T15:22:30.084716+08:00
2019-11-22,24.9,24.9,24.65,24.85,7000,173250,7,,,nan,nan,nan,2229.0,0.0,,finmind,2026-07-17T15:22:30.084716+08:00
2019-11-25,24.7,24.85,24.7,24.85,51003,1259925,9,,,nan,nan,nan,2252.0,0.0,,finmind,2026-07-17T15:22:30.084716+08:00
2019-11-26,24.7,24.85,24.7,24.85,21157,522775,8,,,nan,nan,nan,2253.0,0.0,,finmind,2026-07-17T15:22:30.084716+08:00
2019-11-27,24.8,24.95,24.8,24.95,16001,397275,7,,,0.0,0.0,2000.0,2254.0,0.0,,finmind,2026-07-17T15:22:30.084716+08:00
2019-11-28,24.95,24.95,24.8,24.95,18001,447525,9,,,nan,nan,nan,2254.0,0.0,,finmind,2026-07-17T15:22:30.084716+08:00
2019-11-29,25.0,25.1,24.95,24.95,12000,299900,8,,,0.0,0.0,5000.0,2253.0,0.0,,finmind,2026-07-17T15:22:30.084716+08:00
2019-12-02,24.95,24.95,24.8,24.95,23202,577597,14,,,nan,nan,nan,2253.0,0.0,,finmind,2026-07-17T15:22:30.084716+08:00
2019-12-03,24.9,25.0,24.9,25.0,3502,87247,8,,,nan,nan,nan,2252.0,0.0,,finmind,2026-07-17T15:22:30.084716+08:00
2019-12-04,24.8,25.05,24.8,25.05,5039,125525,11,,,nan,nan,nan,2253.0,0.0,,finmind,2026-07-17T15:22:30.084716+08:00
2019-12-05,25.0,25.0,25.0,25.0,4004,100096,7,,,nan,nan,nan,2250.0,0.0,,finmind,2026-07-17T15:22:30.084716+08:00
2019-12-06,25.0,25.05,25.0,25.05,4149,103745,12,,,nan,nan,nan,2250.0,0.0,,finmind,2026-07-17T15:22:30.084716+08:00
2019-12-09,25.1,25.15,24.7,25.0,21328,532398,21,,,nan,nan,nan,2251.0,0.0,,finmind,2026-07-17T15:22:30.084716+08:00
2019-12-10,25.0,25.0,25.0,25.0,14100,352500,12,,,nan,nan,nan,2251.0,0.0,,finmind,2026-07-17T15:22:30.084716+08:00
2019-12-11,25.1,25.15,25.0,25.1,24028,601550,16,,,nan,nan,nan,2252.0,0.0,,finmind,2026-07-17T15:22:30.084716+08:00
2019-12-12,25.1,25.25,25.1,25.25,53779,1353656,20,,,nan,nan,nan,2253.0,0.0,,finmind,2026-07-17T15:22:30.084716+08:00
2019-12-13,25.25,25.3,25.2,25.3,12217,308439,14,,,nan,nan,nan,2255.0,0.0,,finmind,2026-07-17T15:22:30.084716+08:00
2019-12-16,25.2,25.4,25.2,25.3,13040,329100,13,,,nan,nan,nan,2260.0,0.0,,finmind,2026-07-17T15:22:30.084716+08:00
2019-12-17,25.4,25.4,25.2,25.2,7169,181057,14,,,nan,nan,nan,2262.0,0.0,,finmind,2026-07-17T15:22:30.084716+08:00
2019-12-18,25.4,26.0,25.4,26.0,32804,840447,39,,,nan,nan,nan,2262.0,0.0,,finmind,2026-07-17T15:22:30.084716+08:00
2019-12-19,25.95,25.95,25.65,25.65,7050,182624,9,,,nan,nan,nan,2260.0,0.0,,finmind,2026-07-17T15:22:30.084716+08:00
2019-12-20,25.65,26.0,25.6,25.9,19000,492243,20,,,nan,nan,nan,2257.0,0.0,,finmind,2026-07-17T15:22:30.084716+08:00
2019-12-23,25.9,26.1,25.9,26.0,24006,625952,12,,,nan,nan,nan,2258.0,0.0,,finmind,2026-07-17T15:22:30.084716+08:00
2019-12-24,25.95,25.95,25.5,25.5,17251,444075,17,,,nan,nan,nan,2258.0,0.0,,finmind,2026-07-17T15:22:30.084716+08:00
2019-12-25,25.6,25.6,25.4,25.55,6425,163963,13,,,nan,nan,nan,2258.0,0.0,,finmind,2026-07-17T15:22:30.084716+08:00
2019-12-26,25.55,25.55,25.55,25.55,2197,56132,4,,,nan,nan,nan,2258.0,0.0,,finmind,2026-07-17T15:22:30.084716+08:00
2019-12-27,25.55,25.6,25.55,25.6,4115,105294,5,,,nan,nan,nan,2228.0,0.0,,finmind,2026-07-17T15:22:30.084716+08:00
2019-12-30,25.6,25.65,25.55,25.55,7004,179300,11,,,nan,nan,nan,2229.0,0.0,,finmind,2026-07-17T15:22:30.084716+08:00
2019-12-31,25.6,25.6,25.55,25.55,4200,107358,8,,,nan,nan,nan,2229.0,0.0,,finmind,2026-07-17T15:22:30.084716+08:00
2020-01-02,25.4,25.7,25.4,25.7,4327,110636,12,,,nan,nan,nan,2230.0,0.0,,finmind,2026-07-17T15:22:30.084716+08:00
2020-01-03,25.8,25.8,25.2,25.6,18203,464893,23,,,nan,nan,nan,2233.0,0.0,,finmind,2026-07-17T15:22:30.084716+08:00
2020-01-06,25.65,25.65,25.5,25.5,9003,230425,11,,,nan,nan,nan,2233.0,0.0,,finmind,2026-07-17T15:22:30.084716+08:00
2020-01-07,25.5,25.8,25.4,25.7,30002,764750,15,,,nan,nan,nan,2233.0,0.0,,finmind,2026-07-17T15:22:30.084716+08:00
2020-01-08,25.9,26.0,25.55,25.55,26078,673751,28,,,nan,nan,nan,2231.0,0.0,,finmind,2026-07-17T15:22:30.084716+08:00
2020-01-09,25.55,25.8,25.5,25.8,16219,414798,14,,,nan,nan,nan,2231.0,0.0,,finmind,2026-07-17T15:22:30.084716+08:00
2020-01-10,25.8,25.8,25.5,25.8,5441,139475,8,,,nan,nan,nan,2231.0,0.0,,finmind,2026-07-17T15:22:30.084716+08:00
2020-01-13,25.75,25.8,25.55,25.7,14204,365530,15,,,2000.0,0.0,0.0,2231.0,0.0,,finmind,2026-07-17T15:22:30.084716+08:00
2020-01-14,25.8,26.05,25.8,26.05,29210,759310,21,,,nan,nan,nan,2232.0,0.0,,finmind,2026-07-17T15:22:30.084716+08:00
2020-01-15,25.95,26.35,25.9,26.3,29003,758078,25,,,nan,nan,nan,2221.0,0.0,,finmind,2026-07-17T15:22:30.084716+08:00
2020-01-16,26.0,26.2,25.9,26.2,11608,301644,13,,,nan,nan,nan,2222.0,0.0,,finmind,2026-07-17T15:22:30.084716+08:00
2020-01-17,26.4,26.4,26.2,26.3,6336,166336,10,,,nan,nan,nan,2222.0,0.0,,finmind,2026-07-17T15:22:30.084716+08:00
2020-01-20,26.3,26.9,26.3,26.7,67224,1792728,55,,,1000.0,0.0,0.0,2230.0,0.0,,finmind,2026-07-17T15:22:30.084716+08:00
2020-01-30,26.5,26.5,25.5,25.6,42785,1103544,32,,,-1000.0,0.0,0.0,2230.0,0.0,,finmind,2026-07-17T15:22:30.084716+08:00
2020-01-31,26.85,26.85,25.65,26.45,41011,1075839,35,,,nan,nan,nan,2230.0,0.0,,finmind,2026-07-17T15:22:30.084716+08:00
2020-02-03,26.05,26.5,25.95,26.3,30027,788809,24,,,nan,nan,nan,2228.0,0.0,,finmind,2026-07-17T15:22:30.084716+08:00
2020-02-04,26.3,26.8,26.0,26.1,29000,765500,20,,,nan,nan,nan,2229.0,0.0,,finmind,2026-07-17T15:22:30.084716+08:00
2020-02-05,26.1,26.45,26.0,26.4,29186,765653,28,,,nan,nan,nan,2231.0,0.0,,finmind,2026-07-17T15:22:30.084716+08:00
2020-02-06,26.45,28.85,26.4,28.65,252242,7070715,198,,,-1000.0,0.0,0.0,2236.0,1.0,,finmind,2026-07-17T15:22:30.084716+08:00
2020-02-07,29.4,30.0,28.65,29.0,413496,12071455,262,,,2000.0,0.0,0.0,2239.0,1.0,,finmind,2026-07-17T15:22:30.084716+08:00
2020-02-10,28.0,28.45,27.55,28.0,155055,4334740,113,,,nan,nan,nan,2267.0,1.0,,finmind,2026-07-17T15:22:30.084716+08:00
2020-02-11,28.05,28.55,27.95,28.4,44401,1253456,43,,,nan,nan,nan,2279.0,1.0,,finmind,2026-07-17T15:22:30.084716+08:00
2020-02-12,28.65,28.65,28.0,28.0,73917,2078591,60,,,-3000.0,0.0,0.0,2299.0,1.0,,finmind,2026-07-17T15:22:30.084716+08:00
2020-02-13,27.95,28.4,27.65,28.1,46103,1284854,48,,,nan,nan,nan,2317.0,1.0,,finmind,2026-07-17T15:22:30.084716+08:00
2020-02-14,28.0,28.2,28.0,28.2,30004,840862,24,,,nan,nan,nan,2326.0,1.0,,finmind,2026-07-17T15:22:30.084716+08:00
2020-02-17,28.2,28.2,27.5,28.0,73935,2064393,52,,,0.0,0.0,1000.0,2326.0,1.0,,finmind,2026-07-17T15:22:30.084716+08:00
2020-02-18,28.15,28.75,28.0,28.65,112053,3180900,87,,,4000.0,0.0,0.0,2336.0,1.0,,finmind,2026-07-17T15:22:30.084716+08:00
2020-02-19,28.6,29.4,28.4,28.4,73210,2113057,72,,,-3000.0,0.0,0.0,2350.0,1.0,,finmind,2026-07-17T15:22:30.084716+08:00
2020-02-20,28.5,28.9,28.5,28.7,53489,1533179,51,,,nan,nan,nan,2363.0,1.0,,finmind,2026-07-17T15:22:30.084716+08:00
2020-02-21,28.6,28.9,28.35,28.75,42853,1227870,31,,,0.0,0.0,-1000.0,2389.0,1.0,,finmind,2026-07-17T15:22:30.084716+08:00
2020-02-24,28.6,29.0,28.5,28.95,32203,925891,33,,,nan,nan,nan,2390.0,1.0,,finmind,2026-07-17T15:22:30.084716+08:00
2020-02-25,28.4,28.85,28.2,28.85,32511,927686,37,,,nan,nan,nan,2400.0,1.0,,finmind,2026-07-17T15:22:30.084716+08:00
2020-02-26,28.55,29.45,28.55,28.95,16053,464429,17,,,nan,nan,nan,2399.0,1.0,,finmind,2026-07-17T15:22:30.084716+08:00
2020-02-27,28.8,29.15,28.0,28.75,89001,2554478,73,,,0.0,0.0,0.0,2426.0,1.0,,finmind,2026-07-17T15:22:30.084716+08:00
2020-03-02,28.0,28.55,28.0,28.15,94118,2655505,125,,,4000.0,0.0,1000.0,2450.0,0.0,,finmind,2026-07-17T15:22:30.084716+08:00
2020-03-03,28.0,28.65,28.0,28.6,63911,1813208,52,,,0.0,0.0,-1000.0,2446.0,0.0,,finmind,2026-07-17T15:22:30.084716+08:00
2020-03-04,28.6,29.8,28.6,28.9,18127,532120,32,,,nan,nan,nan,2452.0,1.0,,finmind,2026-07-17T15:22:30.084716+08:00
2020-03-05,29.0,29.1,28.45,28.75,50766,1452312,31,,,nan,nan,nan,2422.0,0.0,,finmind,2026-07-17T15:22:30.084716+08:00
2020-03-06,28.75,29.25,28.5,28.7,24213,694894,28,,,nan,nan,nan,2414.0,0.0,,finmind,2026-07-17T15:22:30.084716+08:00
2020-03-09,28.7,28.7,27.45,27.8,49000,1363900,41,,,-1000.0,0.0,0.0,2433.0,0.0,,finmind,2026-07-17T15:22:30.084716+08:00
2020-03-10,27.8,29.95,27.25,28.8,87000,2437000,52,,,-1000.0,0.0,0.0,2455.0,0.0,,finmind,2026-07-17T15:22:30.084716+08:00
2020-03-11,28.8,28.95,27.6,27.6,19003,534881,19,,,0.0,0.0,2000.0,2453.0,1.0,,finmind,2026-07-17T15:22:30.084716+08:00
2020-03-12,27.6,27.6,26.9,27.35,33019,896666,40,,,-2000.0,0.0,0.0,2469.0,0.0,,finmind,2026-07-17T15:22:30.084716+08:00
2020-03-13,26.4,27.8,25.0,27.8,214547,5558791,131,,,-1000.0,0.0,0.0,2553.0,1.0,,finmind,2026-07-17T15:22:30.084716+08:00
2020-03-16,27.05,27.65,26.05,27.0,47173,1263892,37,,,0.0,0.0,0.0,2573.0,1.0,,finmind,2026-07-17T15:22:30.084716+08:00
2020-03-17,26.65,27.55,26.0,26.7,65148,1724115,48,,,0.0,0.0,-2000.0,2627.0,1.0,,finmind,2026-07-17T15:22:30.084716+08:00
2020-03-18,27.4,27.4,26.1,26.95,46298,1243755,29,,,1000.0,0.0,0.0,2625.0,1.0,,finmind,2026-07-17T15:22:30.084716+08:00
2020-03-19,26.6,26.6,24.3,24.3,166160,4111384,111,,,2000.0,0.0,0.0,2684.0,0.0,,finmind,2026-07-17T15:22:30.084716+08:00
2020-03-20,24.0,25.1,24.0,24.3,102105,2495580,68,,,-3000.0,0.0,0.0,2700.0,0.0,,finmind,2026-07-17T15:22:30.084716+08:00
2020-03-23,23.5,24.0,22.5,23.0,181599,4175703,95,,,nan,nan,nan,2714.0,0.0,,finmind,2026-07-17T15:22:30.084716+08:00
2020-03-24,23.05,24.5,23.05,23.55,52010,1225782,47,,,nan,nan,nan,2740.0,0.0,,finmind,2026-07-17T15:22:30.084716+08:00
2020-03-25,23.6,24.0,23.6,23.8,103083,2452719,76,,,nan,nan,nan,2764.0,0.0,,finmind,2026-07-17T15:22:30.084716+08:00
2020-03-26,23.85,23.85,23.5,23.85,118256,2797061,59,,,nan,nan,nan,2793.0,0.0,,finmind,2026-07-17T15:22:30.084716+08:00
2020-03-27,23.85,25.0,23.85,24.55,85054,2063414,82,,,8000.0,0.0,0.0,2826.0,0.0,,finmind,2026-07-17T15:22:30.084716+08:00
2020-03-30,23.8,24.65,23.8,24.55,13458,329100,39,,,nan,nan,nan,2830.0,0.0,,finmind,2026-07-17T15:22:30.084716+08:00
2020-03-31,24.35,24.95,24.35,24.5,20201,497481,26,,,-3000.0,0.0,0.0,2837.0,0.0,,finmind,2026-07-17T15:22:30.084716+08:00
2020-04-01,24.6,24.9,24.2,24.6,42245,1035572,50,,,nan,nan,nan,2861.0,0.0,,finmind,2026-07-17T15:22:30.084716+08:00
2020-04-06,24.6,24.6,24.3,24.6,33018,807383,42,,,nan,nan,nan,2871.0,0.0,,finmind,2026-07-17T15:22:30.084716+08:00
2020-04-07,24.65,24.95,24.4,24.85,64000,1578050,41,,,1000.0,0.0,0.0,2888.0,0.0,,finmind,2026-07-17T15:22:30.084716+08:00
2020-04-08,24.55,24.8,24.5,24.7,66301,1631243,45,,,1000.0,0.0,0.0,2902.0,0.0,,finmind,2026-07-17T15:22:30.084716+08:00
2020-04-09,24.7,24.85,24.7,24.8,52021,1288435,24,,,nan,nan,nan,2907.0,0.0,,finmind,2026-07-17T15:22:30.084716+08:00
2020-04-10,25.0,25.05,24.9,25.0,40334,1007115,39,,,nan,nan,nan,2909.0,0.0,,finmind,2026-07-17T15:22:30.084716+08:00
2020-04-13,25.0,25.95,25.0,25.5,72002,1837700,44,,,4000.0,0.0,0.0,2923.0,0.0,,finmind,2026-07-17T15:22:30.084716+08:00
2020-04-14,25.55,25.8,25.4,25.6,79556,2030820,43,,,nan,nan,nan,2916.0,0.0,,finmind,2026-07-17T15:22:30.084716+08:00
2020-04-15,25.6,25.8,25.35,25.8,118021,3013134,80,,,nan,nan,nan,2914.0,0.0,,finmind,2026-07-17T15:22:30.084716+08:00
2020-04-16,25.65,25.85,25.45,25.7,45253,1160632,40,,,nan,nan,nan,2909.0,0.0,,finmind,2026-07-17T15:22:30.084716+08:00
2020-04-17,25.8,26.15,25.8,26.05,143003,3707775,74,,,-1000.0,0.0,0.0,2860.0,0.0,,finmind,2026-07-17T15:22:30.084716+08:00
2020-04-20,26.1,26.95,25.8,26.9,90547,2385410,62,,,nan,nan,nan,2845.0,0.0,,finmind,2026-07-17T15:22:30.084716+08:00
2020-04-21,26.6,27.5,26.3,26.9,63113,1684587,45,,,nan,nan,nan,2842.0,0.0,,finmind,2026-07-17T15:22:30.084716+08:00
2020-04-22,26.6,27.0,26.0,27.0,37001,985377,25,,,nan,nan,nan,2839.0,0.0,,finmind,2026-07-17T15:22:30.084716+08:00
2020-04-23,26.6,27.7,26.55,27.0,30100,815220,26,,,-4000.0,0.0,0.0,2836.0,0.0,,finmind,2026-07-17T15:22:30.084716+08:00
2020-04-24,26.85,28.2,26.75,27.85,87000,2403050,60,,,-6000.0,0.0,0.0,2834.0,0.0,,finmind,2026-07-17T15:22:30.084716+08:00
2020-04-27,27.55,27.8,27.35,27.8,93101,2559132,79,,,nan,nan,nan,2840.0,0.0,,finmind,2026-07-17T15:22:30.084716+08:00
2020-04-28,27.9,27.9,27.55,27.8,20003,554531,21,,,nan,nan,nan,2840.0,0.0,,finmind,2026-07-17T15:22:30.084716+08:00
2020-04-29,27.65,28.0,27.65,27.65,54302,1506853,36,,,nan,nan,nan,2845.0,0.0,,finmind,2026-07-17T15:22:30.084716+08:00
2020-04-30,27.75,28.4,27.75,28.0,56195,1562549,40,,,nan,nan,nan,2853.0,0.0,,finmind,2026-07-17T15:22:30.084716+08:00
2020-05-04,27.4,27.8,27.0,27.8,33258,919945,26,,,2000.0,0.0,0.0,2838.0,0.0,,finmind,2026-07-17T15:22:30.084716+08:00
2020-05-05,27.85,28.65,27.65,28.4,34932,979134,34,,,3000.0,0.0,0.0,2832.0,0.0,,finmind,2026-07-17T15:22:30.084716+08:00
2020-05-06,27.9,28.3,27.9,28.2,21004,589408,16,,,nan,nan,nan,2829.0,0.0,,finmind,2026-07-17T15:22:30.084716+08:00
2020-05-07,28.2,29.0,28.15,28.7,53300,1520659,48,,,nan,nan,nan,2838.0,0.0,,finmind,2026-07-17T15:22:30.084716+08:00
2020-05-08,28.7,28.7,28.3,28.3,51159,1458597,45,,,-1000.0,0.0,0.0,2834.0,0.0,,finmind,2026-07-17T15:22:30.084716+08:00
2020-05-11,28.3,28.45,28.05,28.4,61394,1731060,45,,,nan,nan,nan,2839.0,0.0,,finmind,2026-07-17T15:22:30.084716+08:00
2020-05-12,28.4,28.8,28.15,28.7,56243,1593136,37,,,-1000.0,0.0,0.0,2825.0,0.0,,finmind,2026-07-17T15:22:30.084716+08:00
2020-05-13,28.7,28.7,28.15,28.7,64671,1834670,40,,,nan,nan,nan,2815.0,0.0,,finmind,2026-07-17T15:22:30.084716+08:00
2020-05-14,28.35,28.6,28.35,28.55,23213,661699,28,,,nan,nan,nan,2816.0,0.0,,finmind,2026-07-17T15:22:30.084716+08:00
2020-05-15,28.3,28.55,28.2,28.5,49542,1404404,35,,,2000.0,0.0,0.0,2805.0,0.0,,finmind,2026-07-17T15:22:30.084716+08:00
2020-05-18,28.15,29.2,28.1,29.2,57004,1624512,48,,,nan,nan,nan,2816.0,0.0,,finmind,2026-07-17T15:22:30.084716+08:00
2020-05-19,29.15,29.15,28.65,28.85,30823,890896,34,,,-1000.0,0.0,0.0,2816.0,0.0,,finmind,2026-07-17T15:22:30.084716+08:00
2020-05-20,28.8,28.85,28.5,28.75,28120,805895,35,,,-1000.0,0.0,0.0,2818.0,0.0,,finmind,2026-07-17T15:22:30.084716+08:00
2020-05-21,28.65,29.05,28.65,28.95,77689,2242521,57,,,9000.0,0.0,0.0,2825.0,0.0,,finmind,2026-07-17T15:22:30.084716+08:00
2020-05-22,28.8,29.7,28.8,29.2,48407,1411104,53,,,nan,nan,nan,2840.0,0.0,,finmind,2026-07-17T15:22:30.084716+08:00
2020-05-25,29.15,29.6,28.75,29.5,221380,6460206,137,,,nan,nan,nan,2792.0,0.0,,finmind,2026-07-17T15:22:30.084716+08:00
2020-05-26,29.5,29.9,29.15,29.65,188574,5557803,134,,,-1000.0,0.0,0.0,2799.0,0.0,,finmind,2026-07-17T15:22:30.084716+08:00
2020-05-27,29.85,29.95,29.5,29.8,64116,1900071,50,,,nan,nan,nan,2791.0,0.0,,finmind,2026-07-17T15:22:30.084716+08:00
2020-05-28,29.95,30.8,29.6,30.05,140127,4186871,86,,,-1000.0,0.0,0.0,2790.0,0.0,,finmind,2026-07-17T15:22:30.084716+08:00
2020-05-29,30.05,30.7,29.8,30.15,78236,2349130,66,,,-4000.0,0.0,0.0,2786.0,0.0,,finmind,2026-07-17T15:22:30.084716+08:00
2020-06-01,29.85,30.9,29.85,30.45,120994,3674465,81,,,nan,nan,nan,2772.0,0.0,,finmind,2026-07-17T15:22:30.084716+08:00
2020-06-02,30.4,30.85,30.05,30.25,90602,2738998,64,,,-1000.0,0.0,0.0,2746.0,0.0,,finmind,2026-07-17T15:22:30.084716+08:00
2020-06-03,30.1,30.25,29.9,30.05,85401,2565776,62,,,-1000.0,0.0,0.0,2731.0,0.0,,finmind,2026-07-17T15:22:30.084716+08:00
2020-06-04,30.1,30.4,29.5,29.7,76560,2276912,55,,,-3000.0,0.0,0.0,2693.0,0.0,,finmind,2026-07-17T15:22:30.084716+08:00
2020-06-05,30.0,30.65,29.65,29.9,23075,692136,32,,,0.0,0.0,0.0,2640.0,0.0,,finmind,2026-07-17T15:22:30.084716+08:00
2020-06-08,29.85,30.35,29.85,30.35,78149,2361370,58,,,nan,nan,nan,2645.0,0.0,,finmind,2026-07-17T15:22:30.084716+08:00
2020-06-09,30.35,30.5,29.95,30.35,96500,2916149,70,,,-1000.0,0.0,2000.0,2631.0,0.0,,finmind,2026-07-17T15:22:30.084716+08:00
2020-06-10,29.8,30.6,29.6,29.7,163172,4876453,113,,,nan,nan,nan,2600.0,0.0,,finmind,2026-07-17T15:22:30.084716+08:00
2020-06-11,29.7,29.95,29.7,29.7,32002,952508,28,,,nan,nan,nan,2606.0,0.0,,finmind,2026-07-17T15:22:30.084716+08:00
2020-06-12,29.6,29.6,28.65,29.4,49100,1435087,43,,,nan,nan,nan,2608.0,0.0,,finmind,2026-07-17T15:22:30.084716+08:00
2020-06-15,29.2,29.9,29.2,29.75,54016,1594372,29,,,0.0,0.0,-2000.0,2595.0,0.0,,finmind,2026-07-17T15:22:30.084716+08:00
2020-06-16,29.9,30.6,29.5,29.7,79753,2376660,65,,,1000.0,0.0,0.0,2609.0,0.0,,finmind,2026-07-17T15:22:30.084716+08:00
2020-06-17,29.6,29.9,29.55,29.65,86025,2547938,50,,,-1000.0,0.0,0.0,2604.0,0.0,,finmind,2026-07-17T15:22:30.084716+08:00
2020-06-18,29.6,29.8,29.4,29.8,78802,2332643,66,,,5000.0,0.0,0.0,2634.0,0.0,,finmind,2026-07-17T15:22:30.084716+08:00
2020-06-19,29.7,30.05,29.7,30.0,68820,2058624,43,,,nan,nan,nan,2666.0,0.0,,finmind,2026-07-17T15:22:30.084716+08:00
2020-06-22,30.0,30.15,29.65,30.0,79150,2369690,37,,,-4000.0,0.0,0.0,2676.0,0.0,,finmind,2026-07-17T15:22:30.084716+08:00
2020-06-23,29.65,29.8,29.6,29.8,27158,805414,33,,,nan,nan,nan,2685.0,0.0,,finmind,2026-07-17T15:22:30.084716+08:00
2020-06-24,29.8,29.8,29.6,29.75,26127,775346,22,,,nan,nan,nan,2686.0,0.0,,finmind,2026-07-17T15:22:30.084716+08:00
2020-06-29,29.75,29.75,29.5,29.7,48010,1417244,36,,,nan,nan,nan,2699.0,0.0,,finmind,2026-07-17T15:22:30.084716+08:00
2020-06-30,29.6,29.6,29.4,29.5,63001,1857829,42,,,nan,nan,nan,2712.0,0.0,,finmind,2026-07-17T15:22:30.084716+08:00
2020-07-01,29.45,29.85,29.45,29.75,38185,1129057,24,,,nan,nan,nan,2716.0,0.0,,finmind,2026-07-17T15:22:30.084716+08:00
2020-07-02,29.6,29.7,29.3,29.7,74005,2183845,42,,,nan,nan,nan,2725.0,0.0,,finmind,2026-07-17T15:22:30.084716+08:00
2020-07-03,29.65,29.65,29.35,29.45,46787,1376929,32,,,-1000.0,0.0,0.0,2730.0,0.0,,finmind,2026-07-17T15:22:30.084716+08:00
2020-07-06,29.45,29.75,29.45,29.65,40100,1186937,35,,,nan,nan,nan,2735.0,0.0,,finmind,2026-07-17T15:22:30.084716+08:00
2020-07-07,29.65,29.65,29.4,29.5,70551,2077189,40,,,nan,nan,nan,2736.0,0.0,,finmind,2026-07-17T15:22:30.084716+08:00
2020-07-08,29.5,29.5,29.1,29.1,142759,4180045,78,,,nan,nan,nan,2752.0,0.0,,finmind,2026-07-17T15:22:30.084716+08:00
2020-07-09,29.1,29.45,29.05,29.15,72598,2117399,61,,,nan,nan,nan,2758.0,0.0,,finmind,2026-07-17T15:22:30.084716+08:00
2020-07-10,29.1,29.25,29.0,29.05,149008,4334974,61,,,nan,nan,nan,2759.0,0.0,,finmind,2026-07-17T15:22:30.084716+08:00
2020-07-13,29.2,29.3,29.0,29.3,225699,6577071,91,,,9000.0,0.0,0.0,2707.0,0.0,,finmind,2026-07-17T15:22:30.084716+08:00
2020-07-14,29.3,29.3,28.9,28.9,149128,4331012,93,,,nan,nan,nan,2702.0,0.0,,finmind,2026-07-17T15:22:30.084716+08:00
2020-07-15,27.9,28.45,27.85,28.2,86011,2410208,65,,,1000.0,0.0,0.0,2722.0,0.0,,finmind,2026-07-17T15:22:30.084716+08:00
2020-07-16,28.05,28.65,28.05,28.55,49999,1415716,46,,,nan,nan,nan,2735.0,0.0,,finmind,2026-07-17T15:22:30.084716+08:00
2020-07-17,28.5,28.8,28.1,28.65,57620,1642519,36,,,-1000.0,0.0,0.0,2745.0,0.0,,finmind,2026-07-17T15:22:30.084716+08:00
2020-07-20,28.75,28.75,28.1,28.25,144059,4070080,49,,,2000.0,0.0,0.0,2766.0,0.0,,finmind,2026-07-17T15:22:30.084716+08:00
2020-07-21,28.5,28.55,28.15,28.4,49200,1392127,35,,,nan,nan,nan,2757.0,0.0,,finmind,2026-07-17T15:22:30.084716+08:00
2020-07-22,28.4,28.7,28.25,28.55,36480,1039006,33,,,nan,nan,nan,2757.0,0.0,,finmind,2026-07-17T15:22:30.084716+08:00
2020-07-23,28.25,28.55,28.25,28.5,17046,484210,19,,,nan,nan,nan,2757.0,0.0,,finmind,2026-07-17T15:22:30.084716+08:00
2020-07-24,28.6,28.6,28.1,28.1,57099,1614441,37,,,nan,nan,nan,2741.0,0.0,,finmind,2026-07-17T15:22:30.084716+08:00
2020-07-27,28.1,28.25,27.8,28.0,64519,1803332,40,,,nan,nan,nan,2738.0,0.0,,finmind,2026-07-17T15:22:30.084716+08:00
2020-07-28,28.0,28.2,27.8,27.8,58010,1622774,30,,,0.0,0.0,0.0,2738.0,0.0,,finmind,2026-07-17T15:22:30.084716+08:00
2020-07-29,27.8,28.0,27.7,28.0,37013,1029364,22,,,3000.0,0.0,0.0,2742.0,0.0,,finmind,2026-07-17T15:22:30.084716+08:00
2020-07-30,28.0,28.0,27.7,27.7,55760,1548449,38,,,-3000.0,0.0,0.0,2743.0,0.0,,finmind,2026-07-17T15:22:30.084716+08:00
2020-07-31,27.7,27.85,27.4,27.7,45201,1248706,31,,,4000.0,0.0,0.0,2733.0,0.0,,finmind,2026-07-17T15:22:30.084716+08:00
2020-08-03,27.7,27.9,27.55,27.9,43000,1191050,23,,,-1000.0,0.0,0.0,2748.0,0.0,,finmind,2026-07-17T15:22:30.084716+08:00
2020-08-04,27.75,28.2,27.6,28.2,55425,1540706,39,,,nan,nan,nan,2741.0,0.0,,finmind,2026-07-17T15:22:30.084716+08:00
2020-08-05,27.85,28.1,27.8,27.8,51500,1437724,25,,,nan,nan,nan,2703.0,0.0,,finmind,2026-07-17T15:22:30.084716+08:00
2020-08-06,27.7,27.9,27.65,27.9,27100,753578,20,,,nan,nan,nan,2701.0,0.0,,finmind,2026-07-17T15:22:30.084716+08:00
2020-08-07,27.8,28.0,27.8,28.0,15057,419683,11,,,nan,nan,nan,2704.0,0.0,,finmind,2026-07-17T15:22:30.084716+08:00
2020-08-10,27.95,28.2,27.95,28.1,98002,2748106,24,,,nan,nan,nan,2668.0,0.0,,finmind,2026-07-17T15:22:30.084716+08:00
2020-08-11,28.25,28.9,27.7,28.05,32950,923013,33,,,-1000.0,0.0,0.0,2518.0,0.0,,finmind,2026-07-17T15:22:30.084716+08:00
2020-08-12,27.9,28.15,27.9,28.1,29266,818673,19,,,nan,nan,nan,2521.0,0.0,,finmind,2026-07-17T15:22:30.084716+08:00
2020-08-13,28.3,28.3,28.0,28.1,10205,286760,12,,,nan,nan,nan,2523.0,0.0,,finmind,2026-07-17T15:22:30.084716+08:00
2020-08-14,28.0,28.0,27.95,28.0,36116,1011214,19,,,nan,nan,nan,2514.0,0.0,,finmind,2026-07-17T15:22:30.084716+08:00
2020-08-17,28.0,28.05,27.85,28.05,43021,1203239,38,,,nan,nan,nan,2500.0,0.0,,finmind,2026-07-17T15:22:30.084716+08:00
2020-08-18,27.95,28.2,27.85,28.05,44008,1230574,30,,,nan,nan,nan,2483.0,0.0,,finmind,2026-07-17T15:22:30.084716+08:00
2020-08-19,27.95,28.05,27.8,28.05,32005,893085,29,,,nan,nan,nan,2488.0,0.0,,finmind,2026-07-17T15:22:30.084716+08:00
2020-08-20,27.7,27.9,27.6,27.9,38032,1054389,33,,,nan,nan,nan,2497.0,0.0,,finmind,2026-07-17T15:22:30.084716+08:00
2020-08-21,27.75,28.15,27.75,28.1,33350,931259,28,,,nan,nan,nan,2490.0,0.0,,finmind,2026-07-17T15:22:30.084716+08:00
2020-08-24,28.1,28.25,27.9,28.1,16313,458064,18,,,nan,nan,nan,2446.0,0.0,,finmind,2026-07-17T15:22:30.084716+08:00
2020-08-25,28.0,28.1,27.95,28.1,34068,954160,28,,,nan,nan,nan,2420.0,0.0,,finmind,2026-07-17T15:22:30.084716+08:00
2020-08-26,28.0,28.05,27.8,28.05,53002,1477256,28,,,nan,nan,nan,2407.0,0.0,,finmind,2026-07-17T15:22:30.084716+08:00
2020-08-27,27.85,28.0,27.75,27.8,33644,935229,26,,,nan,nan,nan,2400.0,0.0,,finmind,2026-07-17T15:22:30.084716+08:00
2020-08-28,27.7,28.0,27.6,28.0,44016,1219640,33,,,0.0,0.0,1000.0,2372.0,0.0,,finmind,2026-07-17T15:22:30.084716+08:00
2020-08-31,28.0,28.0,27.7,27.95,30106,839127,26,,,nan,nan,nan,2358.0,0.0,,finmind,2026-07-17T15:22:30.084716+08:00
2020-09-01,27.7,28.25,27.6,28.1,92472,2571969,56,,,nan,nan,nan,2330.0,0.0,,finmind,2026-07-17T15:22:30.084716+08:00
2020-09-02,27.95,28.1,27.6,28.1,51057,1417732,38,,,nan,nan,nan,2317.0,0.0,,finmind,2026-07-17T15:22:30.084716+08:00
2020-09-03,27.75,28.1,27.7,28.1,11013,306915,13,,,nan,nan,nan,2320.0,0.0,,finmind,2026-07-17T15:22:30.084716+08:00
2020-09-04,28.05,28.1,28.05,28.1,23497,660038,25,,,nan,nan,nan,2309.0,0.0,,finmind,2026-07-17T15:22:30.084716+08:00
2020-09-07,28.1,28.85,28.1,28.25,71521,2020816,53,,,0.0,0.0,-1000.0,2237.0,0.0,,finmind,2026-07-17T15:22:30.084716+08:00
2020-09-08,28.65,28.7,28.2,28.3,35750,1013160,29,,,nan,nan,nan,2231.0,0.0,,finmind,2026-07-17T15:22:30.084716+08:00
2020-09-09,27.8,28.65,27.7,28.65,107503,3018433,69,,,nan,nan,nan,2200.0,0.0,,finmind,2026-07-17T15:22:30.084716+08:00
2020-09-10,28.75,28.75,28.3,28.5,48043,1370681,34,,,nan,nan,nan,2204.0,0.0,,finmind,2026-07-17T15:22:30.084716+08:00
2020-09-11,28.5,29.45,28.45,28.85,203000,5851250,96,,,nan,nan,nan,2164.0,0.0,,finmind,2026-07-17T15:22:30.084716+08:00
2020-09-14,28.85,29.1,28.5,28.9,81003,2329884,53,,,nan,nan,nan,2162.0,0.0,,finmind,2026-07-17T15:22:30.084716+08:00
2020-09-15,28.9,28.9,28.55,28.85,43002,1235306,22,,,nan,nan,nan,2161.0,0.0,,finmind,2026-07-17T15:22:30.084716+08:00
2020-09-16,28.85,28.85,28.65,28.8,19018,548069,18,,,nan,nan,nan,2158.0,0.0,,finmind,2026-07-17T15:22:30.084716+08:00
2020-09-17,28.75,28.75,28.3,28.7,51482,1474938,26,,,nan,nan,nan,2142.0,0.0,,finmind,2026-07-17T15:22:30.084716+08:00
2020-09-18,28.75,28.75,28.5,28.7,15568,445930,16,,,nan,nan,nan,2026.0,0.0,,finmind,2026-07-17T15:22:30.084716+08:00
2020-09-21,28.7,29.7,28.7,29.0,83501,2427279,40,,,-1000.0,0.0,0.0,2021.0,0.0,,finmind,2026-07-17T15:22:30.084716+08:00
2020-09-22,29.0,29.05,28.6,28.6,20093,578532,17,,,nan,nan,nan,2022.0,0.0,,finmind,2026-07-17T15:22:30.084716+08:00
2020-09-23,28.6,29.2,28.5,29.2,25600,737169,23,,,nan,nan,nan,2032.0,0.0,,finmind,2026-07-17T15:22:30.084716+08:00
2020-09-24,29.0,29.0,28.45,28.6,49548,1417421,42,,,nan,nan,nan,2042.0,0.0,,finmind,2026-07-17T15:22:30.084716+08:00
2020-09-25,28.7,28.9,28.3,28.9,35443,1014017,31,,,nan,nan,nan,2049.0,0.0,,finmind,2026-07-17T15:22:30.084716+08:00
2020-09-28,28.95,28.95,28.7,28.85,12181,350749,19,,,nan,nan,nan,2055.0,0.0,,finmind,2026-07-17T15:22:30.084716+08:00
2020-09-29,29.55,29.55,28.7,29.0,23048,666187,11,,,nan,nan,nan,2064.0,0.0,,finmind,2026-07-17T15:22:30.084716+08:00
2020-09-30,28.75,28.95,28.7,28.95,33008,951083,20,,,nan,nan,nan,2055.0,0.0,,finmind,2026-07-17T15:22:30.084716+08:00
2020-10-05,28.95,29.15,28.9,29.1,13293,385336,15,,,nan,nan,nan,2058.0,0.0,,finmind,2026-07-17T15:22:30.084716+08:00
2020-10-06,29.1,29.1,28.9,29.0,19204,556644,18,,,nan,nan,nan,2050.0,0.0,,finmind,2026-07-17T15:22:30.084716+08:00
2020-10-07,28.9,28.95,28.8,28.95,13005,375741,17,,,nan,nan,nan,2037.0,0.0,,finmind,2026-07-17T15:22:30.084716+08:00
2020-10-08,28.9,29.0,28.85,28.85,28002,809056,16,,,-1000.0,0.0,0.0,2012.0,0.0,,finmind,2026-07-17T15:22:30.084716+08:00
2020-10-12,28.7,28.9,28.7,28.9,7100,204422,12,,,nan,nan,nan,2013.0,0.0,,finmind,2026-07-17T15:22:30.084716+08:00
2020-10-13,28.9,29.35,28.7,29.2,80002,2317606,51,,,nan,nan,nan,2032.0,0.0,,finmind,2026-07-17T15:22:30.084716+08:00
2020-10-14,29.1,29.1,28.8,29.0,43501,1259925,36,,,nan,nan,nan,2018.0,0.0,,finmind,2026-07-17T15:22:30.084716+08:00
2020-10-15,28.95,29.5,28.8,29.1,54000,1564350,36,,,nan,nan,nan,2015.0,0.0,,finmind,2026-07-17T15:22:30.084716+08:00
2020-10-16,29.1,29.25,28.9,29.1,83536,2433756,43,,,nan,nan,nan,1997.0,0.0,,finmind,2026-07-17T15:22:30.084716+08:00
2020-10-19,28.95,29.3,28.95,29.0,42178,1230040,35,,,nan,nan,nan,1964.0,0.0,,finmind,2026-07-17T15:22:30.084716+08:00
2020-10-20,28.9,28.9,28.7,28.9,26144,752446,18,,,nan,nan,nan,1966.0,0.0,,finmind,2026-07-17T15:22:30.084716+08:00
2020-10-21,28.65,28.85,28.6,28.85,13356,383318,10,,,nan,nan,nan,1958.0,0.0,,finmind,2026-07-17T15:22:30.084716+08:00
2020-10-22,28.85,29.1,28.8,29.0,38144,1101702,31,,,nan,nan,nan,1951.0,0.0,,finmind,2026-07-17T15:22:30.084716+08:00
2020-10-23,29.0,29.05,28.9,29.05,21743,628847,17,,,nan,nan,nan,1955.0,0.0,,finmind,2026-07-17T15:22:30.084716+08:00
2020-10-26,29.3,29.3,28.95,28.95,11154,324257,43,,,nan,nan,nan,1954.0,0.0,,finmind,2026-07-17T15:22:30.084716+08:00
2020-10-27,28.9,29.15,28.8,29.15,25515,738242,67,,,nan,nan,nan,1947.0,0.0,,finmind,2026-07-17T15:22:30.084716+08:00
2020-10-28,28.85,29.3,28.8,29.3,77170,2234071,62,,,nan,nan,nan,1933.0,1.0,,finmind,2026-07-17T15:22:30.084716+08:00
2020-10-29,29.2,29.2,29.0,29.2,12887,374174,25,,,nan,nan,nan,1933.0,1.0,,finmind,2026-07-17T15:22:30.084716+08:00
2020-10-30,29.15,29.95,29.0,29.35,145390,4259611,99,,,-1000.0,0.0,0.0,1954.0,1.0,,finmind,2026-07-17T15:22:30.084716+08:00
2020-11-02,29.35,29.4,29.05,29.15,52011,1516456,29,,,nan,nan,nan,1924.0,1.0,,finmind,2026-07-17T15:22:30.084716+08:00
2020-11-03,29.0,29.25,28.95,29.25,26059,757792,35,,,nan,nan,nan,1922.0,0.0,,finmind,2026-07-17T15:22:30.084716+08:00
2020-11-04,29.3,29.35,29.0,29.3,87263,2541046,75,,,nan,nan,nan,1904.0,0.0,,finmind,2026-07-17T15:22:30.084716+08:00
2020-11-05,29.35,29.5,29.0,29.45,127511,3729660,92,,,nan,nan,nan,1891.0,0.0,,finmind,2026-07-17T15:22:30.084716+08:00
2020-11-06,29.45,29.5,29.15,29.25,152960,4483026,71,,,-2000.0,0.0,0.0,1883.0,0.0,,finmind,2026-07-17T15:22:30.084716+08:00
2020-11-09,29.15,29.95,29.0,29.3,91039,2659840,66,,,nan,nan,nan,1878.0,0.0,,finmind,2026-07-17T15:22:30.084716+08:00
2020-11-10,29.35,29.5,29.2,29.25,48328,1414827,26,,,nan,nan,nan,1880.0,0.0,,finmind,2026-07-17T15:22:30.084716+08:00
2020-11-11,29.3,29.4,29.15,29.4,108567,3173801,68,,,nan,nan,nan,1864.0,0.0,,finmind,2026-07-17T15:22:30.084716+08:00
2020-11-12,29.25,29.45,29.25,29.45,97170,2850650,46,,,nan,nan,nan,1872.0,0.0,,finmind,2026-07-17T15:22:30.084716+08:00
2020-11-13,29.45,29.8,29.45,29.7,32023,947169,34,,,nan,nan,nan,1883.0,0.0,,finmind,2026-07-17T15:22:30.084716+08:00
2020-11-16,29.7,29.9,29.55,29.7,29142,864342,32,,,nan,nan,nan,1889.0,0.0,,finmind,2026-07-17T15:22:30.084716+08:00
2020-11-17,29.6,29.9,29.6,29.9,73581,2184395,60,,,nan,nan,nan,1881.0,0.0,,finmind,2026-07-17T15:22:30.084716+08:00
2020-11-18,29.8,30.0,29.75,30.0,53281,1589657,62,,,nan,nan,nan,1888.0,0.0,,finmind,2026-07-17T15:22:30.084716+08:00
2020-11-19,29.8,30.75,29.8,30.4,146254,4411001,93,,,nan,nan,nan,1901.0,0.0,,finmind,2026-07-17T15:22:30.084716+08:00
2020-11-20,30.45,30.5,30.05,30.5,69175,2096123,63,,,nan,nan,nan,1899.0,0.0,,finmind,2026-07-17T15:22:30.084716+08:00
2020-11-23,30.4,30.6,30.25,30.55,25028,761542,25,,,nan,nan,nan,1910.0,0.0,,finmind,2026-07-17T15:22:30.084716+08:00
2020-11-24,30.2,30.7,30.2,30.7,73888,2249444,64,,,nan,nan,nan,1869.0,0.0,,finmind,2026-07-17T15:22:30.084716+08:00
2020-11-25,30.55,30.95,30.5,30.95,67378,2074839,72,,,nan,nan,nan,1852.0,0.0,,finmind,2026-07-17T15:22:30.084716+08:00
2020-11-26,31.0,31.95,31.0,31.15,54607,1707771,54,,,nan,nan,nan,1857.0,0.0,,finmind,2026-07-17T15:22:30.084716+08:00
2020-11-27,31.2,31.2,30.6,31.2,147691,4589738,59,,,nan,nan,nan,1828.0,0.0,,finmind,2026-07-17T15:22:30.084716+08:00
2020-11-30,30.65,31.3,30.65,31.25,37233,1153362,46,,,nan,nan,nan,1830.0,0.0,,finmind,2026-07-17T15:22:30.084716+08:00
2020-12-01,31.25,33.5,31.25,32.6,118355,3789381,106,,,nan,nan,nan,1833.0,0.0,,finmind,2026-07-17T15:22:30.084716+08:00
2020-12-02,32.6,33.1,32.6,32.8,154756,5082261,107,,,nan,nan,nan,1747.0,0.0,,finmind,2026-07-17T15:22:30.084716+08:00
2020-12-03,32.8,33.4,32.8,33.35,136322,4492947,105,,,0.0,0.0,5.0,1735.0,0.0,,finmind,2026-07-17T15:22:30.084716+08:00
2020-12-04,33.35,33.45,32.95,33.45,64821,2151371,65,,,0.0,0.0,2.0,1764.0,0.0,,finmind,2026-07-17T15:22:30.084716+08:00
2020-12-07,33.2,33.2,32.25,33.0,42158,1390137,56,,,nan,nan,nan,1779.0,0.0,,finmind,2026-07-17T15:22:30.084716+08:00
2020-12-08,32.8,32.8,32.0,32.8,46380,1506228,48,,,0.0,0.0,-7.0,1785.0,0.0,,finmind,2026-07-17T15:22:30.084716+08:00
2020-12-09,32.3,32.7,31.8,32.65,56343,1820289,61,,,0.0,0.0,215.0,1799.0,0.0,,finmind,2026-07-17T15:22:30.084716+08:00
2020-12-10,32.3,32.5,31.95,32.2,41419,1330830,58,,,0.0,0.0,187.0,1799.0,0.0,,finmind,2026-07-17T15:22:30.084716+08:00
2020-12-11,32.15,32.15,31.05,31.25,71517,2248374,65,,,nan,nan,nan,1825.0,0.0,,finmind,2026-07-17T15:22:30.084716+08:00
2020-12-14,31.3,31.55,30.5,31.5,93102,2909201,55,,,nan,nan,nan,1846.0,0.0,,finmind,2026-07-17T15:22:30.084716+08:00
2020-12-15,31.45,31.45,30.7,31.35,84160,2607055,50,,,0.0,0.0,-154.0,1874.0,0.0,,finmind,2026-07-17T15:22:30.084716+08:00
2020-12-16,31.05,31.9,30.9,31.85,45207,1426117,42,,,0.0,0.0,-197.0,1892.0,0.0,,finmind,2026-07-17T15:22:30.084716+08:00
2020-12-17,31.85,31.9,31.5,31.75,64398,2043570,97,,,-6000.0,0.0,0.0,1918.0,0.0,,finmind,2026-07-17T15:22:30.084716+08:00
2020-12-18,31.95,33.0,31.9,32.45,37302,1202784,55,,,0.0,0.0,1.0,1948.0,0.0,,finmind,2026-07-17T15:22:30.084716+08:00
2020-12-21,32.1,32.5,31.5,32.5,52549,1679515,55,,,nan,nan,nan,1955.0,0.0,,finmind,2026-07-17T15:22:30.084716+08:00
2020-12-22,32.25,32.45,31.75,32.05,33008,1061201,31,,,nan,nan,nan,1966.0,0.0,,finmind,2026-07-17T15:22:30.084716+08:00
2020-12-23,32.0,32.4,31.5,32.4,48425,1550268,53,,,0.0,0.0,2.0,1992.0,0.0,,finmind,2026-07-17T15:22:30.084716+08:00
2020-12-24,31.95,32.3,31.65,31.65,55190,1756982,65,,,1000.0,0.0,6.0,2004.0,0.0,,finmind,2026-07-17T15:22:30.084716+08:00
2020-12-25,31.6,32.0,31.0,31.1,42920,1341730,58,,,nan,nan,nan,2013.0,0.0,,finmind,2026-07-17T15:22:30.084716+08:00
2020-12-28,31.15,31.55,30.85,31.4,62380,1949389,78,,,0.0,0.0,-60.0,2020.0,0.0,,finmind,2026-07-17T15:22:30.084716+08:00
2020-12-29,31.85,32.5,30.9,30.95,80718,2547513,74,,,0.0,0.0,1002.0,2038.0,0.0,,finmind,2026-07-17T15:22:30.084716+08:00
2020-12-30,31.25,31.55,30.5,30.95,48465,1498434,54,,,nan,nan,nan,2014.0,0.0,,finmind,2026-07-17T15:22:30.084716+08:00
2020-12-31,31.2,31.35,30.65,31.2,26084,808510,35,,,0.0,0.0,-999.0,2017.0,0.0,,finmind,2026-07-17T15:22:30.084716+08:00
2021-01-04,30.75,30.95,30.7,30.9,19038,586568,24,,,0.0,0.0,1.0,2021.0,0.0,,finmind,2026-07-17T15:22:30.084716+08:00
2021-01-05,30.75,30.75,30.6,30.65,15679,480961,24,,,nan,nan,nan,2020.0,0.0,,finmind,2026-07-17T15:22:30.084716+08:00
2021-01-06,30.65,31.35,30.05,30.9,67279,2058650,69,,,nan,nan,nan,2023.0,0.0,,finmind,2026-07-17T15:22:30.084716+08:00
2021-01-07,31.0,31.0,30.5,30.75,22360,685273,32,,,nan,nan,nan,2030.0,0.0,,finmind,2026-07-17T15:22:30.084716+08:00
2021-01-08,30.8,31.25,30.5,30.95,37381,1149468,41,,,nan,nan,nan,2042.0,0.0,,finmind,2026-07-17T15:22:30.084716+08:00
2021-01-11,30.95,30.95,30.5,30.95,64210,1971764,45,,,0.0,0.0,-4.0,2044.0,0.0,,finmind,2026-07-17T15:22:30.084716+08:00
2021-01-12,30.55,30.65,30.4,30.45,24261,740532,28,,,nan,nan,nan,2049.0,0.0,,finmind,2026-07-17T15:22:30.084716+08:00
2021-01-13,30.3,30.45,30.1,30.4,56026,1695145,58,,,nan,nan,nan,2062.0,0.0,,finmind,2026-07-17T15:22:30.084716+08:00
2021-01-14,30.35,30.35,29.75,30.2,19866,598753,34,,,0.0,0.0,2.0,2064.0,0.0,,finmind,2026-07-17T15:22:30.084716+08:00
2021-01-15,30.2,30.2,29.5,30.0,65161,1937677,59,,,nan,nan,nan,2086.0,0.0,,finmind,2026-07-17T15:22:30.084716+08:00
2021-01-18,29.9,29.95,29.8,29.95,18025,538932,27,,,0.0,0.0,17.0,2088.0,0.0,,finmind,2026-07-17T15:22:30.084716+08:00
2021-01-19,30.3,30.4,29.9,30.1,9044,272407,22,,,0.0,0.0,4.0,2037.0,0.0,,finmind,2026-07-17T15:22:30.084716+08:00
2021-01-20,30.1,30.1,29.7,29.8,8115,241718,17,,,nan,nan,nan,2039.0,0.0,,finmind,2026-07-17T15:22:30.084716+08:00
2021-01-21,29.5,30.3,29.5,29.95,15255,457963,18,,,nan,nan,nan,2037.0,1.0,,finmind,2026-07-17T15:22:30.084716+08:00
2021-01-22,29.95,29.95,29.9,29.9,8360,250014,22,,,nan,nan,nan,2038.0,1.0,,finmind,2026-07-17T15:22:30.084716+08:00
2021-01-25,29.4,29.85,29.4,29.85,29186,860986,44,,,0.0,0.0,2.0,2046.0,0.0,,finmind,2026-07-17T15:22:30.084716+08:00
2021-01-26,29.45,29.8,29.45,29.8,18173,539160,22,,,0.0,0.0,1.0,2055.0,2.0,,finmind,2026-07-17T15:22:30.084716+08:00
2021-01-27,29.6,29.75,29.5,29.7,8254,244634,24,,,0.0,0.0,-1.0,2060.0,2.0,,finmind,2026-07-17T15:22:30.084716+08:00
2021-01-28,29.7,29.7,29.4,29.6,13023,384031,19,,,0.0,0.0,1.0,2061.0,2.0,,finmind,2026-07-17T15:22:30.084716+08:00
2021-01-29,29.5,29.5,29.3,29.45,19061,560285,25,,,0.0,0.0,-3.0,1966.0,1.0,,finmind,2026-07-17T15:22:30.084716+08:00
2021-02-01,29.45,29.95,29.3,29.8,25004,740715,26,,,nan,nan,nan,1977.0,0.0,,finmind,2026-07-17T15:22:30.084716+08:00
2021-02-02,29.8,30.25,29.6,30.25,26148,783856,24,,,nan,nan,nan,1988.0,1.0,,finmind,2026-07-17T15:22:30.084716+08:00
2021-02-03,30.25,30.25,29.9,30.15,30099,908488,39,,,0.0,0.0,1.0,1991.0,0.0,,finmind,2026-07-17T15:22:30.084716+08:00
2021-02-04,30.1,30.1,29.7,30.0,18062,540417,27,,,0.0,0.0,-24.0,1991.0,0.0,,finmind,2026-07-17T15:22:30.084716+08:00
2021-02-05,29.95,29.95,29.85,29.85,28118,840017,28,,,0.0,0.0,1.0,1972.0,0.0,,finmind,2026-07-17T15:22:30.084716+08:00
2021-02-17,29.95,29.95,29.8,29.9,42534,1271364,38,,,-1000.0,0.0,0.0,1973.0,0.0,,finmind,2026-07-17T15:22:30.084716+08:00
2021-02-18,29.55,29.9,29.55,29.9,156414,4652735,50,,,nan,nan,nan,2001.0,0.0,,finmind,2026-07-17T15:22:30.084716+08:00
2021-02-19,29.9,29.9,29.6,29.9,63703,1897467,44,,,0.0,0.0,0.0,2019.0,0.0,,finmind,2026-07-17T15:22:30.084716+08:00
2021-02-22,29.65,30.7,29.6,30.05,160002,4768215,90,,,0.0,0.0,-1.0,2092.0,0.0,,finmind,2026-07-17T15:22:30.084716+08:00
2021-02-23,30.05,30.3,29.6,29.85,71186,2132175,47,,,0.0,0.0,1.0,2116.0,0.0,,finmind,2026-07-17T15:22:30.084716+08:00
2021-02-24,29.9,29.95,29.6,29.8,90372,2688085,52,,,0.0,0.0,-1.0,2151.0,0.0,,finmind,2026-07-17T15:22:30.084716+08:00
2021-02-25,29.95,30.0,29.75,29.95,16030,479321,24,,,0.0,0.0,27.0,2156.0,0.0,,finmind,2026-07-17T15:22:30.084716+08:00
2021-02-26,29.95,29.95,29.6,29.9,65081,1936819,52,,,nan,nan,nan,2149.0,0.0,,finmind,2026-07-17T15:22:30.084716+08:00
2021-03-02,29.85,30.1,29.85,30.1,13167,395257,16,,,nan,nan,nan,2152.0,0.0,,finmind,2026-07-17T15:22:30.084716+08:00
2021-03-03,30.0,30.25,29.75,30.0,76110,2279683,60,,,0.0,0.0,-27.0,2150.0,0.0,,finmind,2026-07-17T15:22:30.084716+08:00
2021-03-04,29.9,30.25,29.8,30.2,80111,2404492,55,,,nan,nan,nan,2141.0,0.0,,finmind,2026-07-17T15:22:30.084716+08:00
2021-03-05,30.0,30.2,29.7,30.1,91303,2724626,82,,,nan,nan,nan,2136.0,0.0,,finmind,2026-07-17T15:22:30.084716+08:00
2021-03-08,30.25,30.3,29.7,30.25,159809,4770532,122,,,1000.0,0.0,0.0,2129.0,1.0,,finmind,2026-07-17T15:22:30.084716+08:00
2021-03-09,30.05,30.2,29.8,30.2,46481,1392141,47,,,0.0,0.0,12.0,2108.0,0.0,,finmind,2026-07-17T15:22:30.084716+08:00
2021-03-10,30.0,30.1,29.85,29.9,58481,1747948,48,,,0.0,0.0,-1.0,2088.0,0.0,,finmind,2026-07-17T15:22:30.084716+08:00
2021-03-11,29.9,30.05,29.7,29.95,49019,1464754,47,,,nan,nan,nan,2083.0,0.0,,finmind,2026-07-17T15:22:30.084716+08:00
2021-03-12,30.0,30.1,29.9,29.95,27121,812587,28,,,0.0,0.0,1.0,2074.0,0.0,,finmind,2026-07-17T15:22:30.084716+08:00
2021-03-15,30.05,30.05,29.65,29.85,86170,2571204,132,,,0.0,0.0,-8.0,2055.0,0.0,,finmind,2026-07-17T15:22:30.084716+08:00
2021-03-16,30.05,30.05,29.55,29.7,105180,3121067,115,,,nan,nan,nan,2011.0,0.0,,finmind,2026-07-17T15:22:30.084716+08:00
2021-03-17,29.8,29.95,29.5,29.9,109047,3243349,89,,,0.0,0.0,-4.0,1989.0,2.0,,finmind,2026-07-17T15:22:30.084716+08:00
2021-03-18,29.9,30.1,29.9,30.05,49364,1481168,51,,,0.0,0.0,6.0,2007.0,0.0,,finmind,2026-07-17T15:22:30.084716+08:00
2021-03-19,30.0,30.1,29.9,30.05,39273,1176963,52,,,0.0,0.0,-6.0,2009.0,0.0,,finmind,2026-07-17T15:22:30.084716+08:00
2021-03-22,30.1,30.1,29.8,30.0,50570,1513074,37,,,nan,nan,nan,2021.0,0.0,,finmind,2026-07-17T15:22:30.084716+08:00
2021-03-23,29.95,30.3,29.8,30.05,97794,2937911,83,,,nan,nan,nan,2014.0,0.0,,finmind,2026-07-17T15:22:30.084716+08:00
2021-03-24,30.05,30.15,29.8,30.1,69025,2067391,40,,,0.0,0.0,7.0,2021.0,0.0,,finmind,2026-07-17T15:22:30.084716+08:00
2021-03-25,30.1,30.25,30.0,30.2,43881,1320660,40,,,0.0,0.0,-7.0,2006.0,2.0,,finmind,2026-07-17T15:22:30.084716+08:00
2021-03-26,30.25,30.35,29.8,30.05,227707,6816767,155,,,nan,nan,nan,1998.0,2.0,,finmind,2026-07-17T15:22:30.084716+08:00
2021-03-29,30.25,30.25,29.7,29.85,182038,5433292,141,,,nan,nan,nan,2028.0,2.0,,finmind,2026-07-17T15:22:30.084716+08:00
2021-03-30,29.9,29.95,29.7,29.85,84421,2516264,83,,,nan,nan,nan,2043.0,2.0,,finmind,2026-07-17T15:22:30.084716+08:00
2021-03-31,29.85,29.85,29.75,29.8,74409,2217029,72,,,nan,nan,nan,2064.0,2.0,,finmind,2026-07-17T15:22:30.084716+08:00
2021-04-01,29.9,30.05,29.7,29.8,238132,7091527,136,,,0.0,0.0,1.0,2098.0,2.0,,finmind,2026-07-17T15:22:30.084716+08:00
2021-04-06,29.9,30.15,29.7,30.05,196975,5890846,110,,,-11000.0,0.0,0.0,2063.0,2.0,,finmind,2026-07-17T15:22:30.084716+08:00
2021-04-07,30.05,30.3,29.7,30.2,318459,9518764,190,,,3000.0,0.0,-1.0,2074.0,3.0,,finmind,2026-07-17T15:22:30.084716+08:00
2021-04-08,30.3,30.8,29.7,30.35,718118,21563732,346,,,4000.0,0.0,0.0,2088.0,2.0,,finmind,2026-07-17T15:22:30.084716+08:00
2021-04-09,30.5,30.5,29.8,29.95,249202,7468271,158,,,3000.0,0.0,0.0,2114.0,2.0,,finmind,2026-07-17T15:22:30.084716+08:00
2021-04-12,30.0,30.05,29.8,30.0,352223,10528109,207,,,1000.0,0.0,0.0,2159.0,2.0,,finmind,2026-07-17T15:22:30.084716+08:00
2021-04-13,30.0,30.15,29.8,29.85,282337,8434651,144,,,nan,nan,nan,2183.0,2.0,,finmind,2026-07-17T15:22:30.084716+08:00
2021-04-14,29.85,29.95,28.5,29.7,321275,9474680,231,,,10000.0,0.0,0.0,2241.0,2.0,,finmind,2026-07-17T15:22:30.084716+08:00
2021-04-15,29.65,29.85,29.5,29.8,60543,1797458,51,,,-4000.0,0.0,0.0,2225.0,3.0,,finmind,2026-07-17T15:22:30.084716+08:00
2021-04-16,29.8,29.95,29.7,29.95,42860,1277190,48,,,-3000.0,0.0,1.0,2192.0,3.0,,finmind,2026-07-17T15:22:30.084716+08:00
2021-04-19,29.8,29.95,29.75,29.8,225501,6725637,182,,,nan,nan,nan,2182.0,1.0,,finmind,2026-07-17T15:22:30.084716+08:00
2021-04-20,29.8,29.8,29.5,29.6,168158,4981207,137,,,0.0,0.0,0.0,2187.0,1.0,,finmind,2026-07-17T15:22:30.084716+08:00
2021-04-21,29.8,29.8,29.65,29.8,73030,2170579,68,,,-1000.0,0.0,0.0,2167.0,0.0,,finmind,2026-07-17T15:22:30.084716+08:00
2021-04-22,29.8,29.9,29.5,29.55,256206,7597580,197,,,5000.0,0.0,-1.0,2193.0,0.0,,finmind,2026-07-17T15:22:30.084716+08:00
2021-04-23,29.5,29.7,29.4,29.5,179318,5289738,155,,,-11000.0,0.0,0.0,2202.0,0.0,,finmind,2026-07-17T15:22:30.084716+08:00
2021-04-26,29.5,29.6,29.3,29.5,123016,3618466,102,,,10000.0,0.0,0.0,2218.0,0.0,,finmind,2026-07-17T15:22:30.084716+08:00
2021-04-27,29.6,29.85,29.45,29.7,68132,2011687,70,,,6000.0,0.0,0.0,2223.0,0.0,,finmind,2026-07-17T15:22:30.084716+08:00
2021-04-28,29.9,29.9,29.4,29.6,225469,6673153,155,,,11000.0,0.0,0.0,2267.0,0.0,,finmind,2026-07-17T15:22:30.084716+08:00
2021-04-29,29.65,29.85,29.2,29.3,402296,11806868,262,,,17000.0,0.0,0.0,2319.0,0.0,,finmind,2026-07-17T15:22:30.084716+08:00
2021-05-03,29.35,29.4,29.0,29.3,256778,7493399,201,,,-3000.0,0.0,0.0,2344.0,0.0,,finmind,2026-07-17T15:22:30.084716+08:00
2021-05-04,29.25,29.5,28.7,29.1,204229,5927912,155,,,4000.0,0.0,0.0,2370.0,0.0,,finmind,2026-07-17T15:22:30.084716+08:00
2021-05-05,29.0,29.0,28.7,28.95,161617,4658933,157,,,6000.0,0.0,3.0,2407.0,0.0,,finmind,2026-07-17T15:22:30.084716+08:00
2021-05-06,28.9,29.05,28.75,29.05,95119,2748214,84,,,2000.0,0.0,0.0,2368.0,0.0,,finmind,2026-07-17T15:22:30.084716+08:00
2021-05-07,29.15,29.2,28.95,29.1,35418,1028550,49,,,0.0,0.0,0.0,2372.0,0.0,,finmind,2026-07-17T15:22:30.084716+08:00
2021-05-10,29.05,29.05,28.85,29.0,75079,2170709,128,,,4000.0,0.0,0.0,2372.0,0.0,,finmind,2026-07-17T15:22:30.084716+08:00
2021-05-11,28.9,28.95,28.4,28.55,172825,4942689,153,,,-5000.0,0.0,0.0,2338.0,0.0,,finmind,2026-07-17T15:22:30.084716+08:00
2021-05-12,28.4,28.65,27.85,28.05,173588,4878559,125,,,-17000.0,0.0,-3.0,2321.0,0.0,,finmind,2026-07-17T15:22:30.084716+08:00
2021-05-13,27.8,28.0,27.6,27.85,111413,3097085,85,,,16000.0,0.0,0.0,2295.0,0.0,,finmind,2026-07-17T15:22:30.084716+08:00
2021-05-14,29.6,29.6,28.0,28.1,87024,2483025,78,,,-4000.0,0.0,0.0,2298.0,0.0,,finmind,2026-07-17T15:22:30.084716+08:00
2021-05-17,27.55,27.95,27.3,27.65,86095,2371766,86,,,5000.0,0.0,0.0,2279.0,0.0,,finmind,2026-07-17T15:22:30.084716+08:00
2021-05-18,27.95,28.65,27.95,28.55,81172,2299397,58,,,5000.0,0.0,2.0,2281.0,0.0,,finmind,2026-07-17T15:22:30.084716+08:00
2021-05-19,28.9,29.0,28.7,28.95,54124,1561845,53,,,0.0,0.0,-2.0,2273.0,0.0,,finmind,2026-07-17T15:22:30.084716+08:00
2021-05-20,29.0,29.5,28.95,29.15,63023,1836415,65,,,-1000.0,0.0,6.0,2272.0,0.0,,finmind,2026-07-17T15:22:30.084716+08:00
2021-05-21,29.45,29.7,29.15,29.35,64599,1899879,68,,,-4000.0,0.0,-6.0,2210.0,0.0,,finmind,2026-07-17T15:22:30.084716+08:00
2021-05-24,28.9,29.35,28.8,29.3,42102,1231032,38,,,1000.0,0.0,0.0,2210.0,1.0,,finmind,2026-07-17T15:22:30.084716+08:00
2021-05-25,29.45,29.45,29.2,29.2,32870,966240,41,,,-1000.0,0.0,0.0,2208.0,1.0,,finmind,2026-07-17T15:22:30.084716+08:00
2021-05-26,29.3,29.45,29.0,29.45,26531,774729,36,,,nan,nan,nan,2207.0,0.0,,finmind,2026-07-17T15:22:30.084716+08:00
2021-05-27,29.45,29.5,29.0,29.25,28288,825837,38,,,2000.0,0.0,0.0,2210.0,0.0,,finmind,2026-07-17T15:22:30.084716+08:00
2021-05-28,29.25,29.25,29.2,29.25,19625,573589,33,,,nan,nan,nan,2214.0,0.0,,finmind,2026-07-17T15:22:30.084716+08:00
2021-05-31,29.1,29.25,28.95,29.1,52952,1536889,57,,,nan,nan,nan,2212.0,0.0,,finmind,2026-07-17T15:22:30.084716+08:00
2021-06-01,29.0,29.2,28.95,29.0,39292,1141639,31,,,nan,nan,nan,2212.0,0.0,,finmind,2026-07-17T15:22:30.084716+08:00
2021-06-02,29.0,29.25,28.8,29.1,76092,2208326,44,,,nan,nan,nan,2167.0,0.0,,finmind,2026-07-17T15:22:30.084716+08:00
2021-06-03,29.1,29.1,28.9,28.9,92744,2683323,64,,,nan,nan,nan,2162.0,0.0,,finmind,2026-07-17T15:22:30.084716+08:00
2021-06-04,28.95,28.95,28.8,28.8,58547,1687459,46,,,nan,nan,nan,2148.0,0.0,,finmind,2026-07-17T15:22:30.084716+08:00
2021-06-07,28.85,28.85,28.8,28.85,32173,927028,38,,,nan,nan,nan,2146.0,0.0,,finmind,2026-07-17T15:22:30.084716+08:00
2021-06-08,29.2,29.2,28.85,28.95,46121,1334988,40,,,nan,nan,nan,2128.0,0.0,,finmind,2026-07-17T15:22:30.084716+08:00
2021-06-09,29.3,29.3,28.8,28.95,54207,1567240,54,,,1000.0,0.0,0.0,2128.0,0.0,,finmind,2026-07-17T15:22:30.084716+08:00
2021-06-10,28.85,29.1,28.8,28.9,15228,439835,24,,,nan,nan,nan,2128.0,0.0,,finmind,2026-07-17T15:22:30.084716+08:00
2021-06-11,28.95,28.95,28.8,28.8,52843,1523338,68,,,nan,nan,nan,2100.0,0.0,,finmind,2026-07-17T15:22:30.084716+08:00
2021-06-15,28.8,29.05,28.6,29.0,72352,2092118,62,,,1000.0,0.0,0.0,2103.0,0.0,,finmind,2026-07-17T15:22:30.084716+08:00
2021-06-16,29.1,29.1,28.95,29.0,31188,903971,33,,,-1000.0,0.0,0.0,2093.0,0.0,,finmind,2026-07-17T15:22:30.084716+08:00
2021-06-17,29.1,29.1,29.0,29.05,33283,966473,27,,,nan,nan,nan,2085.0,0.0,,finmind,2026-07-17T15:22:30.084716+08:00
2021-06-18,29.0,29.05,28.95,29.05,23315,675964,25,,,nan,nan,nan,2080.0,0.0,,finmind,2026-07-17T15:22:30.084716+08:00
2021-06-21,29.0,29.05,28.7,28.95,16211,469187,29,,,-4000.0,0.0,0.0,2083.0,0.0,,finmind,2026-07-17T15:22:30.084716+08:00
2021-06-22,28.95,29.0,28.8,28.85,25353,732438,46,,,nan,nan,nan,2049.0,0.0,,finmind,2026-07-17T15:22:30.084716+08:00
2021-06-23,29.0,29.45,28.85,29.15,122198,3566138,82,,,1000.0,0.0,0.0,2038.0,0.0,,finmind,2026-07-17T15:22:30.084716+08:00
2021-06-24,29.3,29.3,29.1,29.2,46133,1347261,49,,,nan,nan,nan,1985.0,0.0,,finmind,2026-07-17T15:22:30.084716+08:00
2021-06-25,29.2,29.25,29.1,29.25,36036,1050748,33,,,nan,nan,nan,1922.0,0.0,,finmind,2026-07-17T15:22:30.084716+08:00
2021-06-28,29.2,29.25,29.1,29.2,23269,678479,23,,,1000.0,0.0,0.0,1910.0,0.0,,finmind,2026-07-17T15:22:30.084716+08:00
2021-06-29,29.2,29.3,28.6,29.0,55166,1598673,48,,,1000.0,0.0,0.0,1919.0,0.0,,finmind,2026-07-17T15:22:30.084716+08:00
2021-06-30,29.1,29.15,29.05,29.15,54714,1591423,51,,,nan,nan,nan,1902.0,0.0,,finmind,2026-07-17T15:22:30.084716+08:00
2021-07-01,29.15,29.15,28.9,29.05,34117,988920,39,,,nan,nan,nan,1913.0,0.0,,finmind,2026-07-17T15:22:30.084716+08:00
2021-07-02,29.1,29.15,29.0,29.1,24128,701601,34,,,nan,nan,nan,1920.0,0.0,,finmind,2026-07-17T15:22:30.084716+08:00
2021-07-05,29.1,29.1,29.0,29.1,50492,1467732,54,,,2000.0,0.0,0.0,1927.0,0.0,,finmind,2026-07-17T15:22:30.084716+08:00
2021-07-06,29.1,29.1,28.9,28.95,130433,3780896,70,,,-3000.0,0.0,0.0,1876.0,0.0,,finmind,2026-07-17T15:22:30.084716+08:00
2021-07-07,29.15,29.15,28.9,29.0,36035,1045914,45,,,-1000.0,0.0,0.0,1865.0,0.0,,finmind,2026-07-17T15:22:30.084716+08:00
2021-07-08,29.05,29.15,28.9,29.15,38097,1107555,37,,,5000.0,0.0,0.0,1864.0,0.0,,finmind,2026-07-17T15:22:30.084716+08:00
2021-07-09,29.1,29.45,29.05,29.25,56337,1650169,46,,,-5000.0,0.0,3.0,1863.0,0.0,,finmind,2026-07-17T15:22:30.084716+08:00
2021-07-12,29.55,30.05,29.55,29.8,281413,8394436,157,,,-15000.0,0.0,0.0,1921.0,0.0,,finmind,2026-07-17T15:22:30.084716+08:00
2021-07-13,29.95,30.0,29.75,29.8,154346,4612127,115,,,-8000.0,0.0,-3.0,1921.0,0.0,,finmind,2026-07-17T15:22:30.084716+08:00
2021-07-14,30.0,30.0,29.85,29.85,53114,1586433,56,,,-1000.0,0.0,0.0,1907.0,0.0,,finmind,2026-07-17T15:22:30.084716+08:00
2021-07-15,29.95,29.95,29.8,29.9,57456,1716985,50,,,nan,nan,nan,1916.0,0.0,,finmind,2026-07-17T15:22:30.084716+08:00
2021-07-16,30.0,30.0,29.85,29.95,63745,1906635,58,,,0.0,0.0,1.0,1927.0,0.0,,finmind,2026-07-17T15:22:30.084716+08:00
2021-07-19,29.95,30.0,29.9,29.95,31144,933081,45,,,1000.0,0.0,-1.0,1932.0,0.0,,finmind,2026-07-17T15:22:30.084716+08:00
2021-07-20,29.9,29.95,29.7,29.85,48333,1442128,47,,,0.0,0.0,1.0,1902.0,0.0,,finmind,2026-07-17T15:22:30.084716+08:00
2021-07-21,29.95,29.95,29.75,29.9,39158,1169843,46,,,0.0,0.0,11.0,1920.0,0.0,,finmind,2026-07-17T15:22:30.084716+08:00
2021-07-22,29.9,29.95,29.85,29.9,34265,1025065,44,,,0.0,0.0,11.0,1842.0,0.0,,finmind,2026-07-17T15:22:30.084716+08:00
2021-07-23,29.9,30.0,29.75,30.0,43869,1310769,45,,,nan,nan,nan,1852.0,0.0,,finmind,2026-07-17T15:22:30.084716+08:00
2021-07-26,30.1,30.2,29.9,30.2,75253,2264576,62,,,-1000.0,0.0,-23.0,1839.0,0.0,,finmind,2026-07-17T15:22:30.084716+08:00
2021-07-27,30.2,30.25,30.1,30.1,40135,1211783,33,,,nan,nan,nan,1836.0,0.0,,finmind,2026-07-17T15:22:30.084716+08:00
2021-07-28,30.1,30.25,30.0,30.2,85555,2573651,57,,,0.0,0.0,1.0,1832.0,0.0,,finmind,2026-07-17T15:22:30.084716+08:00
2021-07-29,30.15,30.9,30.15,30.55,124383,3803893,86,,,-3000.0,0.0,0.0,1831.0,0.0,,finmind,2026-07-17T15:22:30.084716+08:00
2021-07-30,30.6,30.8,30.35,30.55,44747,1366610,66,,,-1000.0,0.0,-1.0,1828.0,0.0,,finmind,2026-07-17T15:22:30.084716+08:00
2021-08-02,30.8,30.8,30.3,30.4,33141,1011584,37,,,nan,nan,nan,1822.0,0.0,,finmind,2026-07-17T15:22:30.084716+08:00
2021-08-03,30.7,30.7,30.3,30.4,34539,1050008,41,,,nan,nan,nan,1817.0,0.0,,finmind,2026-07-17T15:22:30.084716+08:00
2021-08-04,31.0,32.1,31.0,31.75,433712,13713704,382,,,7118.0,0.0,0.0,1815.0,0.0,,finmind,2026-07-17T15:22:30.084716+08:00
2021-08-05,31.45,31.65,31.2,31.5,109967,3452351,107,,,-2000.0,0.0,0.0,1817.0,0.0,,finmind,2026-07-17T15:22:30.084716+08:00
2021-08-06,31.5,31.5,31.0,31.15,97472,3046857,102,,,nan,nan,nan,1821.0,0.0,,finmind,2026-07-17T15:22:30.084716+08:00
2021-08-09,31.15,31.55,30.9,31.05,656501,20389624,184,,,-2000.0,0.0,0.0,1841.0,0.0,,finmind,2026-07-17T15:22:30.084716+08:00
2021-08-10,31.05,31.05,30.7,30.8,125871,3889824,111,,,-5000.0,0.0,0.0,1840.0,0.0,,finmind,2026-07-17T15:22:30.084716+08:00
2021-08-11,30.8,30.8,30.65,30.65,176394,5416062,138,,,nan,nan,nan,1867.0,0.0,,finmind,2026-07-17T15:22:30.084716+08:00
2021-08-12,29.65,29.7,29.55,29.6,97546,2888366,80,,,nan,nan,nan,1863.0,0.0,,finmind,2026-07-17T15:22:30.084716+08:00
2021-08-13,29.7,29.9,29.6,29.9,112796,3354578,100,,,nan,nan,nan,1874.0,0.0,,finmind,2026-07-17T15:22:30.084716+08:00
2021-08-16,29.9,30.35,29.6,29.65,101851,3038240,84,,,-1000.0,0.0,0.0,1882.0,0.0,,finmind,2026-07-17T15:22:30.084716+08:00
2021-08-17,29.7,29.95,29.7,29.7,39255,1172393,42,,,nan,nan,nan,1883.0,0.0,,finmind,2026-07-17T15:22:30.084716+08:00
2021-08-18,29.7,29.75,29.5,29.65,65181,1931424,55,,,2000.0,0.0,0.0,1891.0,0.0,,finmind,2026-07-17T15:22:30.084716+08:00
2021-08-19,29.65,29.7,29.6,29.6,33097,980523,36,,,nan,nan,nan,1901.0,0.0,,finmind,2026-07-17T15:22:30.084716+08:00
2021-08-20,29.65,29.95,29.6,29.85,33002,982208,27,,,1000.0,0.0,0.0,1913.0,0.0,,finmind,2026-07-17T15:22:30.084716+08:00
2021-08-23,29.95,30.15,29.85,30.0,54853,1644373,58,,,nan,nan,nan,1920.0,0.0,,finmind,2026-07-17T15:22:30.084716+08:00
2021-08-24,30.0,30.0,29.9,30.0,24179,723526,29,,,nan,nan,nan,1929.0,0.0,,finmind,2026-07-17T15:22:30.084716+08:00
2021-08-25,30.0,30.05,29.9,30.05,76020,2278150,51,,,nan,nan,nan,1925.0,0.0,,finmind,2026-07-17T15:22:30.084716+08:00
2021-08-26,30.05,30.05,30.0,30.0,43260,1298851,43,,,nan,nan,nan,1910.0,0.0,,finmind,2026-07-17T15:22:30.084716+08:00
2021-08-27,30.0,30.2,30.0,30.2,35146,1055280,37,,,nan,nan,nan,1890.0,0.0,,finmind,2026-07-17T15:22:30.084716+08:00
2021-08-30,30.3,30.4,30.05,30.3,23121,698580,30,,,0.0,0.0,8.0,1896.0,0.0,,finmind,2026-07-17T15:22:30.084716+08:00
2021-08-31,30.3,30.45,30.3,30.35,27127,824395,39,,,0.0,0.0,-8.0,1898.0,0.0,,finmind,2026-07-17T15:22:30.084716+08:00
2021-09-01,30.35,30.6,30.35,30.5,57039,1739554,51,,,2000.0,0.0,0.0,1885.0,0.0,,finmind,2026-07-17T15:22:30.084716+08:00
2021-09-02,30.45,30.85,30.45,30.75,35412,1084835,50,,,nan,nan,nan,1896.0,0.0,,finmind,2026-07-17T15:22:30.084716+08:00
2021-09-03,30.8,30.9,30.7,30.8,59174,1820547,52,,,nan,nan,nan,1885.0,0.0,,finmind,2026-07-17T15:22:30.084716+08:00
2021-09-06,30.85,30.95,30.8,30.85,55423,1711989,57,,,-2000.0,0.0,0.0,1887.0,0.0,,finmind,2026-07-17T15:22:30.084716+08:00
2021-09-07,30.8,31.1,30.8,30.95,63298,1959660,55,,,-6000.0,0.0,0.0,1893.0,0.0,,finmind,2026-07-17T15:22:30.084716+08:00
2021-09-08,31.05,31.1,30.9,30.95,95177,2948135,86,,,-3000.0,0.0,0.0,1915.0,0.0,,finmind,2026-07-17T15:22:30.084716+08:00
2021-09-09,31.0,31.05,30.95,30.95,36477,1130249,46,,,2000.0,0.0,0.0,1886.0,0.0,,finmind,2026-07-17T15:22:30.084716+08:00
2021-09-10,31.0,31.05,30.9,31.0,84584,2619249,48,,,nan,nan,nan,1873.0,0.0,,finmind,2026-07-17T15:22:30.084716+08:00
2021-09-13,31.0,31.1,31.0,31.1,39295,1219951,50,,,nan,nan,nan,1862.0,0.0,,finmind,2026-07-17T15:22:30.084716+08:00
2021-09-14,31.1,31.2,31.1,31.15,46625,1451258,45,,,nan,nan,nan,1872.0,0.0,,finmind,2026-07-17T15:22:30.084716+08:00
2021-09-15,31.2,31.25,31.15,31.2,25466,794103,28,,,2000.0,0.0,0.0,1886.0,0.0,,finmind,2026-07-17T15:22:30.084716+08:00
2021-09-16,31.2,31.7,31.2,31.7,93911,2955552,90,,,nan,nan,nan,1879.0,0.0,,finmind,2026-07-17T15:22:30.084716+08:00
2021-09-17,31.7,31.9,31.5,31.7,78244,2481133,60,,,-2000.0,0.0,0.0,1885.0,0.0,,finmind,2026-07-17T15:22:30.084716+08:00
2021-09-22,31.8,31.8,31.6,31.7,34027,1076707,29,,,1000.0,0.0,0.0,1868.0,0.0,,finmind,2026-07-17T15:22:30.084716+08:00
2021-09-23,31.7,31.75,31.65,31.75,37102,1175678,43,,,1000.0,0.0,0.0,1872.0,0.0,,finmind,2026-07-17T15:22:30.084716+08:00
2021-09-24,31.8,32.3,31.8,32.1,56190,1797415,56,,,nan,nan,nan,1867.0,0.0,,finmind,2026-07-17T15:22:30.084716+08:00
2021-09-27,32.1,33.45,32.1,32.8,111310,3651113,108,,,-4000.0,0.0,0.0,1889.0,0.0,,finmind,2026-07-17T15:22:30.084716+08:00
2021-09-28,32.8,33.0,32.5,32.95,74924,2457819,68,,,-3000.0,0.0,0.0,1849.0,0.0,,finmind,2026-07-17T15:22:30.084716+08:00
2021-09-29,32.95,33.25,32.9,33.0,79713,2634981,88,,,-2000.0,0.0,0.0,1856.0,0.0,,finmind,2026-07-17T15:22:30.084716+08:00
2021-09-30,33.1,33.75,33.0,33.5,122107,4064405,125,,,0.0,0.0,0.0,1857.0,0.0,,finmind,2026-07-17T15:22:30.084716+08:00
2021-10-01,33.5,33.9,33.1,33.45,118166,3966488,120,,,-13000.0,0.0,0.0,1876.0,0.0,,finmind,2026-07-17T15:22:30.084716+08:00
2021-10-04,34.2,34.2,32.2,33.5,151963,5135030,134,,,-16000.0,0.0,0.0,1884.0,0.0,,finmind,2026-07-17T15:22:30.084716+08:00
2021-10-05,33.0,34.0,32.2,32.5,159062,5214492,131,,,0.0,0.0,0.0,1916.0,0.0,,finmind,2026-07-17T15:22:30.084716+08:00
2021-10-06,32.5,32.75,32.35,32.5,75503,2454022,65,,,-1000.0,0.0,1.0,1914.0,0.0,,finmind,2026-07-17T15:22:30.084716+08:00
2021-10-07,32.5,32.8,32.5,32.65,29683,969777,51,,,2000.0,0.0,-1.0,1917.0,0.0,,finmind,2026-07-17T15:22:30.084716+08:00
2021-10-08,32.65,32.9,32.4,32.5,67125,2181370,54,,,nan,nan,nan,1909.0,0.0,,finmind,2026-07-17T15:22:30.084716+08:00
2021-10-12,32.35,32.75,32.35,32.75,74103,2406106,57,,,5000.0,0.0,0.0,1901.0,0.0,,finmind,2026-07-17T15:22:30.084716+08:00
2021-10-13,32.85,32.85,32.5,32.7,42031,1368634,30,,,5000.0,0.0,0.0,1888.0,0.0,,finmind,2026-07-17T15:22:30.084716+08:00
2021-10-14,32.7,32.8,32.3,32.35,134124,4356033,92,,,-8000.0,0.0,0.0,1885.0,0.0,,finmind,2026-07-17T15:22:30.084716+08:00
2021-10-15,32.45,32.7,32.4,32.5,49307,1600482,42,,,nan,nan,nan,1884.0,0.0,,finmind,2026-07-17T15:22:30.084716+08:00
2021-10-18,32.55,32.55,32.45,32.5,39249,1276855,33,,,nan,nan,nan,1878.0,0.0,,finmind,2026-07-17T15:22:30.084716+08:00
2021-10-19,32.7,32.8,32.3,32.6,44132,1433340,41,,,nan,nan,nan,1860.0,0.0,,finmind,2026-07-17T15:22:30.084716+08:00
2021-10-20,32.6,32.7,32.4,32.65,42077,1367552,32,,,nan,nan,nan,1861.0,0.0,,finmind,2026-07-17T15:22:30.084716+08:00
2021-10-21,32.5,32.75,32.5,32.65,65107,2118291,40,,,1000.0,0.0,0.0,1823.0,0.0,,finmind,2026-07-17T15:22:30.084716+08:00
2021-10-22,32.65,32.7,32.4,32.7,60253,1958247,46,,,nan,nan,nan,1806.0,0.0,,finmind,2026-07-17T15:22:30.084716+08:00
2021-10-25,32.7,32.75,32.5,32.7,28555,931641,32,,,1000.0,0.0,0.0,1812.0,0.0,,finmind,2026-07-17T15:22:30.084716+08:00
2021-10-26,32.7,32.85,32.65,32.8,63029,2061740,51,,,nan,nan,nan,1799.0,0.0,,finmind,2026-07-17T15:22:30.084716+08:00
2021-10-27,32.8,32.95,32.8,32.85,34369,1128056,43,,,1000.0,0.0,0.0,1796.0,0.0,,finmind,2026-07-17T15:22:30.084716+08:00
2021-10-28,32.9,32.95,32.65,32.65,44879,1471041,49,,,4000.0,0.0,0.0,1805.0,0.0,,finmind,2026-07-17T15:22:30.084716+08:00
2021-10-29,32.8,33.55,32.8,32.9,23457,774663,49,,,2000.0,0.0,0.0,1809.0,0.0,,finmind,2026-07-17T15:22:30.084716+08:00
2021-11-01,32.9,33.1,32.75,32.9,50288,1653487,47,,,2000.0,0.0,0.0,1806.0,0.0,,finmind,2026-07-17T15:22:30.084716+08:00
2021-11-02,32.9,32.95,32.7,32.8,33838,1110751,36,,,0.0,0.0,0.0,1810.0,0.0,,finmind,2026-07-17T15:22:30.084716+08:00
2021-11-03,32.5,32.5,31.5,32.1,393356,12514345,329,,,-3000.0,0.0,0.0,1829.0,0.0,,finmind,2026-07-17T15:22:30.084716+08:00
2021-11-04,32.1,32.1,31.75,32.1,47213,1507411,49,,,2000.0,0.0,0.0,1842.0,0.0,,finmind,2026-07-17T15:22:30.084716+08:00
2021-11-05,32.1,32.2,31.9,31.95,45822,1465531,57,,,1000.0,0.0,0.0,1820.0,0.0,,finmind,2026-07-17T15:22:30.084716+08:00
2021-11-08,31.95,31.95,31.7,31.95,30227,962720,35,,,nan,nan,nan,1829.0,0.0,,finmind,2026-07-17T15:22:30.084716+08:00
2021-11-09,31.95,32.2,31.75,32.15,32133,1026607,27,,,6000.0,0.0,0.0,1833.0,0.0,,finmind,2026-07-17T15:22:30.084716+08:00
2021-11-10,32.0,32.0,31.7,32.0,47020,1496679,48,,,-1000.0,0.0,0.0,1838.0,0.0,,finmind,2026-07-17T15:22:30.084716+08:00
2021-11-11,31.8,32.0,31.75,32.0,28214,896937,34,,,1000.0,0.0,0.0,1845.0,0.0,,finmind,2026-07-17T15:22:30.084716+08:00
2021-11-12,31.8,31.85,31.6,31.85,40101,1272480,42,,,-1000.0,0.0,0.0,1846.0,0.0,,finmind,2026-07-17T15:22:30.084716+08:00
2021-11-15,32.0,32.0,31.7,31.8,39680,1262218,48,,,-3000.0,0.0,0.0,1840.0,0.0,,finmind,2026-07-17T15:22:30.084716+08:00
2021-11-16,31.8,31.8,31.75,31.8,19786,628659,32,,,1000.0,0.0,1.0,1804.0,0.0,,finmind,2026-07-17T15:22:30.084716+08:00
2021-11-17,31.8,31.8,31.6,31.65,65018,2059061,79,,,-1000.0,0.0,-1.0,1816.0,0.0,,finmind,2026-07-17T15:22:30.084716+08:00
2021-11-18,31.85,31.85,31.5,31.65,88055,2785136,76,,,-1000.0,0.0,0.0,1815.0,0.0,,finmind,2026-07-17T15:22:30.084716+08:00
2021-11-19,31.65,31.65,31.5,31.6,45618,1438436,60,,,-1.0,0.0,0.0,1770.0,0.0,,finmind,2026-07-17T15:22:30.084716+08:00
2021-11-22,31.55,31.55,31.5,31.55,16033,505541,21,,,-1000.0,0.0,0.0,1765.0,0.0,,finmind,2026-07-17T15:22:30.084716+08:00
2021-11-23,31.6,31.8,31.55,31.8,32056,1012872,26,,,1000.0,0.0,0.0,1767.0,0.0,,finmind,2026-07-17T15:22:30.084716+08:00
2021-11-24,31.8,31.8,31.75,31.8,18305,581920,28,,,nan,nan,nan,1768.0,0.0,,finmind,2026-07-17T15:22:30.084716+08:00
2021-11-25,31.8,31.8,31.75,31.8,28004,889775,23,,,nan,nan,nan,1742.0,0.0,,finmind,2026-07-17T15:22:30.084716+08:00
2021-11-26,31.7,31.7,31.6,31.7,23047,729436,28,,,-1000.0,0.0,0.0,1744.0,0.0,,finmind,2026-07-17T15:22:30.084716+08:00
2021-11-29,31.3,31.65,31.2,31.65,15402,483242,21,,,nan,nan,nan,1748.0,0.0,,finmind,2026-07-17T15:22:30.084716+08:00
2021-11-30,31.5,31.65,31.45,31.6,51371,1619240,60,,,1000.0,0.0,0.0,1762.0,0.0,,finmind,2026-07-17T15:22:30.084716+08:00
2021-12-01,31.45,31.45,31.2,31.4,49256,1540682,64,,,-1000.0,0.0,0.0,1753.0,0.0,,finmind,2026-07-17T15:22:30.084716+08:00
2021-12-02,31.45,31.45,31.25,31.4,25407,795118,28,,,1000.0,0.0,0.0,1759.0,0.0,,finmind,2026-07-17T15:22:30.084716+08:00
2021-12-03,31.45,31.6,31.2,31.4,73158,2289225,49,,,8000.0,0.0,0.0,1763.0,0.0,,finmind,2026-07-17T15:22:30.084716+08:00
2021-12-06,31.2,31.45,31.15,31.45,21100,659594,16,,,nan,nan,nan,1763.0,0.0,,finmind,2026-07-17T15:22:30.084716+08:00
2021-12-07,31.3,31.45,31.3,31.4,26541,831325,36,,,-1.0,0.0,0.0,1772.0,0.0,,finmind,2026-07-17T15:22:30.084716+08:00
2021-12-08,31.45,31.45,31.1,31.2,129575,4042025,102,,,8000.0,0.0,0.0,1777.0,0.0,,finmind,2026-07-17T15:22:30.084716+08:00
2021-12-09,31.2,31.2,31.15,31.2,23716,739656,31,,,-1000.0,0.0,0.0,1777.0,0.0,,finmind,2026-07-17T15:22:30.084716+08:00
2021-12-10,31.2,31.2,31.1,31.2,23127,719961,22,,,-1000.0,0.0,0.0,1779.0,0.0,,finmind,2026-07-17T15:22:30.084716+08:00
2021-12-13,31.45,31.45,31.05,31.2,61113,1908130,52,,,-1000.0,0.0,0.0,1776.0,0.0,,finmind,2026-07-17T15:22:30.084716+08:00
2021-12-14,31.15,31.15,31.0,31.1,72030,2235992,50,,,-1000.0,0.0,0.0,1773.0,0.0,,finmind,2026-07-17T15:22:30.084716+08:00
2021-12-15,31.2,31.2,31.15,31.15,12094,377298,18,,,-1000.0,0.0,0.0,1773.0,0.0,,finmind,2026-07-17T15:22:30.084716+08:00
2021-12-16,31.15,31.2,31.15,31.2,19041,593719,25,,,0.0,0.0,3.0,1773.0,0.0,,finmind,2026-07-17T15:22:30.084716+08:00
2021-12-17,31.05,31.2,31.05,31.2,38020,1183622,30,,,2000.0,0.0,0.0,1776.0,0.0,,finmind,2026-07-17T15:22:30.084716+08:00
2021-12-20,31.2,31.35,31.2,31.2,97026,3029907,107,,,-7000.0,0.0,0.0,1754.0,0.0,,finmind,2026-07-17T15:22:30.084716+08:00
2021-12-21,31.3,31.3,31.15,31.25,20465,638914,59,,,-1000.0,0.0,-3.0,1754.0,0.0,,finmind,2026-07-17T15:22:30.084716+08:00
2021-12-22,31.25,31.4,31.25,31.25,30358,950704,34,,,3000.0,0.0,0.0,1752.0,0.0,,finmind,2026-07-17T15:22:30.084716+08:00
2021-12-23,31.25,31.35,31.2,31.3,8012,250675,11,,,nan,nan,nan,1735.0,0.0,,finmind,2026-07-17T15:22:30.084716+08:00
2021-12-24,31.25,31.35,31.2,31.3,25531,798481,30,,,-1000.0,0.0,0.0,1745.0,0.0,,finmind,2026-07-17T15:22:30.084716+08:00
2021-12-27,31.3,31.5,31.3,31.5,28008,879401,22,,,nan,nan,nan,1740.0,0.0,,finmind,2026-07-17T15:22:30.084716+08:00
2021-12-28,31.6,31.65,31.55,31.55,52253,1650366,59,,,nan,nan,nan,1742.0,0.0,,finmind,2026-07-17T15:22:30.084716+08:00
2021-12-29,31.65,31.65,31.6,31.65,33525,1060370,36,,,1000.0,0.0,0.0,1753.0,0.0,,finmind,2026-07-17T15:22:30.084716+08:00
2021-12-30,31.65,31.8,31.65,31.8,19105,605475,32,,,nan,nan,nan,1748.0,0.0,,finmind,2026-07-17T15:22:30.084716+08:00
2022-01-03,31.8,31.85,31.7,31.85,34180,1086102,34,,,nan,nan,nan,1752.0,0.0,,finmind,2026-07-17T15:22:30.084716+08:00
2022-01-04,31.85,31.9,31.75,31.9,45694,1454013,57,,,-2000.0,0.0,0.0,1743.0,0.0,,finmind,2026-07-17T15:22:30.084716+08:00
2022-01-05,32.7,32.7,31.9,32.1,61585,1994616,63,,,-2000.0,0.0,0.0,1745.0,0.0,,finmind,2026-07-17T15:22:30.084716+08:00
2022-01-06,32.0,32.05,31.85,32.05,22218,708650,32,,,-2000.0,0.0,0.0,1753.0,0.0,,finmind,2026-07-17T15:22:30.084716+08:00
2022-01-07,32.05,32.4,31.85,32.2,28527,912170,37,,,-2000.0,0.0,0.0,1764.0,0.0,,finmind,2026-07-17T15:22:30.084716+08:00
2022-01-10,32.15,32.15,32.0,32.0,19475,623971,111,,,1000.0,0.0,0.0,1764.0,0.0,,finmind,2026-07-17T15:22:30.084716+08:00
2022-01-11,32.0,32.0,31.95,31.95,29413,939808,57,,,1885.0,0.0,0.0,1757.0,0.0,,finmind,2026-07-17T15:22:30.084716+08:00
2022-01-12,31.9,32.0,31.85,32.0,17984,573541,38,,,nan,nan,nan,1766.0,0.0,,finmind,2026-07-17T15:22:30.084716+08:00
2022-01-13,31.95,32.05,31.9,32.0,14414,460847,20,,,855.0,0.0,0.0,1770.0,0.0,,finmind,2026-07-17T15:22:30.084716+08:00
2022-01-14,32.0,32.0,31.7,31.85,40234,1280518,39,,,1000.0,0.0,0.0,1775.0,0.0,,finmind,2026-07-17T15:22:30.084716+08:00
2022-01-17,32.0,32.0,31.8,31.85,32877,1048070,36,,,-385.0,0.0,0.0,1775.0,0.0,,finmind,2026-07-17T15:22:30.084716+08:00
2022-01-18,31.9,32.0,31.85,31.85,24696,787953,68,,,7000.0,0.0,0.0,1769.0,0.0,,finmind,2026-07-17T15:22:30.084716+08:00
2022-01-19,31.8,31.8,31.7,31.75,33365,1058600,60,,,-3000.0,0.0,0.0,1759.0,0.0,,finmind,2026-07-17T15:22:30.084716+08:00
2022-01-20,31.75,31.8,31.75,31.8,11764,373877,25,,,0.0,0.0,0.0,1752.0,0.0,,finmind,2026-07-17T15:22:30.084716+08:00
2022-01-21,31.75,31.95,31.6,31.95,38331,1214843,42,,,-5000.0,0.0,0.0,1750.0,0.0,,finmind,2026-07-17T15:22:30.084716+08:00
2022-01-24,31.75,31.75,31.6,31.7,43588,1380570,69,,,3000.0,0.0,0.0,1752.0,0.0,,finmind,2026-07-17T15:22:30.084716+08:00
2022-01-25,31.6,31.6,31.5,31.55,29362,926253,52,,,nan,nan,nan,1752.0,1.0,,finmind,2026-07-17T15:22:30.084716+08:00
2022-01-26,31.55,31.55,31.45,31.45,35633,1121050,44,,,2000.0,0.0,0.0,1752.0,1.0,,finmind,2026-07-17T15:22:30.084716+08:00
2022-02-07,31.45,31.6,31.45,31.5,54894,1730047,107,,,4000.0,0.0,0.0,1752.0,1.0,,finmind,2026-07-17T15:22:30.084716+08:00
2022-02-08,31.5,31.95,31.45,31.95,44019,1387606,75,,,7000.0,0.0,0.0,1739.0,0.0,,finmind,2026-07-17T15:22:30.084716+08:00
2022-02-09,31.7,31.85,31.7,31.85,3447,109704,15,,,-1000.0,0.0,0.0,1730.0,0.0,,finmind,2026-07-17T15:22:30.084716+08:00
2022-02-10,32.2,32.2,32.0,32.0,35511,1138951,49,,,-8000.0,0.0,0.0,1730.0,0.0,,finmind,2026-07-17T15:22:30.084716+08:00
2022-02-11,32.05,32.05,31.55,31.6,64531,2044764,105,,,nan,nan,nan,1748.0,0.0,,finmind,2026-07-17T15:22:30.084716+08:00
2022-02-14,31.6,31.85,31.6,31.85,10143,322368,21,,,nan,nan,nan,1748.0,0.0,,finmind,2026-07-17T15:22:30.084716+08:00
2022-02-15,31.8,31.85,31.7,31.85,50361,1601337,71,,,0.0,0.0,0.0,1748.0,0.0,,finmind,2026-07-17T15:22:30.084716+08:00
2022-02-16,31.85,31.9,31.85,31.9,50210,1601634,50,,,nan,nan,nan,1718.0,0.0,,finmind,2026-07-17T15:22:30.084716+08:00
2022-02-17,31.95,32.0,31.95,32.0,33215,1061381,51,,,-1000.0,0.0,0.0,1718.0,0.0,,finmind,2026-07-17T15:22:30.084716+08:00
2022-02-18,32.0,32.0,31.95,32.0,15173,485710,28,,,1000.0,0.0,0.0,1678.0,0.0,,finmind,2026-07-17T15:22:30.084716+08:00
2022-02-21,32.05,32.05,31.9,31.9,41189,1316970,56,,,0.0,0.0,0.0,1678.0,0.0,,finmind,2026-07-17T15:22:30.084716+08:00
2022-02-22,31.9,31.95,31.85,31.95,40005,1276912,30,,,nan,nan,nan,1678.0,0.0,,finmind,2026-07-17T15:22:30.084716+08:00
2022-02-23,31.95,31.95,31.8,31.85,60283,1918648,66,,,nan,nan,nan,1692.0,0.0,,finmind,2026-07-17T15:22:30.084716+08:00
2022-02-24,31.8,31.8,31.65,31.7,54217,1719527,40,,,0.0,0.0,0.0,1692.0,0.0,,finmind,2026-07-17T15:22:30.084716+08:00
2022-02-25,31.6,31.9,31.55,31.9,37046,1170356,33,,,nan,nan,nan,1693.0,0.0,,finmind,2026-07-17T15:22:30.084716+08:00
2022-03-01,31.6,31.7,31.6,31.65,23090,730653,28,,,1000.0,0.0,0.0,1693.0,0.0,,finmind,2026-07-17T15:22:30.084716+08:00
2022-03-02,31.6,31.8,31.6,31.7,20168,639421,20,,,1000.0,0.0,0.0,1693.0,0.0,,finmind,2026-07-17T15:22:30.084716+08:00
2022-03-03,31.8,32.15,31.7,31.7,89122,2847033,79,,,4000.0,0.0,0.0,1695.0,0.0,,finmind,2026-07-17T15:22:30.084716+08:00
2022-03-04,31.65,32.0,31.6,31.9,36332,1150723,53,,,nan,nan,nan,1702.0,0.0,,finmind,2026-07-17T15:22:30.084716+08:00
2022-03-07,31.55,31.6,31.1,31.5,97445,3058551,81,,,-9000.0,0.0,0.0,1701.0,0.0,,finmind,2026-07-17T15:22:30.084716+08:00
2022-03-08,31.5,31.5,31.15,31.15,35387,1106700,140,,,1000.0,0.0,0.0,1701.0,0.0,,finmind,2026-07-17T15:22:30.084716+08:00
2022-03-09,31.5,31.5,31.35,31.5,8169,257113,21,,,-1000.0,0.0,0.0,1701.0,0.0,,finmind,2026-07-17T15:22:30.084716+08:00
2022-03-10,31.5,31.75,31.5,31.65,9899,312624,117,,,nan,nan,nan,1702.0,0.0,,finmind,2026-07-17T15:22:30.084716+08:00
2022-03-11,31.35,31.45,31.25,31.45,52025,1631541,52,,,3000.0,0.0,0.0,1716.0,0.0,,finmind,2026-07-17T15:22:30.084716+08:00
2022-03-14,31.5,31.6,31.45,31.5,39038,1230149,36,,,nan,nan,nan,1716.0,0.0,,finmind,2026-07-17T15:22:30.084716+08:00
2022-03-15,31.6,31.6,31.45,31.55,32029,1009469,24,,,0.0,0.0,0.0,1716.0,0.0,,finmind,2026-07-17T15:22:30.084716+08:00
2022-03-16,31.55,31.55,31.35,31.45,34102,1072571,31,,,4000.0,0.0,0.0,1720.0,0.0,,finmind,2026-07-17T15:22:30.084716+08:00
2022-03-17,31.45,34.55,31.45,34.55,1536375,52540757,842,,,-7362.0,0.0,0.0,1876.0,1.0,,finmind,2026-07-17T15:22:30.084716+08:00
2022-03-18,34.65,34.8,33.55,34.3,1204980,41225390,746,,,-6972.0,0.0,0.0,1768.0,3.0,,finmind,2026-07-17T15:22:30.084716+08:00
2022-03-21,34.3,35.4,32.5,32.5,746638,25181242,588,,,15000.0,0.0,0.0,1784.0,5.0,,finmind,2026-07-17T15:22:30.084716+08:00
2022-03-22,32.95,33.5,32.55,32.85,193471,6387068,186,,,0.0,0.0,0.0,1803.0,5.0,,finmind,2026-07-17T15:22:30.084716+08:00
2022-03-23,32.85,32.85,32.55,32.6,198665,6489733,170,,,3000.0,0.0,0.0,1781.0,0.0,,finmind,2026-07-17T15:22:30.084716+08:00
2022-03-24,32.65,32.8,32.5,32.6,194482,6351346,128,,,1000.0,0.0,0.0,1788.0,0.0,,finmind,2026-07-17T15:22:30.084716+08:00
2022-03-25,32.5,32.55,31.95,32.5,150473,4851162,151,,,1000.0,0.0,0.0,1786.0,0.0,,finmind,2026-07-17T15:22:30.084716+08:00
2022-03-28,32.45,32.65,32.45,32.5,41225,1341097,45,,,-3000.0,0.0,0.0,1792.0,0.0,,finmind,2026-07-17T15:22:30.084716+08:00
2022-03-29,32.55,32.65,32.5,32.55,65240,2123939,72,,,-1000.0,0.0,0.0,1785.0,0.0,,finmind,2026-07-17T15:22:30.084716+08:00
2022-03-30,32.75,32.75,32.45,32.6,62079,2021325,57,,,2000.0,0.0,0.0,1789.0,0.0,,finmind,2026-07-17T15:22:30.084716+08:00
2022-03-31,32.55,32.7,32.55,32.7,64801,2115374,54,,,-1000.0,0.0,0.0,1786.0,0.0,,finmind,2026-07-17T15:22:30.084716+08:00
2022-04-01,32.7,32.8,32.2,32.8,312496,10168412,141,,,2000.0,0.0,0.0,1765.0,0.0,,finmind,2026-07-17T15:22:30.084716+08:00
2022-04-06,32.5,32.75,32.4,32.75,44502,1445646,61,,,0.0,0.0,0.0,1761.0,0.0,,finmind,2026-07-17T15:22:30.084716+08:00
2022-04-07,32.7,32.9,32.3,32.9,88287,2874098,65,,,-2000.0,0.0,0.0,1728.0,0.0,,finmind,2026-07-17T15:22:30.084716+08:00
2022-04-08,32.9,33.25,32.65,33.25,73580,2422755,90,,,-2000.0,0.0,0.0,1731.0,0.0,,finmind,2026-07-17T15:22:30.084716+08:00
2022-04-11,33.4,33.45,32.9,33.2,59898,1985575,69,,,0.0,0.0,0.0,1729.0,0.0,,finmind,2026-07-17T15:22:30.084716+08:00
2022-04-12,33.15,33.3,32.7,33.25,70151,2318828,62,,,-2000.0,0.0,0.0,1723.0,0.0,,finmind,2026-07-17T15:22:30.084716+08:00
2022-04-13,32.9,33.3,32.8,33.3,160862,5308418,111,,,-3000.0,0.0,0.0,1716.0,0.0,,finmind,2026-07-17T15:22:30.084716+08:00
2022-04-14,33.2,33.5,33.0,33.3,72819,2422570,78,,,0.0,0.0,0.0,1717.0,0.0,,finmind,2026-07-17T15:22:30.084716+08:00
2022-04-15,33.35,33.9,33.2,33.75,142575,4776733,94,,,-2000.0,0.0,0.0,1684.0,0.0,,finmind,2026-07-17T15:22:30.084716+08:00
2022-04-18,33.75,33.75,33.35,33.45,72344,2428494,75,,,2995.0,0.0,0.0,1687.0,0.0,,finmind,2026-07-17T15:22:30.084716+08:00
2022-04-19,33.5,33.65,33.3,33.4,22446,750864,34,,,0.0,0.0,0.0,1686.0,0.0,,finmind,2026-07-17T15:22:30.084716+08:00
2022-04-20,33.4,33.55,33.2,33.35,28052,934935,26,,,1000.0,0.0,0.0,1671.0,0.0,,finmind,2026-07-17T15:22:30.084716+08:00
2022-04-21,33.4,33.4,33.0,33.2,27310,907707,32,,,1000.0,0.0,0.0,1663.0,0.0,,finmind,2026-07-17T15:22:30.084716+08:00
2022-04-22,33.1,33.15,33.0,33.0,42759,1412983,38,,,-1000.0,0.0,0.0,1665.0,0.0,,finmind,2026-07-17T15:22:30.084716+08:00
2022-04-25,32.8,32.8,32.55,32.75,53631,1752352,65,,,-1000.0,0.0,0.0,1658.0,0.0,,finmind,2026-07-17T15:22:30.084716+08:00
2022-04-26,32.65,33.2,32.6,33.2,71040,2328895,49,,,0.0,0.0,0.0,1659.0,0.0,,finmind,2026-07-17T15:22:30.084716+08:00
2022-04-27,33.7,33.7,32.75,33.2,63325,2106249,79,,,-1000.0,0.0,0.0,1659.0,0.0,,finmind,2026-07-17T15:22:30.084716+08:00
2022-04-28,33.2,33.45,33.0,33.1,58424,1936037,67,,,1000.0,0.0,0.0,1659.0,0.0,,finmind,2026-07-17T15:22:30.084716+08:00
2022-04-29,32.85,33.05,32.85,33.05,56222,1849289,39,,,1000.0,0.0,0.0,1599.0,0.0,,finmind,2026-07-17T15:22:30.084716+08:00
2022-05-03,32.85,32.85,32.5,32.65,116474,3793603,108,,,nan,nan,nan,1613.0,0.0,,finmind,2026-07-17T15:22:30.084716+08:00
2022-05-04,32.4,32.4,31.65,31.8,302190,9681206,246,,,-9000.0,0.0,0.0,1604.0,0.0,,finmind,2026-07-17T15:22:30.084716+08:00
2022-05-05,31.8,32.3,31.6,31.95,155800,4946427,85,,,1000.0,0.0,0.0,1519.0,0.0,,finmind,2026-07-17T15:22:30.084716+08:00
2022-05-06,31.5,32.8,31.25,32.05,87521,2796551,61,,,1000.0,0.0,0.0,1514.0,0.0,,finmind,2026-07-17T15:22:30.084716+08:00
2022-05-09,31.9,31.9,31.55,31.8,35057,1109615,65,,,-1000.0,0.0,0.0,1510.0,0.0,,finmind,2026-07-17T15:22:30.084716+08:00
2022-05-10,31.5,31.85,31.3,31.85,47513,1501987,55,,,nan,nan,nan,1514.0,0.0,,finmind,2026-07-17T15:22:30.084716+08:00
2022-05-11,31.6,31.8,31.5,31.65,17186,544277,22,,,1000.0,0.0,0.0,1514.0,0.0,,finmind,2026-07-17T15:22:30.084716+08:00
2022-05-12,31.35,31.45,30.9,31.35,156075,4865684,118,,,-5000.0,0.0,0.0,1524.0,1.0,,finmind,2026-07-17T15:22:30.084716+08:00
2022-05-13,31.35,31.9,31.3,31.35,37053,1164303,43,,,1000.0,0.0,0.0,1527.0,1.0,,finmind,2026-07-17T15:22:30.084716+08:00
2022-05-16,31.3,31.5,30.8,30.85,80630,2499940,82,,,-6000.0,0.0,0.0,1529.0,0.0,,finmind,2026-07-17T15:22:30.084716+08:00
2022-05-17,30.8,30.9,30.5,30.7,58433,1796962,65,,,-3000.0,0.0,0.0,1528.0,0.0,,finmind,2026-07-17T15:22:30.084716+08:00
2022-05-18,30.75,31.3,30.6,30.7,75744,2324752,92,,,7000.0,0.0,0.0,1522.0,0.0,,finmind,2026-07-17T15:22:30.084716+08:00
2022-05-19,30.7,30.7,30.5,30.7,51078,1561295,55,,,3000.0,0.0,0.0,1526.0,0.0,,finmind,2026-07-17T15:22:30.084716+08:00
2022-05-20,30.85,31.25,30.6,31.0,51143,1577052,37,,,5000.0,0.0,0.0,1519.0,0.0,,finmind,2026-07-17T15:22:30.084716+08:00
2022-05-23,30.9,30.95,30.7,30.9,16033,494961,27,,,nan,nan,nan,1520.0,0.0,,finmind,2026-07-17T15:22:30.084716+08:00
2022-05-24,30.8,30.8,30.4,30.65,62170,1907081,50,,,-1000.0,0.0,0.0,1520.0,0.0,,finmind,2026-07-17T15:22:30.084716+08:00
2022-05-25,30.6,31.25,30.6,30.85,5661,174405,22,,,-1000.0,0.0,0.0,1520.0,0.0,,finmind,2026-07-17T15:22:30.084716+08:00
2022-05-26,30.8,31.3,30.8,30.95,20600,637508,22,,,-3000.0,0.0,0.0,1522.0,0.0,,finmind,2026-07-17T15:22:30.084716+08:00
2022-05-27,31.0,31.1,30.7,30.9,56398,1740470,66,,,2000.0,0.0,0.0,1521.0,0.0,,finmind,2026-07-17T15:22:30.084716+08:00
2022-05-30,31.05,31.25,30.75,30.9,47311,1460378,54,,,0.0,0.0,0.0,1524.0,0.0,,finmind,2026-07-17T15:22:30.084716+08:00
2022-05-31,30.7,30.8,30.7,30.7,34389,1056450,37,,,1000.0,0.0,0.0,1529.0,0.0,,finmind,2026-07-17T15:22:30.084716+08:00
2022-06-01,30.7,31.5,30.65,31.15,42459,1310339,41,,,1000.0,0.0,0.0,1519.0,0.0,,finmind,2026-07-17T15:22:30.084716+08:00
2022-06-02,31.05,31.25,30.9,31.05,32147,996873,38,,,-1000.0,0.0,0.0,1511.0,0.0,,finmind,2026-07-17T15:22:30.084716+08:00
2022-06-06,31.0,31.0,30.7,30.85,73710,2271861,70,,,1000.0,0.0,0.0,1515.0,0.0,,finmind,2026-07-17T15:22:30.084716+08:00
2022-06-07,30.85,30.95,30.8,30.95,13013,401991,22,,,nan,nan,nan,1515.0,0.0,,finmind,2026-07-17T15:22:30.084716+08:00
2022-06-08,30.95,31.15,30.65,30.7,63919,1970737,81,,,-2000.0,0.0,0.0,1521.0,0.0,,finmind,2026-07-17T15:22:30.084716+08:00
2022-06-09,30.7,30.7,30.3,30.3,148800,4522161,180,,,-1000.0,0.0,0.0,1542.0,0.0,,finmind,2026-07-17T15:22:30.084716+08:00
2022-06-10,30.3,30.55,30.1,30.5,92066,2780998,90,,,1000.0,0.0,0.0,1546.0,0.0,,finmind,2026-07-17T15:22:30.084716+08:00
2022-06-13,30.1,30.2,30.0,30.15,114136,3429296,122,,,1000.0,0.0,0.0,1554.0,0.0,,finmind,2026-07-17T15:22:30.084716+08:00
2022-06-14,30.1,30.15,29.85,30.15,149221,4468808,119,,,nan,nan,nan,1560.0,0.0,,finmind,2026-07-17T15:22:30.084716+08:00
2022-06-15,30.0,30.15,29.9,30.15,90334,2706266,57,,,nan,nan,nan,1567.0,0.0,,finmind,2026-07-17T15:22:30.084716+08:00
2022-06-16,30.05,30.05,29.7,29.9,209610,6267825,138,,,1000.0,0.0,0.0,1577.0,0.0,,finmind,2026-07-17T15:22:30.084716+08:00
2022-06-17,29.9,30.0,29.6,29.9,100243,2977895,52,,,1000.0,0.0,0.0,1572.0,0.0,,finmind,2026-07-17T15:22:30.084716+08:00
2022-06-20,29.8,29.9,29.6,29.8,43784,1301110,63,,,-15000.0,0.0,0.0,1575.0,0.0,,finmind,2026-07-17T15:22:30.084716+08:00
2022-06-21,29.8,30.2,29.75,30.05,37704,1127824,42,,,1000.0,0.0,0.0,1570.0,0.0,,finmind,2026-07-17T15:22:30.084716+08:00
2022-06-22,30.3,30.3,29.8,30.15,134863,4032949,67,,,-2000.0,0.0,0.0,1611.0,0.0,,finmind,2026-07-17T15:22:30.084716+08:00
2022-06-23,30.15,30.4,29.8,30.15,179918,5394800,119,,,-7000.0,0.0,0.0,1611.0,0.0,,finmind,2026-07-17T15:22:30.084716+08:00
2022-06-24,30.3,30.3,30.0,30.25,87283,2638926,76,,,0.0,0.0,0.0,1616.0,0.0,,finmind,2026-07-17T15:22:30.084716+08:00
2022-06-27,31.4,31.4,30.3,30.35,117589,3583331,98,,,2000.0,0.0,0.0,1608.0,0.0,,finmind,2026-07-17T15:22:30.084716+08:00
2022-06-28,30.4,30.4,30.0,30.3,105042,3167921,59,,,-2000.0,0.0,0.0,1593.0,0.0,,finmind,2026-07-17T15:22:30.084716+08:00
2022-06-29,30.35,30.35,30.0,30.15,20226,610245,24,,,-2000.0,0.0,0.0,1592.0,0.0,,finmind,2026-07-17T15:22:30.084716+08:00
2022-06-30,30.0,30.1,29.7,30.0,75924,2265026,77,,,-1000.0,0.0,0.0,1591.0,0.0,,finmind,2026-07-17T15:22:30.084716+08:00
2022-07-01,29.95,30.1,29.85,29.95,42155,1261702,49,,,-2000.0,0.0,898.0,1592.0,0.0,,finmind,2026-07-17T15:22:30.084716+08:00
2022-07-04,29.85,30.2,29.8,29.9,63636,1901769,49,,,12000.0,0.0,-277.0,1592.0,0.0,,finmind,2026-07-17T15:22:30.084716+08:00
2022-07-05,30.05,30.1,29.9,30.0,62179,1865177,46,,,2000.0,0.0,-160.0,1592.0,0.0,,finmind,2026-07-17T15:22:30.084716+08:00
2022-07-06,30.05,30.05,29.85,29.85,21051,629674,16,,,nan,nan,nan,1585.0,0.0,,finmind,2026-07-17T15:22:30.084716+08:00
2022-07-07,29.85,30.0,29.65,30.0,31382,936434,31,,,-1000.0,0.0,-65.0,1582.0,0.0,,finmind,2026-07-17T15:22:30.084716+08:00
2022-07-08,29.75,30.2,29.75,30.15,60406,1805737,41,,,1000.0,0.0,0.0,1583.0,0.0,,finmind,2026-07-17T15:22:30.084716+08:00
2022-07-11,30.15,30.15,30.0,30.0,13062,392166,12,,,-1000.0,0.0,0.0,1584.0,0.0,,finmind,2026-07-17T15:22:30.084716+08:00
2022-07-12,29.95,29.95,29.7,29.8,66129,1970303,52,,,1000.0,0.0,0.0,1590.0,0.0,,finmind,2026-07-17T15:22:30.084716+08:00
2022-07-13,29.8,30.15,29.7,29.7,134577,4005532,65,,,-1000.0,0.0,-231.0,1583.0,0.0,,finmind,2026-07-17T15:22:30.084716+08:00
2022-07-14,29.7,30.1,29.7,30.1,60838,1810835,48,,,3000.0,0.0,279.0,1546.0,0.0,,finmind,2026-07-17T15:22:30.084716+08:00
2022-07-15,30.0,30.15,30.0,30.15,14155,425586,19,,,1000.0,0.0,0.0,1542.0,0.0,,finmind,2026-07-17T15:22:30.084716+08:00
2022-07-18,30.2,30.3,30.15,30.2,44541,1344849,43,,,0.0,0.0,-325.0,1539.0,0.0,,finmind,2026-07-17T15:22:30.084716+08:00
2022-07-19,30.2,30.2,29.95,30.2,56193,1687927,41,,,0.0,0.0,810.0,1540.0,0.0,,finmind,2026-07-17T15:22:30.084716+08:00
2022-07-20,30.4,30.4,29.95,29.95,179067,5378986,104,,,2000.0,0.0,0.0,1547.0,0.0,,finmind,2026-07-17T15:22:30.084716+08:00
2022-07-21,29.0,29.0,28.65,28.75,187271,5382562,163,,,-1000.0,0.0,-338.0,1541.0,0.0,,finmind,2026-07-17T15:22:30.084716+08:00
2022-07-22,28.8,28.8,28.65,28.7,86822,2491131,88,,,0.0,0.0,-431.0,1539.0,0.0,,finmind,2026-07-17T15:22:30.084716+08:00
2022-07-25,28.7,28.95,28.7,28.9,65355,1883201,64,,,-2000.0,0.0,769.0,1537.0,0.0,,finmind,2026-07-17T15:22:30.084716+08:00
2022-07-26,28.85,28.85,28.7,28.8,68299,1963394,72,,,-1000.0,0.0,-174.0,1537.0,0.0,,finmind,2026-07-17T15:22:30.084716+08:00
2022-07-27,28.85,28.85,28.65,28.85,106054,3049341,53,,,-2000.0,0.0,0.0,1570.0,0.0,,finmind,2026-07-17T15:22:30.084716+08:00
2022-07-28,28.85,28.85,28.7,28.85,106330,3055657,86,,,-4000.0,0.0,0.0,1585.0,0.0,,finmind,2026-07-17T15:22:30.084716+08:00
2022-07-29,28.75,28.85,28.7,28.8,62122,1785515,56,,,0.0,0.0,0.0,1590.0,0.0,,finmind,2026-07-17T15:22:30.084716+08:00
2022-08-01,28.9,29.1,28.8,28.85,38402,1112085,42,,,1000.0,0.0,0.0,1580.0,0.0,,finmind,2026-07-17T15:22:30.084716+08:00
2022-08-02,28.8,29.05,28.75,28.75,104252,3003905,87,,,-1000.0,0.0,-275.0,1569.0,0.0,,finmind,2026-07-17T15:22:30.084716+08:00
2022-08-03,28.75,28.75,28.7,28.7,40636,1167042,44,,,-2000.0,0.0,-476.0,1570.0,0.0,,finmind,2026-07-17T15:22:30.084716+08:00
2022-08-04,28.65,28.75,28.5,28.7,36113,1032488,50,,,-1000.0,0.0,0.0,1552.0,0.0,,finmind,2026-07-17T15:22:30.084716+08:00
2022-08-05,28.7,28.7,28.5,28.7,80551,2304639,82,,,0.0,0.0,879.0,1528.0,0.0,,finmind,2026-07-17T15:22:30.084716+08:00
2022-08-08,28.6,28.7,28.6,28.6,36506,1045095,36,,,-1000.0,0.0,-100.0,1528.0,0.0,,finmind,2026-07-17T15:22:30.084716+08:00
2022-08-09,28.65,28.7,28.65,28.7,5515,158034,11,,,1000.0,0.0,0.0,1528.0,0.0,,finmind,2026-07-17T15:22:30.084716+08:00
2022-08-10,29.1,29.1,28.8,29.0,124465,3610194,76,,,11000.0,0.0,-89.0,1528.0,0.0,,finmind,2026-07-17T15:22:30.084716+08:00
2022-08-11,29.05,29.1,29.0,29.05,67531,1960737,63,,,0.0,0.0,-200.0,1488.0,0.0,,finmind,2026-07-17T15:22:30.084716+08:00
2022-08-12,29.1,29.1,29.05,29.1,35383,1028850,36,,,7000.0,0.0,0.0,1473.0,0.0,,finmind,2026-07-17T15:22:30.084716+08:00
2022-08-15,29.35,29.35,29.1,29.3,34477,1006587,46,,,0.0,0.0,0.0,1474.0,0.0,,finmind,2026-07-17T15:22:30.084716+08:00
2022-08-16,29.2,30.15,29.2,29.9,194141,5789651,96,,,6000.0,0.0,-65.0,1464.0,0.0,,finmind,2026-07-17T15:22:30.084716+08:00
2022-08-17,29.9,30.05,29.9,29.95,75396,2258404,58,,,4000.0,0.0,0.0,1454.0,0.0,,finmind,2026-07-17T15:22:30.084716+08:00
2022-08-18,30.0,30.15,30.0,30.1,19452,584846,42,,,-1000.0,0.0,0.0,1440.0,0.0,,finmind,2026-07-17T15:22:30.084716+08:00
2022-08-19,30.15,30.15,30.0,30.05,46231,1389508,48,,,nan,nan,nan,1440.0,0.0,,finmind,2026-07-17T15:22:30.084716+08:00
2022-08-22,29.9,30.05,29.9,30.05,26443,791072,20,,,nan,nan,nan,1440.0,0.0,,finmind,2026-07-17T15:22:30.084716+08:00
2022-08-23,30.05,30.4,30.0,30.4,80635,2430066,53,,,nan,nan,nan,1437.0,0.0,,finmind,2026-07-17T15:22:30.084716+08:00
2022-08-24,30.4,30.5,30.4,30.5,37361,1137478,46,,,1000.0,0.0,-48.0,1438.0,0.0,,finmind,2026-07-17T15:22:30.084716+08:00
2022-08-25,30.5,31.25,30.5,30.65,64998,1998820,54,,,2000.0,0.0,4251.0,1442.0,0.0,,finmind,2026-07-17T15:22:30.084716+08:00
2022-08-26,31.0,31.05,30.6,30.95,191380,5913565,106,,,-9000.0,0.0,-4000.0,1439.0,0.0,,finmind,2026-07-17T15:22:30.084716+08:00
2022-08-29,30.8,30.95,30.6,30.95,41543,1277681,35,,,-1000.0,0.0,0.0,1439.0,0.0,,finmind,2026-07-17T15:22:30.084716+08:00
2022-08-30,30.95,31.2,30.9,30.95,29399,911566,31,,,-1000.0,0.0,0.0,1439.0,0.0,,finmind,2026-07-17T15:22:30.084716+08:00
2022-08-31,30.7,30.95,30.7,30.95,17110,527617,14,,,1000.0,0.0,0.0,1439.0,0.0,,finmind,2026-07-17T15:22:30.084716+08:00
2022-09-01,30.9,31.0,30.85,30.9,65846,2034396,45,,,9000.0,0.0,-20.0,1437.0,0.0,,finmind,2026-07-17T15:22:30.084716+08:00
2022-09-02,30.8,30.9,30.65,30.8,43071,1325736,32,,,nan,nan,nan,1430.0,0.0,,finmind,2026-07-17T15:22:30.084716+08:00
2022-09-05,31.0,31.0,30.8,31.0,31037,961410,59,,,-1000.0,0.0,1.0,1431.0,0.0,,finmind,2026-07-17T15:22:30.084716+08:00
2022-09-06,30.9,31.0,30.8,30.9,44327,1370426,34,,,-4000.0,0.0,0.0,1437.0,0.0,,finmind,2026-07-17T15:22:30.084716+08:00
2022-09-07,31.15,31.15,30.7,30.75,34103,1048662,37,,,-5000.0,0.0,0.0,1443.0,0.0,,finmind,2026-07-17T15:22:30.084716+08:00
2022-09-08,30.95,31.0,30.65,30.95,70699,2186177,46,,,-4000.0,0.0,0.0,1447.0,0.0,,finmind,2026-07-17T15:22:30.084716+08:00
2022-09-12,31.4,31.6,31.25,31.35,83093,2609703,76,,,nan,nan,nan,1482.0,0.0,,finmind,2026-07-17T15:22:30.084716+08:00
2022-09-13,31.3,31.5,31.2,31.5,36077,1128797,41,,,-3000.0,0.0,0.0,1478.0,0.0,,finmind,2026-07-17T15:22:30.084716+08:00
2022-09-14,31.5,31.5,31.25,31.4,27789,870697,42,,,1000.0,0.0,0.0,1461.0,0.0,,finmind,2026-07-17T15:22:30.084716+08:00
2022-09-15,31.4,31.5,31.4,31.5,22160,697774,17,,,1000.0,0.0,0.0,1461.0,0.0,,finmind,2026-07-17T15:22:30.084716+08:00
2022-09-16,31.5,31.5,31.25,31.45,59331,1860158,70,,,-2000.0,0.0,0.0,1463.0,0.0,,finmind,2026-07-17T15:22:30.084716+08:00
2022-09-19,31.4,31.4,31.25,31.25,39184,1226064,37,,,-2000.0,0.0,0.0,1465.0,0.0,,finmind,2026-07-17T15:22:30.084716+08:00
2022-09-20,31.25,31.35,31.15,31.3,18597,581866,23,,,1000.0,0.0,0.0,1469.0,0.0,,finmind,2026-07-17T15:22:30.084716+08:00
2022-09-21,31.15,31.35,31.1,31.2,14152,441398,25,,,nan,nan,nan,1474.0,0.0,,finmind,2026-07-17T15:22:30.084716+08:00
2022-09-22,31.1,31.25,31.0,31.2,22841,711576,52,,,-3000.0,0.0,0.0,1475.0,0.0,,finmind,2026-07-17T15:22:30.084716+08:00
2022-09-23,31.2,31.25,30.95,31.05,40055,1245507,33,,,-1000.0,0.0,0.0,1478.0,0.0,,finmind,2026-07-17T15:22:30.084716+08:00
2022-09-26,30.65,30.8,30.05,30.25,86752,2631202,75,,,-16000.0,0.0,-8.0,1491.0,0.0,,finmind,2026-07-17T15:22:30.084716+08:00
2022-09-27,29.9,30.15,29.9,30.1,29132,873238,24,,,-1000.0,0.0,0.0,1494.0,0.0,,finmind,2026-07-17T15:22:30.084716+08:00
2022-09-28,30.6,30.65,29.7,29.8,91356,2729282,57,,,-3000.0,0.0,0.0,1497.0,0.0,,finmind,2026-07-17T15:22:30.084716+08:00
2022-09-29,29.8,29.95,29.75,29.95,17043,509428,14,,,-1000.0,0.0,0.0,1497.0,0.0,,finmind,2026-07-17T15:22:30.084716+08:00
2022-09-30,29.3,30.05,29.3,29.9,40278,1196701,42,,,7000.0,0.0,0.0,1493.0,0.0,,finmind,2026-07-17T15:22:30.084716+08:00
2022-10-03,29.7,29.85,29.7,29.8,9146,272574,15,,,2000.0,0.0,0.0,1484.0,0.0,,finmind,2026-07-17T15:22:30.084716+08:00
2022-10-04,30.05,30.45,29.9,30.25,41113,1241187,30,,,-3000.0,0.0,-68.0,1483.0,0.0,,finmind,2026-07-17T15:22:30.084716+08:00
2022-10-05,30.3,30.4,30.05,30.2,21209,641705,20,,,-3000.0,0.0,0.0,1484.0,0.0,,finmind,2026-07-17T15:22:30.084716+08:00
2022-10-06,30.95,30.95,30.15,30.5,55359,1688851,35,,,-5000.0,0.0,0.0,1490.0,0.0,,finmind,2026-07-17T15:22:30.084716+08:00
2022-10-07,30.5,30.5,30.0,30.3,51336,1549367,36,,,5000.0,0.0,0.0,1496.0,0.0,,finmind,2026-07-17T15:22:30.084716+08:00
2022-10-11,29.8,30.35,29.6,30.35,59125,1781979,45,,,2000.0,0.0,0.0,1491.0,0.0,,finmind,2026-07-17T15:22:30.084716+08:00
2022-10-12,30.1,30.35,30.0,30.3,46351,1396181,31,,,1000.0,0.0,0.0,1493.0,0.0,,finmind,2026-07-17T15:22:30.084716+08:00
2022-10-13,30.3,30.3,29.6,29.85,67808,2026261,44,,,-2000.0,0.0,0.0,1483.0,0.0,,finmind,2026-07-17T15:22:30.084716+08:00
2022-10-14,30.45,30.45,29.5,29.95,28301,847358,37,,,1000.0,0.0,0.0,1483.0,0.0,,finmind,2026-07-17T15:22:30.084716+08:00
2022-10-17,29.7,29.9,29.5,29.9,11302,336337,20,,,0.0,0.0,-58.0,1483.0,0.0,,finmind,2026-07-17T15:22:30.084716+08:00
2022-10-18,29.9,30.3,29.9,30.0,22033,663383,20,,,nan,nan,nan,1485.0,0.0,,finmind,2026-07-17T15:22:30.084716+08:00
2022-10-19,30.0,30.3,29.9,30.3,48346,1460318,34,,,1000.0,0.0,0.0,1485.0,0.0,,finmind,2026-07-17T15:22:30.084716+08:00
2022-10-20,30.0,30.15,29.9,30.05,19008,569387,20,,,1000.0,0.0,-1.0,1489.0,0.0,,finmind,2026-07-17T15:22:30.084716+08:00
2022-10-21,30.25,30.25,30.05,30.1,26042,785815,26,,,-2000.0,0.0,0.0,1492.0,2.0,,finmind,2026-07-17T15:22:30.084716+08:00
2022-10-24,30.25,30.4,30.05,30.15,20011,605583,15,,,1000.0,0.0,0.0,1495.0,2.0,,finmind,2026-07-17T15:22:30.084716+08:00
2022-10-25,30.25,30.25,30.05,30.2,7004,211420,11,,,nan,nan,nan,1495.0,2.0,,finmind,2026-07-17T15:22:30.084716+08:00
2022-10-26,30.15,30.35,30.05,30.2,51200,1545949,37,,,0.0,0.0,0.0,1496.0,2.0,,finmind,2026-07-17T15:22:30.084716+08:00
2022-10-27,30.2,30.25,30.15,30.2,30019,906774,23,,,1000.0,0.0,0.0,1499.0,2.0,,finmind,2026-07-17T15:22:30.084716+08:00
2022-10-28,30.05,30.1,30.05,30.1,9053,272394,14,,,-1000.0,0.0,0.0,1499.0,1.0,,finmind,2026-07-17T15:22:30.084716+08:00
2022-10-31,30.1,30.2,30.1,30.2,2291,69066,9,,,1000.0,0.0,0.0,1499.0,1.0,,finmind,2026-07-17T15:22:30.084716+08:00
2022-11-01,30.8,30.8,30.1,30.2,15147,458411,20,,,2000.0,0.0,0.0,1506.0,1.0,,finmind,2026-07-17T15:22:30.084716+08:00
2022-11-02,30.25,30.25,30.0,30.2,31000,934950,17,,,-1000.0,0.0,0.0,1498.0,1.0,,finmind,2026-07-17T15:22:30.084716+08:00
2022-11-03,30.25,30.3,30.0,30.3,19163,577023,40,,,nan,nan,nan,1484.0,0.0,,finmind,2026-07-17T15:22:30.084716+08:00
2022-11-04,30.35,30.35,30.0,30.2,26002,781760,19,,,nan,nan,nan,1479.0,0.0,,finmind,2026-07-17T15:22:30.084716+08:00
2022-11-07,30.25,30.3,30.0,30.25,38375,1157420,49,,,4000.0,0.0,0.0,1451.0,0.0,,finmind,2026-07-17T15:22:30.084716+08:00
2022-11-08,30.35,30.35,30.15,30.25,12937,390844,53,,,nan,nan,nan,1455.0,0.0,,finmind,2026-07-17T15:22:30.084716+08:00
2022-11-09,32.5,33.25,31.7,32.45,1032912,33932496,712,,,22995.0,0.0,0.0,1508.0,1.0,,finmind,2026-07-17T15:22:30.084716+08:00
2022-11-10,32.4,33.7,32.35,32.75,486909,16011432,407,,,6000.0,0.0,0.0,1507.0,1.0,,finmind,2026-07-17T15:22:30.084716+08:00
2022-11-11,33.2,33.3,32.5,32.95,199309,6533909,211,,,-20129.0,0.0,0.0,1541.0,1.0,,finmind,2026-07-17T15:22:30.084716+08:00
2022-11-14,33.1,34.35,33.1,33.85,371318,12522914,342,,,14000.0,0.0,0.0,1594.0,1.0,,finmind,2026-07-17T15:22:30.084716+08:00
2022-11-15,34.0,34.0,33.4,33.9,197185,6673898,192,,,-16000.0,0.0,0.0,1595.0,1.0,,finmind,2026-07-17T15:22:30.084716+08:00
2022-11-16,33.75,33.85,33.6,33.7,167955,5662950,108,,,-9000.0,0.0,0.0,1592.0,1.0,,finmind,2026-07-17T15:22:30.084716+08:00
2022-11-17,33.55,33.85,33.4,33.85,132917,4482985,121,,,4000.0,0.0,0.0,1604.0,1.0,,finmind,2026-07-17T15:22:30.084716+08:00
2022-11-18,33.9,34.8,33.9,34.6,332759,11453964,307,,,20000.0,0.0,0.0,1622.0,1.0,,finmind,2026-07-17T15:22:30.084716+08:00
2022-11-21,35.5,36.75,35.15,35.9,375971,13528393,320,,,-1000.0,0.0,0.0,1684.0,1.0,,finmind,2026-07-17T15:22:30.084716+08:00
2022-11-22,36.0,38.8,36.0,37.0,721889,26928152,755,,,38000.0,0.0,0.0,1758.0,1.0,,finmind,2026-07-17T15:22:30.084716+08:00
2022-11-23,37.05,37.25,36.2,36.6,284744,10431760,257,,,-29000.0,0.0,0.0,1842.0,2.0,,finmind,2026-07-17T15:22:30.084716+08:00
2022-11-24,36.7,39.75,36.6,38.1,789648,30131427,647,,,41000.0,0.0,0.0,1996.0,3.0,,finmind,2026-07-17T15:22:30.084716+08:00
2022-11-25,38.1,39.45,37.75,38.05,405387,15634339,428,,,-39000.0,0.0,0.0,1994.0,8.0,,finmind,2026-07-17T15:22:30.084716+08:00
2022-11-28,38.3,38.5,37.0,38.05,266909,10101453,230,,,7000.0,0.0,12000.0,2034.0,3.0,,finmind,2026-07-17T15:22:30.084716+08:00
2022-11-29,38.05,39.45,37.4,38.9,375910,14442272,254,,,3000.0,0.0,0.0,2215.0,5.0,,finmind,2026-07-17T15:22:30.084716+08:00
2022-11-30,39.5,39.85,38.85,39.4,250143,9886208,214,,,10000.0,0.0,0.0,2230.0,15.0,,finmind,2026-07-17T15:22:30.084716+08:00
2022-12-01,40.0,41.0,40.0,40.35,270430,10921845,412,,,27000.0,0.0,5000.0,2238.0,17.0,,finmind,2026-07-17T15:22:30.084716+08:00
2022-12-02,40.35,40.45,39.25,40.0,214255,8538047,355,,,-11000.0,0.0,0.0,2281.0,17.0,,finmind,2026-07-17T15:22:30.084716+08:00
2022-12-05,40.0,40.25,39.35,39.75,225970,8983806,157,,,-17000.0,0.0,0.0,2267.0,18.0,,finmind,2026-07-17T15:22:30.084716+08:00
2022-12-06,40.25,40.4,38.8,40.2,245190,9784468,197,,,4000.0,0.0,0.0,2296.0,18.0,,finmind,2026-07-17T15:22:30.084716+08:00
2022-12-07,40.0,41.0,40.0,40.3,154302,6226384,182,,,3000.0,0.0,0.0,2308.0,18.0,,finmind,2026-07-17T15:22:30.084716+08:00
2022-12-08,40.05,40.5,39.8,40.0,101752,4075765,95,,,-6000.0,0.0,0.0,2326.0,18.0,,finmind,2026-07-17T15:22:30.084716+08:00
2022-12-09,40.2,42.85,40.2,42.4,543052,22771428,431,,,8000.0,0.0,3.0,2348.0,15.0,,finmind,2026-07-17T15:22:30.084716+08:00
2022-12-12,42.4,43.0,41.5,41.95,280474,11804198,297,,,9000.0,0.0,0.0,2345.0,14.0,,finmind,2026-07-17T15:22:30.084716+08:00
2022-12-13,42.5,42.55,41.6,42.1,183796,7744703,152,,,-13000.0,0.0,0.0,2351.0,4.0,,finmind,2026-07-17T15:22:30.084716+08:00
2022-12-14,42.1,42.35,41.8,42.15,108553,4563998,110,,,-3000.0,0.0,882.0,2363.0,4.0,,finmind,2026-07-17T15:22:30.084716+08:00
2022-12-15,42.45,44.2,42.2,42.6,340972,14692643,306,,,11000.0,0.0,3002.0,2378.0,7.0,,finmind,2026-07-17T15:22:30.084716+08:00
2022-12-16,42.5,43.5,42.5,42.9,151033,6506917,165,,,2000.0,0.0,-5000.0,2368.0,4.0,,finmind,2026-07-17T15:22:30.084716+08:00
2022-12-19,42.95,43.25,41.1,41.35,299901,12548393,280,,,21000.0,0.0,4000.0,2307.0,4.0,,finmind,2026-07-17T15:22:30.084716+08:00
2022-12-20,42.15,42.15,39.4,39.4,295687,11889484,334,,,18000.0,0.0,1.0,2313.0,4.0,,finmind,2026-07-17T15:22:30.084716+08:00
2022-12-21,39.6,40.5,39.35,39.75,182397,7268888,234,,,43000.0,0.0,-5000.0,2261.0,7.0,,finmind,2026-07-17T15:22:30.084716+08:00
2022-12-22,39.9,40.65,39.9,40.2,53064,2129325,69,,,15000.0,0.0,0.0,2264.0,7.0,,finmind,2026-07-17T15:22:30.084716+08:00
2022-12-23,39.45,40.2,39.45,39.95,60172,2402153,66,,,12000.0,0.0,2.0,2258.0,7.0,,finmind,2026-07-17T15:22:30.084716+08:00
2022-12-26,40.35,41.05,40.0,40.85,132210,5360672,101,,,9000.0,0.0,0.0,2265.0,7.0,,finmind,2026-07-17T15:22:30.084716+08:00
2022-12-27,41.0,41.1,40.55,40.75,62422,2549933,81,,,9000.0,0.0,0.0,2265.0,8.0,,finmind,2026-07-17T15:22:30.084716+08:00
2022-12-28,40.8,41.15,40.55,41.0,66085,2700665,81,,,-2000.0,0.0,0.0,2268.0,10.0,,finmind,2026-07-17T15:22:30.084716+08:00
2022-12-29,41.0,41.7,40.5,41.4,158828,6530859,157,,,37000.0,0.0,-290.0,2262.0,10.0,,finmind,2026-07-17T15:22:30.084716+08:00
2022-12-30,41.4,41.95,41.4,41.6,95755,3989503,123,,,5000.0,0.0,-78.0,2263.0,13.0,,finmind,2026-07-17T15:22:30.084716+08:00
2023-01-03,41.95,43.95,41.6,43.5,299529,12798427,243,,,-8000.0,0.0,5000.0,2311.0,13.0,,finmind,2026-07-17T15:22:30.084716+08:00
2023-01-04,43.5,43.6,43.0,43.4,114415,4953339,105,,,-17000.0,0.0,12000.0,2325.0,13.0,,finmind,2026-07-17T15:22:30.084716+08:00
2023-01-05,43.9,43.9,42.8,43.55,172660,7484354,167,,,15000.0,0.0,-3000.0,2308.0,13.0,,finmind,2026-07-17T15:22:30.084716+08:00
2023-01-06,43.3,43.65,42.95,43.5,83896,3626882,188,,,-2000.0,0.0,0.0,2291.0,13.0,,finmind,2026-07-17T15:22:30.084716+08:00
2023-01-09,44.0,46.45,44.0,45.0,486075,22026461,607,,,92000.0,0.0,0.0,2285.0,11.0,,finmind,2026-07-17T15:22:30.084716+08:00
2023-01-10,45.5,45.95,44.7,45.7,168311,7644649,186,,,11000.0,0.0,0.0,2290.0,10.0,,finmind,2026-07-17T15:22:30.084716+08:00
2023-01-11,45.95,46.1,44.0,44.0,311388,14049231,536,,,-15000.0,0.0,25000.0,2280.0,10.0,,finmind,2026-07-17T15:22:30.084716+08:00
2023-01-12,44.3,44.3,43.15,44.25,146153,6398916,245,,,2000.0,0.0,0.0,2286.0,10.0,,finmind,2026-07-17T15:22:30.084716+08:00
2023-01-13,44.3,44.45,42.7,42.95,144126,6290635,267,,,-24000.0,0.0,0.0,2306.0,10.0,,finmind,2026-07-17T15:22:30.084716+08:00
2023-01-16,42.6,43.5,42.6,42.95,182407,7856324,160,,,52000.0,0.0,0.0,2321.0,10.0,,finmind,2026-07-17T15:22:30.084716+08:00
2023-01-17,43.0,44.65,43.0,44.15,228204,9979050,197,,,60000.0,0.0,0.0,2305.0,11.0,,finmind,2026-07-17T15:22:30.084716+08:00
2023-01-30,44.3,46.8,44.3,45.7,531337,24354529,552,,,113000.0,0.0,6000.0,2287.0,12.0,,finmind,2026-07-17T15:22:30.084716+08:00
2023-01-31,45.5,46.7,45.5,46.5,215984,9999823,298,,,-14000.0,0.0,0.0,2303.0,15.0,,finmind,2026-07-17T15:22:30.084716+08:00
2023-02-01,46.8,48.4,46.75,48.1,349779,16676896,320,,,46000.0,0.0,0.0,2307.0,17.0,,finmind,2026-07-17T15:22:30.084716+08:00
2023-02-02,49.65,49.75,47.7,48.65,404884,19714975,358,,,-94000.0,0.0,0.0,2333.0,15.0,,finmind,2026-07-17T15:22:30.084716+08:00
2023-02-03,48.7,49.75,48.0,49.6,303730,14869152,276,,,48000.0,0.0,0.0,2302.0,16.0,,finmind,2026-07-17T15:22:30.084716+08:00
2023-02-06,49.9,54.2,49.9,53.0,694508,36249793,633,,,-33000.0,0.0,0.0,2322.0,16.0,,finmind,2026-07-17T15:22:30.084716+08:00
2023-02-07,53.7,54.4,52.3,53.0,452507,24107317,479,,,-104000.0,0.0,0.0,2364.0,18.0,,finmind,2026-07-17T15:22:30.084716+08:00
2023-02-08,53.1,53.1,51.0,51.6,422590,21896703,434,,,-31000.0,0.0,0.0,2349.0,19.0,,finmind,2026-07-17T15:22:30.084716+08:00
2023-02-09,51.6,51.6,49.15,50.5,444627,22295776,422,,,-74000.0,0.0,0.0,2420.0,20.0,,finmind,2026-07-17T15:22:30.084716+08:00
2023-02-10,50.7,51.9,50.0,51.1,404188,20561014,354,,,-47000.0,0.0,-22000.0,2447.0,17.0,,finmind,2026-07-17T15:22:30.084716+08:00
2023-02-13,51.4,51.4,50.5,50.9,240182,12237301,252,,,-52000.0,0.0,0.0,2497.0,17.0,,finmind,2026-07-17T15:22:30.084716+08:00
2023-02-14,51.0,51.6,50.5,50.8,197865,10090280,166,,,21000.0,0.0,0.0,2493.0,16.0,,finmind,2026-07-17T15:22:30.084716+08:00
2023-02-15,50.9,55.8,50.8,53.9,1414299,77180848,1102,,,158000.0,0.0,0.0,2620.0,22.0,,finmind,2026-07-17T15:22:30.084716+08:00
2023-02-16,53.8,53.8,51.9,52.4,567194,29851639,554,,,-143000.0,0.0,-4000.0,2615.0,25.0,,finmind,2026-07-17T15:22:30.084716+08:00
2023-02-17,52.6,52.8,51.5,52.5,212869,11117691,234,,,-25000.0,0.0,0.0,2635.0,25.0,,finmind,2026-07-17T15:22:30.084716+08:00
2023-02-20,52.9,53.2,52.1,53.2,277430,14645941,231,,,-56000.0,0.0,0.0,2637.0,25.0,,finmind,2026-07-17T15:22:30.084716+08:00
2023-02-21,53.0,54.6,53.0,53.6,287078,15445100,290,,,1000.0,0.0,0.0,2604.0,25.0,,finmind,2026-07-17T15:22:30.084716+08:00
2023-02-22,53.5,53.5,51.2,52.2,495518,25861911,422,,,-15000.0,0.0,-5000.0,2646.0,25.0,,finmind,2026-07-17T15:22:30.084716+08:00
2023-02-23,52.5,52.7,51.9,52.4,145995,7625522,148,,,-4000.0,0.0,0.0,2666.0,17.0,,finmind,2026-07-17T15:22:30.084716+08:00
2023-02-24,52.7,54.8,51.8,54.8,484557,25982431,378,,,129000.0,0.0,0.0,2713.0,17.0,,finmind,2026-07-17T15:22:30.084716+08:00
2023-03-01,56.8,60.2,54.5,55.0,3470046,202919128,1847,,,-96000.0,0.0,0.0,2832.0,22.0,,finmind,2026-07-17T15:22:30.084716+08:00
2023-03-02,55.7,55.7,53.8,55.6,750564,41072141,536,,,-21960.0,0.0,-11000.0,2784.0,22.0,,finmind,2026-07-17T15:22:30.084716+08:00
2023-03-03,55.6,56.9,54.5,54.6,530996,29459409,388,,,-82000.0,0.0,0.0,2808.0,18.0,,finmind,2026-07-17T15:22:30.084716+08:00
2023-03-06,55.1,55.2,54.4,54.9,273727,15018731,232,,,-23000.0,0.0,0.0,2822.0,19.0,,finmind,2026-07-17T15:22:30.084716+08:00
2023-03-07,55.8,60.3,55.2,60.3,1578981,92302703,1041,,,299000.0,0.0,-3000.0,2969.0,26.0,,finmind,2026-07-17T15:22:30.084716+08:00
2023-03-08,59.9,59.9,57.8,58.6,1072848,62797607,923,,,-181000.0,0.0,0.0,2978.0,18.0,,finmind,2026-07-17T15:22:30.084716+08:00
2023-03-09,59.0,63.4,57.8,62.8,903027,54288005,646,,,52010.0,0.0,0.0,2996.0,17.0,,finmind,2026-07-17T15:22:30.084716+08:00
2023-03-10,61.9,64.2,60.2,62.2,1196808,74770997,1042,,,-221960.0,0.0,0.0,3095.0,16.0,,finmind,2026-07-17T15:22:30.084716+08:00
2023-03-13,62.2,63.4,60.5,61.8,1324473,82317557,766,,,-16992.0,0.0,3000.0,3098.0,18.0,,finmind,2026-07-17T15:22:30.084716+08:00
2023-03-14,62.5,63.2,60.9,62.1,1127588,69718140,628,,,10000.0,0.0,0.0,3273.0,19.0,,finmind,2026-07-17T15:22:30.084716+08:00
2023-03-15,63.3,63.8,61.0,61.4,771458,47857125,792,,,-51000.0,0.0,0.0,3306.0,18.0,,finmind,2026-07-17T15:22:30.084716+08:00
2023-03-16,61.4,62.0,59.2,59.7,520658,31382743,490,,,40000.0,0.0,-7000.0,3319.0,16.0,,finmind,2026-07-17T15:22:30.084716+08:00
2023-03-17,60.5,62.4,60.5,61.4,647011,39675247,457,,,84000.0,0.0,0.0,3323.0,16.0,,finmind,2026-07-17T15:22:30.084716+08:00
2023-03-20,62.0,62.7,60.7,61.8,721945,44754052,478,,,295000.0,0.0,0.0,3327.0,16.0,,finmind,2026-07-17T15:22:30.084716+08:00
2023-03-21,62.6,65.8,62.2,64.8,1479335,95093711,1023,,,183000.0,0.0,0.0,3282.0,25.0,,finmind,2026-07-17T15:22:30.084716+08:00
2023-03-22,65.7,67.0,64.0,66.3,846954,55477733,859,,,88000.0,0.0,0.0,3284.0,19.0,,finmind,2026-07-17T15:22:30.084716+08:00
2023-03-23,66.3,69.8,66.2,69.4,838610,57482900,683,,,138000.0,0.0,0.0,3291.0,6.0,,finmind,2026-07-17T15:22:30.084716+08:00
2023-03-24,71.3,73.2,69.5,70.6,1310812,93578767,1197,,,76000.0,0.0,-1000.0,3226.0,0.0,,finmind,2026-07-17T15:22:30.084716+08:00
2023-03-27,70.1,76.8,69.9,75.5,987960,73496417,930,,,161000.0,0.0,6000.0,3297.0,0.0,,finmind,2026-07-17T15:22:30.084716+08:00
2023-03-28,77.0,81.0,70.7,72.6,1848588,139626284,1724,,,-246951.0,0.0,20000.0,3447.0,0.0,,finmind,2026-07-17T15:22:30.084716+08:00
2023-03-29,73.8,79.8,73.6,79.3,2254506,175814465,1766,,,444000.0,0.0,-3000.0,3479.0,0.0,,finmind,2026-07-17T15:22:30.084716+08:00
2023-03-30,80.9,82.5,78.0,78.0,1939320,155080333,2019,,,-368000.0,0.0,1000.0,3455.0,14.0,,finmind,2026-07-17T15:22:30.084716+08:00
2023-03-31,80.5,81.6,76.6,77.9,1182834,92753731,1062,,,-96000.0,0.0,0.0,3483.0,24.0,,finmind,2026-07-17T15:22:30.084716+08:00
2023-04-06,76.2,78.4,72.7,75.5,1721569,128333255,1370,,,-43039.0,0.0,-10000.0,3472.0,16.0,,finmind,2026-07-17T15:22:30.084716+08:00
2023-04-07,76.0,78.2,75.3,75.5,1310845,100309754,896,,,41000.0,0.0,0.0,3444.0,27.0,,finmind,2026-07-17T15:22:30.084716+08:00
2023-04-10,75.3,79.9,75.3,79.7,1888212,148481321,1462,,,177000.0,0.0,86000.0,3433.0,46.0,,finmind,2026-07-17T15:22:30.084716+08:00
2023-04-11,80.0,80.7,77.6,79.8,1324067,105363309,1148,,,68040.0,0.0,48000.0,3404.0,44.0,,finmind,2026-07-17T15:22:30.084716+08:00
2023-04-12,82.0,84.5,79.8,84.2,1460978,121130544,1757,,,62022.0,92000.0,7000.0,3410.0,56.0,,finmind,2026-07-17T15:22:30.084716+08:00
2023-04-13,84.0,84.7,79.1,80.1,1600585,130987620,1997,,,-227950.0,0.0,-7000.0,3527.0,51.0,,finmind,2026-07-17T15:22:30.084716+08:00
2023-04-14,79.1,80.9,77.5,78.3,956703,75319438,874,,,-42000.0,0.0,0.0,3514.0,47.0,,finmind,2026-07-17T15:22:30.084716+08:00
2023-04-17,77.6,80.6,77.6,78.4,825495,65253357,969,,,-110000.0,0.0,1000.0,3541.0,49.0,,finmind,2026-07-17T15:22:30.084716+08:00
2023-04-18,79.0,79.8,76.2,76.7,708209,54926983,690,,,7000.0,0.0,-47000.0,3514.0,44.0,,finmind,2026-07-17T15:22:30.084716+08:00
2023-04-19,77.3,78.5,76.2,76.7,473904,36574252,401,,,4000.0,0.0,-4000.0,3504.0,32.0,,finmind,2026-07-17T15:22:30.084716+08:00
2023-04-20,77.1,79.0,76.5,76.9,621209,48177483,743,,,-24000.0,0.0,0.0,3519.0,38.0,,finmind,2026-07-17T15:22:30.084716+08:00
2023-04-21,77.6,78.1,74.5,76.0,625530,47647541,619,,,-36000.0,0.0,0.0,3515.0,52.0,,finmind,2026-07-17T15:22:30.084716+08:00
2023-04-24,74.2,75.8,74.2,74.7,704330,52735023,670,,,121000.0,-92000.0,-88000.0,3486.0,110.0,,finmind,2026-07-17T15:22:30.084716+08:00
2023-04-25,74.9,75.5,71.1,71.6,1028622,74604171,920,,,200005.0,0.0,0.0,3484.0,170.0,,finmind,2026-07-17T15:22:30.084716+08:00
2023-04-26,70.5,75.1,70.5,73.5,642829,46955875,738,,,54005.0,0.0,0.0,3481.0,169.0,,finmind,2026-07-17T15:22:30.084716+08:00
2023-04-27,73.5,74.5,71.6,73.9,240880,17660693,263,,,-25000.0,0.0,0.0,3510.0,155.0,,finmind,2026-07-17T15:22:30.084716+08:00
2023-04-28,74.8,74.8,72.5,73.9,264405,19533410,269,,,-2000.0,0.0,0.0,3522.0,132.0,,finmind,2026-07-17T15:22:30.084716+08:00
2023-05-02,74.1,75.3,74.0,74.8,260887,19469136,295,,,22000.0,0.0,12000.0,3521.0,147.0,,finmind,2026-07-17T15:22:30.084716+08:00
2023-05-03,74.5,75.0,73.6,73.7,148368,10994380,206,,,-46000.0,0.0,-6000.0,3527.0,138.0,,finmind,2026-07-17T15:22:30.084716+08:00
2023-05-04,73.5,75.6,72.8,74.9,324938,24136301,339,,,73000.0,0.0,42000.0,3529.0,152.0,,finmind,2026-07-17T15:22:30.084716+08:00
2023-05-05,74.8,75.0,73.5,74.6,239181,17743109,249,,,4000.0,0.0,-4000.0,3546.0,164.0,,finmind,2026-07-17T15:22:30.084716+08:00
2023-05-08,74.6,77.8,74.5,75.0,636066,48402886,589,,,20000.0,0.0,-6000.0,3620.0,148.0,,finmind,2026-07-17T15:22:30.084716+08:00
2023-05-09,75.8,75.8,72.5,72.9,516893,37963883,614,,,-44000.0,0.0,37000.0,3584.0,222.0,,finmind,2026-07-17T15:22:30.084716+08:00
2023-05-10,73.7,73.9,71.4,73.6,563841,41229441,559,,,115000.0,0.0,0.0,3610.0,229.0,,finmind,2026-07-17T15:22:30.084716+08:00
2023-05-11,70.5,72.6,68.0,68.0,1394860,97059900,1129,,,-95940.0,0.0,-18000.0,3658.0,178.0,,finmind,2026-07-17T15:22:30.084716+08:00
2023-05-12,68.0,68.5,66.6,67.8,547917,37104234,498,,,81000.0,0.0,-36000.0,3635.0,187.0,,finmind,2026-07-17T15:22:30.084716+08:00
2023-05-15,66.7,67.8,66.7,67.7,163743,10998791,182,,,-24000.0,0.0,-10000.0,3654.0,162.0,,finmind,2026-07-17T15:22:30.084716+08:00
2023-05-16,68.3,68.9,67.0,67.1,245094,16549321,249,,,2000.0,0.0,0.0,3603.0,159.0,,finmind,2026-07-17T15:22:30.084716+08:00
2023-05-17,66.7,68.5,66.7,68.0,190990,12912978,197,,,55000.0,0.0,0.0,3617.0,155.0,,finmind,2026-07-17T15:22:30.084716+08:00
2023-05-18,69.6,69.6,68.3,68.5,322521,22221690,302,,,-11000.0,0.0,2000.0,3620.0,166.0,,finmind,2026-07-17T15:22:30.084716+08:00
2023-05-19,69.6,69.6,67.0,67.1,322772,22027309,353,,,-106000.0,0.0,-11000.0,3633.0,187.0,,finmind,2026-07-17T15:22:30.084716+08:00
2023-05-22,67.1,69.4,66.6,68.3,234291,16045932,245,,,42000.0,0.0,0.0,3620.0,189.0,,finmind,2026-07-17T15:22:30.084716+08:00
2023-05-23,68.7,69.5,67.6,68.8,145786,10027733,178,,,-43000.0,0.0,0.0,3680.0,191.0,,finmind,2026-07-17T15:22:30.084716+08:00
2023-05-24,68.8,69.2,68.0,68.7,164724,11287995,165,,,-74000.0,0.0,0.0,3676.0,190.0,,finmind,2026-07-17T15:22:30.084716+08:00
2023-05-25,68.6,68.6,67.4,67.5,175473,11882999,195,,,-76000.0,0.0,0.0,3692.0,189.0,,finmind,2026-07-17T15:22:30.084716+08:00
2023-05-26,67.6,67.7,65.0,65.3,369566,24309548,449,,,-95000.0,0.0,0.0,3693.0,184.0,,finmind,2026-07-17T15:22:30.084716+08:00
2023-05-29,65.6,70.1,65.6,68.3,541466,36735621,304,,,79000.0,0.0,6000.0,3762.0,182.0,,finmind,2026-07-17T15:22:30.084716+08:00
2023-05-30,69.0,69.0,67.0,67.8,162475,11017357,181,,,-55000.0,0.0,-5000.0,3783.0,182.0,,finmind,2026-07-17T15:22:30.084716+08:00
2023-05-31,68.0,69.3,68.0,69.0,217230,14968424,212,,,43000.0,0.0,1000.0,3756.0,182.0,,finmind,2026-07-17T15:22:30.084716+08:00
2023-06-01,69.6,69.6,67.5,67.9,210319,14326899,255,,,-142000.0,0.0,0.0,3789.0,180.0,,finmind,2026-07-17T15:22:30.084716+08:00
2023-06-02,68.1,69.0,67.7,68.2,164995,11318469,181,,,5000.0,0.0,3000.0,3731.0,180.0,,finmind,2026-07-17T15:22:30.084716+08:00
2023-06-05,68.5,70.0,68.4,69.6,275256,19066248,262,,,56000.0,0.0,31000.0,3711.0,196.0,,finmind,2026-07-17T15:22:30.084716+08:00
2023-06-06,70.0,70.4,67.7,69.4,387275,26609661,367,,,-116000.0,0.0,52000.0,3705.0,187.0,,finmind,2026-07-17T15:22:30.084716+08:00
2023-06-07,69.4,70.2,68.6,69.5,381464,26468260,296,,,11000.0,0.0,-11000.0,3678.0,179.0,,finmind,2026-07-17T15:22:30.084716+08:00
2023-06-08,69.0,70.7,68.0,68.0,241988,16614111,362,,,-103000.0,0.0,-15000.0,3711.0,179.0,,finmind,2026-07-17T15:22:30.084716+08:00
2023-06-09,68.4,68.8,67.4,67.6,227047,15460887,266,,,-32000.0,0.0,5000.0,3704.0,177.0,,finmind,2026-07-17T15:22:30.084716+08:00
2023-06-12,68.3,70.2,66.8,67.6,631566,43244465,532,,,-99000.0,0.0,-3000.0,3703.0,121.0,,finmind,2026-07-17T15:22:30.084716+08:00
2023-06-13,68.4,68.4,66.5,67.0,374735,25117233,324,,,-47000.0,0.0,-19000.0,3618.0,19.0,,finmind,2026-07-17T15:22:30.084716+08:00
2023-06-14,68.3,68.3,62.5,63.6,789774,51582591,568,,,10000.0,0.0,-23000.0,3474.0,4.0,,finmind,2026-07-17T15:22:30.084716+08:00
2023-06-15,64.0,64.5,61.6,63.9,1235922,77731752,837,,,408000.0,0.0,12000.0,2878.0,3.0,,finmind,2026-07-17T15:22:30.084716+08:00
2023-06-16,64.0,68.7,64.0,65.6,700579,46535011,649,,,-10000.0,0.0,-4000.0,2884.0,1.0,,finmind,2026-07-17T15:22:30.084716+08:00
2023-06-19,65.6,66.8,64.2,65.1,263276,17153303,269,,,-29000.0,0.0,2000.0,2879.0,0.0,,finmind,2026-07-17T15:22:30.084716+08:00
2023-06-20,65.6,65.6,63.7,63.7,293857,18850625,310,,,-93000.0,0.0,-2000.0,2882.0,0.0,,finmind,2026-07-17T15:22:30.084716+08:00
2023-06-21,63.3,64.5,63.3,64.4,174288,11162674,187,,,5000.0,0.0,0.0,2885.0,0.0,,finmind,2026-07-17T15:22:30.084716+08:00
2023-06-26,64.1,65.1,63.4,64.6,514012,33094217,404,,,1000.0,0.0,59000.0,2847.0,0.0,,finmind,2026-07-17T15:22:30.084716+08:00
2023-06-27,62.6,63.4,61.3,61.3,493858,30673017,532,,,-148000.0,0.0,-46000.0,2861.0,0.0,,finmind,2026-07-17T15:22:30.084716+08:00
2023-06-28,62.0,62.7,61.5,62.1,140780,8746925,151,,,29000.0,0.0,-6000.0,2830.0,1.0,,finmind,2026-07-17T15:22:30.084716+08:00
2023-06-29,62.6,62.9,62.2,62.6,114776,7180220,158,,,37000.0,0.0,-1000.0,2814.0,0.0,,finmind,2026-07-17T15:22:30.084716+08:00
2023-06-30,62.8,62.9,61.6,62.5,93514,5832872,146,,,-40000.0,0.0,-2000.0,2789.0,0.0,,finmind,2026-07-17T15:22:30.084716+08:00
2023-07-03,63.0,63.0,61.9,62.7,129041,8042712,196,,,-11000.0,0.0,636.0,2800.0,0.0,,finmind,2026-07-17T15:22:30.084716+08:00
2023-07-04,62.9,62.9,60.6,60.6,321799,19655826,434,,,-114000.0,0.0,-7103.0,2810.0,0.0,,finmind,2026-07-17T15:22:30.084716+08:00
2023-07-05,60.8,61.4,60.1,60.3,173826,10515675,211,,,-46000.0,0.0,4000.0,2815.0,2.0,,finmind,2026-07-17T15:22:30.084716+08:00
2023-07-06,60.6,60.6,57.4,58.2,411040,24128950,525,,,-11000.0,0.0,-139.0,2798.0,1.0,,finmind,2026-07-17T15:22:30.084716+08:00
2023-07-07,57.7,59.4,57.3,58.6,169513,9883695,178,,,-10000.0,0.0,-20632.0,2819.0,1.0,,finmind,2026-07-17T15:22:30.084716+08:00
2023-07-10,58.6,59.3,57.9,58.0,183628,10729919,278,,,27000.0,0.0,-321.0,2838.0,3.0,,finmind,2026-07-17T15:22:30.084716+08:00
2023-07-11,58.2,58.2,56.4,56.5,305829,17387284,430,,,42000.0,0.0,442.0,2810.0,0.0,,finmind,2026-07-17T15:22:30.084716+08:00
2023-07-12,56.6,56.6,55.4,56.0,245879,13736852,299,,,116000.0,0.0,-565.0,2784.0,3.0,,finmind,2026-07-17T15:22:30.084716+08:00
2023-07-13,56.2,57.7,56.2,57.1,154096,8763578,178,,,-1000.0,0.0,1000.0,2765.0,4.0,,finmind,2026-07-17T15:22:30.084716+08:00
2023-07-14,57.0,57.1,56.2,56.6,173929,9838263,290,,,-25000.0,0.0,0.0,2814.0,4.0,,finmind,2026-07-17T15:22:30.084716+08:00
2023-07-17,57.0,58.6,56.7,58.1,303355,17563761,269,,,25000.0,0.0,-1000.0,2804.0,5.0,,finmind,2026-07-17T15:22:30.084716+08:00
2023-07-18,59.9,60.0,56.6,57.0,312970,18137829,478,,,-165000.0,0.0,4777.0,2858.0,6.0,,finmind,2026-07-17T15:22:30.084716+08:00
2023-07-19,58.0,59.0,56.8,57.0,156294,9050122,171,,,-38000.0,0.0,2781.0,2873.0,6.0,,finmind,2026-07-17T15:22:30.084716+08:00
2023-07-20,57.1,57.9,56.8,56.8,109806,6283984,233,,,0.0,0.0,-46.0,2822.0,6.0,,finmind,2026-07-17T15:22:30.084716+08:00
2023-07-21,56.0,56.6,55.4,55.9,156322,8741287,200,,,-30000.0,0.0,-670.0,2822.0,5.0,,finmind,2026-07-17T15:22:30.084716+08:00
2023-07-24,55.9,56.5,54.0,55.6,305278,16855109,318,,,58000.0,0.0,565.0,2836.0,4.0,,finmind,2026-07-17T15:22:30.084716+08:00
2023-07-25,56.0,58.6,56.0,57.6,299595,17234142,306,,,1000.0,0.0,782.0,2790.0,4.0,,finmind,2026-07-17T15:22:30.084716+08:00
2023-07-26,58.0,58.0,55.8,56.6,153443,8661723,315,,,-92000.0,0.0,-2086.0,2708.0,4.0,,finmind,2026-07-17T15:22:30.084716+08:00
2023-07-27,57.1,57.1,56.0,56.7,119798,6752695,127,,,8000.0,0.0,0.0,2698.0,4.0,,finmind,2026-07-17T15:22:30.084716+08:00
2023-07-28,57.0,57.2,56.0,56.8,137135,7732765,163,,,-41000.0,0.0,-2067.0,2707.0,4.0,,finmind,2026-07-17T15:22:30.084716+08:00
2023-07-31,58.0,58.5,56.7,57.4,205616,11843090,226,,,-32000.0,0.0,-43.0,2723.0,6.0,,finmind,2026-07-17T15:22:30.084716+08:00
2023-08-01,57.5,57.8,56.4,57.2,94120,5347033,154,,,-42000.0,0.0,0.0,2692.0,5.0,,finmind,2026-07-17T15:22:30.084716+08:00
2023-08-02,55.3,56.7,52.9,53.5,422449,22945732,533,,,-113000.0,0.0,-309.0,2706.0,14.0,,finmind,2026-07-17T15:22:30.084716+08:00
2023-08-04,53.5,53.5,52.0,52.4,206264,10847017,236,,,17000.0,0.0,343.0,2710.0,17.0,,finmind,2026-07-17T15:22:30.084716+08:00
2023-08-07,52.8,53.2,52.1,52.8,112916,5949087,132,,,13000.0,0.0,416.0,2683.0,8.0,,finmind,2026-07-17T15:22:30.084716+08:00
2023-08-08,52.9,53.6,50.0,50.9,345309,17693756,382,,,19000.0,0.0,12.0,2684.0,6.0,,finmind,2026-07-17T15:22:30.084716+08:00
2023-08-09,50.3,50.5,48.95,49.45,449139,22211307,419,,,226000.0,0.0,-372.0,2678.0,6.0,,finmind,2026-07-17T15:22:30.084716+08:00
2023-08-10,49.45,49.9,47.5,49.05,298389,14488589,333,,,55000.0,0.0,71.0,2670.0,10.0,,finmind,2026-07-17T15:22:30.084716+08:00
2023-08-11,49.6,49.6,48.0,48.8,149115,7244682,194,,,-31000.0,0.0,0.0,2639.0,10.0,,finmind,2026-07-17T15:22:30.084716+08:00
2023-08-14,48.15,49.3,46.1,46.5,251502,11773833,294,,,56000.0,0.0,219.0,2636.0,11.0,,finmind,2026-07-17T15:22:30.084716+08:00
2023-08-15,46.5,47.5,46.45,46.75,113733,5321425,140,,,29000.0,0.0,150.0,2626.0,10.0,,finmind,2026-07-17T15:22:30.084716+08:00
2023-08-16,46.5,46.75,45.4,46.2,143741,6611977,210,,,21000.0,0.0,-237.0,2620.0,11.0,,finmind,2026-07-17T15:22:30.084716+08:00
2023-08-17,46.5,47.95,45.5,47.65,230037,10740015,199,,,101000.0,0.0,-10.0,2605.0,10.0,,finmind,2026-07-17T15:22:30.084716+08:00
2023-08-18,47.7,48.4,46.75,47.3,140314,6655070,169,,,-73000.0,0.0,-2640.0,2656.0,4.0,,finmind,2026-07-17T15:22:30.084716+08:00
2023-08-21,47.7,47.75,46.9,47.3,65376,3091431,72,,,-9000.0,0.0,0.0,2652.0,4.0,,finmind,2026-07-17T15:22:30.084716+08:00
2023-08-22,47.55,47.55,46.0,46.95,158098,7355375,155,,,8000.0,0.0,-252.0,2657.0,4.0,,finmind,2026-07-17T15:22:30.084716+08:00
2023-08-23,47.0,47.3,46.25,46.7,89576,4185472,108,,,-1000.0,0.0,-447.0,2632.0,5.0,,finmind,2026-07-17T15:22:30.084716+08:00
2023-08-24,46.35,47.2,45.9,46.65,151669,7050023,172,,,-2000.0,0.0,-65.0,2636.0,4.0,,finmind,2026-07-17T15:22:30.084716+08:00
2023-08-25,46.3,47.4,46.0,47.25,128000,6013520,145,,,48000.0,0.0,800.0,2611.0,7.0,,finmind,2026-07-17T15:22:30.084716+08:00
2023-08-28,47.7,47.95,47.1,47.15,130722,6215892,165,,,-41000.0,0.0,-973.0,2592.0,7.0,,finmind,2026-07-17T15:22:30.084716+08:00
2023-08-29,47.2,47.5,46.55,47.15,99506,4685720,143,,,-11000.0,0.0,-8.0,2603.0,7.0,,finmind,2026-07-17T15:22:30.084716+08:00
2023-08-30,47.5,47.5,46.5,46.8,140665,6580380,152,,,11000.0,0.0,407.0,2593.0,7.0,,finmind,2026-07-17T15:22:30.084716+08:00
2023-08-31,46.8,47.05,46.5,47.05,95211,4462854,94,,,20000.0,0.0,0.0,2563.0,7.0,,finmind,2026-07-17T15:22:30.084716+08:00
2023-09-01,47.0,47.45,46.9,47.15,78362,3700366,86,,,4000.0,0.0,-133.0,2551.0,7.0,,finmind,2026-07-17T15:22:30.084716+08:00
2023-09-04,47.4,48.7,47.35,48.45,186346,8909278,198,,,67000.0,0.0,456.0,2518.0,6.0,,finmind,2026-07-17T15:22:30.084716+08:00
2023-09-05,49.35,49.35,47.95,48.8,147553,7155415,167,,,-74000.0,0.0,873.0,2539.0,6.0,,finmind,2026-07-17T15:22:30.084716+08:00
2023-09-06,49.0,49.0,47.75,48.5,125062,6037636,141,,,-61000.0,0.0,243.0,2575.0,6.0,,finmind,2026-07-17T15:22:30.084716+08:00
2023-09-07,48.35,48.45,47.5,48.15,76241,3656052,81,,,-30000.0,0.0,-7.0,2595.0,6.0,,finmind,2026-07-17T15:22:30.084716+08:00
2023-09-08,47.5,48.35,46.6,46.7,136271,6420772,189,,,-70000.0,0.0,-1130.0,2638.0,6.0,,finmind,2026-07-17T15:22:30.084716+08:00
2023-09-11,46.8,46.95,45.4,46.05,122842,5644034,182,,,-35000.0,0.0,-621.0,2634.0,2.0,,finmind,2026-07-17T15:22:30.084716+08:00
2023-09-12,45.8,46.1,45.15,45.65,118029,5371197,173,,,-18000.0,0.0,436.0,2646.0,2.0,,finmind,2026-07-17T15:22:30.084716+08:00
2023-09-13,45.4,45.7,44.45,44.8,129236,5798135,199,,,-7000.0,0.0,174.0,2623.0,2.0,,finmind,2026-07-17T15:22:30.084716+08:00
2023-09-14,45.1,45.2,44.6,44.9,72811,3269605,96,,,13000.0,0.0,-73.0,2605.0,1.0,,finmind,2026-07-17T15:22:30.084716+08:00
2023-09-15,45.5,45.5,44.3,44.7,124250,5553262,148,,,-55000.0,0.0,-1956.0,2596.0,1.0,,finmind,2026-07-17T15:22:30.084716+08:00
2023-09-18,44.7,45.65,44.4,44.85,80334,3611132,95,,,23000.0,0.0,-329.0,2586.0,1.0,,finmind,2026-07-17T15:22:30.084716+08:00
2023-09-19,45.05,45.05,44.0,44.4,125523,5569047,136,,,-36000.0,0.0,298.0,2585.0,6.0,,finmind,2026-07-17T15:22:30.084716+08:00
2023-09-20,44.4,44.4,43.0,43.15,152743,6618870,205,,,-55000.0,0.0,5.0,2582.0,1.0,,finmind,2026-07-17T15:22:30.084716+08:00
2023-09-21,43.15,43.5,42.3,43.45,133924,5741354,162,,,42000.0,0.0,-6833.0,2569.0,1.0,,finmind,2026-07-17T15:22:30.084716+08:00
2023-09-22,43.0,43.75,43.0,43.7,37169,1614056,47,,,3000.0,0.0,-1000.0,2572.0,1.0,,finmind,2026-07-17T15:22:30.084716+08:00
2023-09-25,43.9,44.45,43.85,44.2,58913,2602249,101,,,22000.0,0.0,0.0,2535.0,1.0,,finmind,2026-07-17T15:22:30.084716+08:00
2023-09-26,43.9,44.15,43.4,44.1,59436,2606104,68,,,-19000.0,0.0,-8049.0,2554.0,1.0,,finmind,2026-07-17T15:22:30.084716+08:00
2023-09-27,44.1,44.65,43.2,43.5,82155,3583540,113,,,-18000.0,0.0,-129.0,2549.0,1.0,,finmind,2026-07-17T15:22:30.084716+08:00
2023-09-28,43.9,44.4,43.5,44.1,72828,3190306,89,,,21000.0,0.0,0.0,2541.0,1.0,,finmind,2026-07-17T15:22:30.084716+08:00
2023-10-02,43.75,44.55,43.4,43.8,74746,3284167,89,,,3000.0,0.0,-382.0,2516.0,1.0,,finmind,2026-07-17T15:22:30.084716+08:00
2023-10-03,43.8,43.8,43.2,43.6,74539,3238599,79,,,-15000.0,0.0,482.0,2506.0,1.0,,finmind,2026-07-17T15:22:30.084716+08:00
2023-10-04,43.65,43.65,42.5,43.0,77815,3330755,103,,,-25000.0,0.0,-339.0,2524.0,1.0,,finmind,2026-07-17T15:22:30.084716+08:00
2023-10-05,43.3,43.3,42.75,42.95,26198,1126896,42,,,0.0,0.0,-18.0,2532.0,1.0,,finmind,2026-07-17T15:22:30.084716+08:00
2023-10-06,42.65,43.2,42.65,42.9,32154,1380023,36,,,5000.0,0.0,-7.0,2533.0,1.0,,finmind,2026-07-17T15:22:30.084716+08:00
2023-10-11,42.45,42.75,41.8,42.0,70263,2967105,133,,,-12000.0,0.0,-7643.0,2538.0,1.0,,finmind,2026-07-17T15:22:30.084716+08:00
2023-10-12,42.0,42.45,42.0,42.05,47580,2008527,90,,,6000.0,0.0,-2117.0,2525.0,1.0,,finmind,2026-07-17T15:22:30.084716+08:00
2023-10-13,42.3,42.45,41.7,42.25,74499,3127231,101,,,-1000.0,0.0,-100.0,2519.0,1.0,,finmind,2026-07-17T15:22:30.084716+08:00
2023-10-16,42.1,42.1,41.6,41.95,34348,1437917,73,,,-10000.0,0.0,-338.0,2519.0,1.0,,finmind,2026-07-17T15:22:30.084716+08:00
2023-10-17,42.0,42.25,41.5,41.85,90356,3780641,121,,,-5000.0,0.0,560.0,2500.0,1.0,,finmind,2026-07-17T15:22:30.084716+08:00
2023-10-18,41.85,42.15,40.45,41.45,119448,4912859,163,,,-5000.0,0.0,144.0,2491.0,3.0,,finmind,2026-07-17T15:22:30.084716+08:00
2023-10-19,41.5,41.85,40.85,41.4,36150,1491211,48,,,-4000.0,0.0,0.0,2497.0,3.0,,finmind,2026-07-17T15:22:30.084716+08:00
2023-10-20,41.85,41.85,39.9,40.65,154113,6219521,166,,,2000.0,0.0,103.0,2488.0,3.0,,finmind,2026-07-17T15:22:30.084716+08:00
2023-10-23,40.9,41.2,40.5,41.15,65914,2695898,74,,,14000.0,0.0,-195.0,2489.0,3.0,,finmind,2026-07-17T15:22:30.084716+08:00
2023-10-24,41.35,42.2,41.0,42.0,88573,3695546,83,,,15000.0,0.0,0.0,2465.0,3.0,,finmind,2026-07-17T15:22:30.084716+08:00
2023-10-25,42.05,43.75,42.05,43.5,152180,6586766,175,,,5000.0,0.0,-732.0,2451.0,4.0,,finmind,2026-07-17T15:22:30.084716+08:00
2023-10-26,43.5,43.75,43.1,43.1,81267,3531671,114,,,-15000.0,0.0,9.0,2439.0,4.0,,finmind,2026-07-17T15:22:30.084716+08:00
2023-10-27,43.85,44.1,43.6,44.0,108822,4779315,129,,,-2000.0,0.0,791.0,2424.0,4.0,,finmind,2026-07-17T15:22:30.084716+08:00
2023-10-30,44.0,44.5,43.05,44.0,70608,3089988,98,,,-25000.0,0.0,-198.0,2438.0,4.0,,finmind,2026-07-17T15:22:30.084716+08:00
2023-10-31,43.8,43.8,42.0,42.3,102719,4374300,130,,,-24000.0,0.0,-1100.0,2443.0,3.0,,finmind,2026-07-17T15:22:30.084716+08:00
2023-11-01,43.0,43.4,42.0,42.55,51286,2178588,75,,,3000.0,0.0,-69.0,2437.0,3.0,,finmind,2026-07-17T15:22:30.084716+08:00
2023-11-02,43.0,43.2,42.2,42.6,31569,1349031,90,,,-6000.0,0.0,-157.0,2444.0,3.0,,finmind,2026-07-17T15:22:30.084716+08:00
2023-11-03,43.15,43.15,42.5,43.0,48766,2087213,62,,,6000.0,0.0,603.0,2429.0,3.0,,finmind,2026-07-17T15:22:30.084716+08:00
2023-11-06,42.95,44.7,42.95,44.35,127375,5615968,138,,,7000.0,0.0,19.0,2434.0,5.0,,finmind,2026-07-17T15:22:30.084716+08:00
2023-11-07,44.4,44.75,43.3,44.15,80697,3557913,100,,,-20000.0,0.0,-183.0,2430.0,5.0,,finmind,2026-07-17T15:22:30.084716+08:00
2023-11-08,44.4,44.75,44.1,44.45,55582,2468455,61,,,-6000.0,0.0,0.0,2429.0,5.0,,finmind,2026-07-17T15:22:30.084716+08:00
2023-11-09,44.45,44.45,43.3,43.9,66874,2942515,76,,,-19000.0,0.0,-665.0,2432.0,5.0,,finmind,2026-07-17T15:22:30.084716+08:00
2023-11-10,43.9,44.15,42.6,42.9,120287,5184796,149,,,-14000.0,0.0,-107.0,2430.0,5.0,,finmind,2026-07-17T15:22:30.084716+08:00
2023-11-13,42.85,43.05,42.45,42.9,37548,1606693,54,,,2000.0,0.0,953.0,2430.0,5.0,,finmind,2026-07-17T15:22:30.084716+08:00
2023-11-14,43.1,43.1,42.6,43.05,39786,1705598,51,,,-6000.0,0.0,0.0,2435.0,5.0,,finmind,2026-07-17T15:22:30.084716+08:00
2023-11-15,43.15,43.85,42.9,43.75,73014,3162594,63,,,24000.0,0.0,-207.0,2441.0,5.0,,finmind,2026-07-17T15:22:30.084716+08:00
2023-11-16,43.95,43.95,43.25,43.55,49448,2154117,49,,,10000.0,0.0,0.0,2430.0,5.0,,finmind,2026-07-17T15:22:30.084716+08:00
2023-11-17,43.7,47.9,43.6,47.9,515618,23970335,499,,,78000.0,0.0,-372.0,2409.0,6.0,,finmind,2026-07-17T15:22:30.084716+08:00
2023-11-20,49.35,50.0,48.2,49.7,842069,41551115,774,,,-247000.0,0.0,373.0,2445.0,6.0,,finmind,2026-07-17T15:22:30.084716+08:00
2023-11-21,49.35,49.65,48.0,48.1,284399,13836881,312,,,-41000.0,0.0,-645.0,2424.0,6.0,,finmind,2026-07-17T15:22:30.084716+08:00
2023-11-22,48.1,48.75,47.6,48.0,185007,8921207,214,,,20000.0,0.0,137.0,2415.0,6.0,,finmind,2026-07-17T15:22:30.084716+08:00
2023-11-23,48.0,52.5,48.0,51.8,655698,33090189,669,,,48000.0,0.0,14420.0,2495.0,7.0,,finmind,2026-07-17T15:22:30.084716+08:00
2023-11-24,51.9,51.9,49.85,50.5,337179,17067687,594,,,-65000.0,0.0,-322.0,2502.0,6.0,,finmind,2026-07-17T15:22:30.084716+08:00
2023-11-27,50.5,50.5,48.9,49.55,201148,9950848,238,,,-26000.0,0.0,-7.0,2531.0,2.0,,finmind,2026-07-17T15:22:30.084716+08:00
2023-11-28,49.3,49.85,49.25,49.25,103211,5106512,114,,,-22000.0,0.0,0.0,2523.0,2.0,,finmind,2026-07-17T15:22:30.084716+08:00
2023-11-29,49.25,49.75,48.8,49.25,100032,4917097,114,,,-21000.0,0.0,0.0,2512.0,2.0,,finmind,2026-07-17T15:22:30.084716+08:00
2023-11-30,49.7,49.85,48.7,49.0,88424,4348092,96,,,-13000.0,0.0,-21.0,2501.0,2.0,,finmind,2026-07-17T15:22:30.084716+08:00
2023-12-01,49.0,49.1,48.2,48.25,112967,5481765,118,,,-2000.0,0.0,-175.0,2498.0,2.0,,finmind,2026-07-17T15:22:30.084716+08:00
2023-12-04,48.85,48.85,48.0,48.3,79941,3864074,102,,,-8000.0,0.0,140.0,2495.0,2.0,,finmind,2026-07-17T15:22:30.084716+08:00
2023-12-05,48.6,48.6,47.55,48.3,66607,3208710,82,,,-7000.0,0.0,0.0,2467.0,2.0,,finmind,2026-07-17T15:22:30.084716+08:00
2023-12-06,48.5,50.5,48.4,50.0,252307,12491030,275,,,50000.0,0.0,545.0,2469.0,4.0,,finmind,2026-07-17T15:22:30.084716+08:00
2023-12-07,51.5,51.5,49.6,49.85,133461,6701586,193,,,-24000.0,0.0,-4000.0,2476.0,4.0,,finmind,2026-07-17T15:22:30.084716+08:00
2023-12-08,49.55,49.6,48.65,49.3,149359,7332448,184,,,-4000.0,0.0,-418.0,2470.0,3.0,,finmind,2026-07-17T15:22:30.084716+08:00
2023-12-11,49.3,49.3,48.75,48.75,39343,1923004,55,,,-7000.0,0.0,-46.0,2479.0,3.0,,finmind,2026-07-17T15:22:30.084716+08:00
2023-12-12,48.85,49.4,48.7,48.7,77949,3819000,78,,,3000.0,0.0,-90.0,2450.0,3.0,,finmind,2026-07-17T15:22:30.084716+08:00
2023-12-13,49.0,49.25,48.2,48.45,60743,2956627,198,,,-12000.0,0.0,0.0,2442.0,3.0,,finmind,2026-07-17T15:22:30.084716+08:00
2023-12-14,48.25,48.9,47.9,48.35,96435,4646955,108,,,910.0,0.0,-165.0,2459.0,0.0,,finmind,2026-07-17T15:22:30.084716+08:00
2023-12-15,48.6,48.6,48.15,48.35,38659,1867805,58,,,-4002.0,0.0,0.0,2463.0,0.0,,finmind,2026-07-17T15:22:30.084716+08:00
2023-12-18,48.15,48.4,47.2,47.75,69753,3333793,103,,,-5000.0,0.0,525.0,2459.0,0.0,,finmind,2026-07-17T15:22:30.084716+08:00
2023-12-19,48.2,48.2,47.25,47.45,51145,2434456,75,,,-3000.0,0.0,-1938.0,2464.0,0.0,,finmind,2026-07-17T15:22:30.084716+08:00
2023-12-20,47.2,47.75,47.1,47.45,61312,2901573,113,,,7000.0,0.0,-93.0,2473.0,0.0,,finmind,2026-07-17T15:22:30.084716+08:00
2023-12-21,47.45,47.45,46.8,46.9,56394,2654106,77,,,-5000.0,0.0,0.0,2476.0,0.0,,finmind,2026-07-17T15:22:30.084716+08:00
2023-12-22,46.9,47.9,46.9,47.1,66479,3136443,60,,,8000.0,0.0,0.0,2480.0,0.0,,finmind,2026-07-17T15:22:30.084716+08:00
2023-12-25,46.9,47.5,46.7,46.9,119787,5626239,139,,,-6000.0,0.0,0.0,2486.0,0.0,,finmind,2026-07-17T15:22:30.084716+08:00
2023-12-26,47.15,47.45,46.95,47.35,37012,1750267,34,,,5000.0,0.0,0.0,2478.0,0.0,,finmind,2026-07-17T15:22:30.084716+08:00
2023-12-27,47.6,47.6,46.9,47.2,50284,2372981,59,,,-2000.0,0.0,-66.0,2462.0,0.0,,finmind,2026-07-17T15:22:30.084716+08:00
2023-12-28,47.0,47.7,46.8,46.8,79059,3718588,75,,,8000.0,0.0,0.0,2450.0,0.0,,finmind,2026-07-17T15:22:30.084716+08:00
2023-12-29,46.8,47.55,46.8,47.25,88107,4159808,85,,,19000.0,0.0,-55.0,2428.0,0.0,,finmind,2026-07-17T15:22:30.084716+08:00
2024-01-02,47.3,48.6,47.3,47.7,81952,3911791,89,,,15000.0,0.0,-106.0,2424.0,0.0,,finmind,2026-07-17T15:22:30.084716+08:00
2024-01-03,47.7,47.7,47.0,47.45,57749,2733883,71,,,-3000.0,0.0,-365.0,2435.0,0.0,,finmind,2026-07-17T15:22:30.084716+08:00
2024-01-04,47.5,47.5,46.85,47.05,39484,1861264,64,,,-5000.0,0.0,839.0,2437.0,0.0,,finmind,2026-07-17T15:22:30.084716+08:00
2024-01-05,47.0,47.35,46.15,46.7,71594,3342220,91,,,-8000.0,0.0,-3466.0,2430.0,0.0,,finmind,2026-07-17T15:22:30.084716+08:00
2024-01-08,46.7,48.0,46.7,47.2,97527,4612237,83,,,7000.0,0.0,-24.0,2422.0,0.0,,finmind,2026-07-17T15:22:30.084716+08:00
2024-01-09,47.6,47.7,46.8,47.1,74393,3504774,108,,,-13000.0,0.0,0.0,2414.0,0.0,,finmind,2026-07-17T15:22:30.084716+08:00
2024-01-10,47.1,47.3,46.95,47.2,79600,3748757,67,,,9000.0,0.0,0.0,2413.0,0.0,,finmind,2026-07-17T15:22:30.084716+08:00
2024-01-11,47.2,48.2,47.2,47.45,121109,5768332,106,,,37000.0,0.0,-27.0,2412.0,0.0,,finmind,2026-07-17T15:22:30.084716+08:00
2024-01-12,47.45,47.65,47.0,47.25,132137,6250977,69,,,-5000.0,0.0,-79.0,2412.0,0.0,,finmind,2026-07-17T15:22:30.084716+08:00
2024-01-15,47.65,48.4,47.65,48.2,129323,6214744,121,,,57000.0,0.0,-3.0,2403.0,0.0,,finmind,2026-07-17T15:22:30.084716+08:00
2024-01-16,48.3,48.3,47.65,47.7,59191,2838202,59,,,-14000.0,0.0,0.0,2407.0,0.0,,finmind,2026-07-17T15:22:30.084716+08:00
2024-01-17,48.0,48.05,47.35,47.45,75528,3600760,64,,,-19000.0,0.0,0.0,2395.0,0.0,,finmind,2026-07-17T15:22:30.084716+08:00
2024-01-18,48.1,48.1,47.3,47.65,15224,723827,39,,,0.0,0.0,0.0,2396.0,0.0,,finmind,2026-07-17T15:22:30.084716+08:00
2024-01-19,48.95,48.95,47.65,47.95,86132,4127903,44,,,-2000.0,0.0,0.0,2397.0,0.0,,finmind,2026-07-17T15:22:30.084716+08:00
2024-01-22,48.0,48.6,47.55,48.05,108994,5254491,103,,,38000.0,0.0,9.0,2406.0,0.0,,finmind,2026-07-17T15:22:30.084716+08:00
2024-01-23,48.05,48.7,48.0,48.45,75932,3681945,148,,,11000.0,0.0,0.0,2411.0,0.0,,finmind,2026-07-17T15:22:30.084716+08:00
2024-01-24,48.7,49.25,48.5,49.2,150295,7360699,173,,,32000.0,0.0,0.0,2410.0,0.0,,finmind,2026-07-17T15:22:30.084716+08:00
2024-01-25,49.25,49.3,48.3,48.75,87568,4274528,124,,,-21000.0,0.0,0.0,2414.0,0.0,,finmind,2026-07-17T15:22:30.084716+08:00
2024-01-26,48.5,48.9,48.5,48.85,29049,1416939,30,,,-9000.0,0.0,0.0,2415.0,0.0,,finmind,2026-07-17T15:22:30.084716+08:00
2024-01-29,49.15,49.15,48.65,48.8,61968,3026239,56,,,6000.0,0.0,215.0,2416.0,0.0,,finmind,2026-07-17T15:22:30.084716+08:00
2024-01-30,48.85,48.85,48.1,48.45,69415,3357440,122,,,-10000.0,0.0,0.0,2430.0,0.0,,finmind,2026-07-17T15:22:30.084716+08:00
2024-01-31,48.3,48.7,48.2,48.35,87700,4249990,114,,,25000.0,0.0,1.0,2423.0,0.0,,finmind,2026-07-17T15:22:30.084716+08:00
2024-02-01,48.15,48.75,48.15,48.5,58753,2854415,74,,,8000.0,0.0,13.0,2414.0,0.0,,finmind,2026-07-17T15:22:30.084716+08:00
2024-02-02,48.65,49.8,48.6,49.5,122291,6026564,131,,,18000.0,0.0,-2994.0,2438.0,0.0,,finmind,2026-07-17T15:22:30.084716+08:00
2024-02-05,49.1,49.8,48.75,49.5,133465,6584423,143,,,-10000.0,0.0,-94.0,2451.0,0.0,,finmind,2026-07-17T15:22:30.084716+08:00
2024-02-15,49.85,49.9,49.0,49.2,93254,4618609,146,,,5000.0,0.0,-1.0,2459.0,0.0,,finmind,2026-07-17T15:22:30.084716+08:00
2024-02-16,49.5,51.5,49.2,51.3,338023,17015179,307,,,27000.0,0.0,308.0,2558.0,0.0,,finmind,2026-07-17T15:22:30.084716+08:00
2024-02-19,51.5,52.1,51.3,51.7,217231,11225909,283,,,-14000.0,0.0,-1374.0,2565.0,0.0,,finmind,2026-07-17T15:22:30.084716+08:00
2024-02-20,52.4,55.8,52.0,53.6,873245,47446940,1021,,,-17000.0,0.0,-2985.0,2518.0,0.0,,finmind,2026-07-17T15:22:30.084716+08:00
2024-02-21,54.9,55.0,53.4,54.4,318136,17347188,404,,,-16000.0,50000.0,645.0,2481.0,0.0,,finmind,2026-07-17T15:22:30.084716+08:00
2024-02-22,56.0,59.7,56.0,58.6,910168,52781206,1061,,,-21000.0,0.0,2086.0,2550.0,0.0,,finmind,2026-07-17T15:22:30.084716+08:00
2024-02-23,58.5,58.5,56.3,57.5,512506,29389764,582,,,-34000.0,65000.0,-76.0,2489.0,0.0,,finmind,2026-07-17T15:22:30.084716+08:00
2024-02-26,59.0,59.5,58.0,58.1,444189,26062896,423,,,-23000.0,55000.0,-81.0,2484.0,0.0,,finmind,2026-07-17T15:22:30.084716+08:00
2024-02-27,59.5,61.3,57.8,58.6,656689,38880444,589,,,9000.0,0.0,4.0,2505.0,0.0,,finmind,2026-07-17T15:22:30.084716+08:00
2024-02-29,58.3,62.9,58.3,61.4,1067453,65507420,1111,,,-8000.0,0.0,4836.0,2624.0,0.0,,finmind,2026-07-17T15:22:30.084716+08:00
2024-03-01,61.6,62.0,59.5,59.8,472889,28459067,739,,,-69000.0,0.0,2795.0,2623.0,0.0,,finmind,2026-07-17T15:22:30.084716+08:00
2024-03-04,60.6,61.0,57.2,57.5,555507,32598419,614,,,-6000.0,0.0,8802.0,2615.0,0.0,,finmind,2026-07-17T15:22:30.084716+08:00
2024-03-05,58.0,60.4,57.8,59.3,638210,37909175,606,,,23000.0,0.0,-12703.0,2610.0,0.0,,finmind,2026-07-17T15:22:30.084716+08:00
2024-03-06,59.0,60.0,58.1,58.2,282437,16635729,505,,,-14000.0,0.0,314.0,2576.0,1.0,,finmind,2026-07-17T15:22:30.084716+08:00
2024-03-07,58.0,58.0,55.5,56.1,543689,30630529,637,,,-5000.0,0.0,43960.0,2563.0,3.0,,finmind,2026-07-17T15:22:30.084716+08:00
2024-03-08,56.1,56.5,54.3,54.3,339337,18691211,362,,,34000.0,0.0,25101.0,2528.0,3.0,,finmind,2026-07-17T15:22:30.084716+08:00
2024-03-11,54.3,55.9,54.0,55.7,351403,19345614,377,,,44000.0,0.0,-65476.0,2529.0,3.0,,finmind,2026-07-17T15:22:30.084716+08:00
2024-03-12,55.7,56.4,55.0,55.5,312367,17391606,266,,,-37000.0,0.0,-2762.0,2508.0,2.0,,finmind,2026-07-17T15:22:30.084716+08:00
2024-03-13,56.5,58.0,55.3,55.8,533361,29931888,480,,,-42000.0,0.0,-728.0,2530.0,2.0,,finmind,2026-07-17T15:22:30.084716+08:00
2024-03-14,55.8,55.8,54.9,55.2,127181,7022528,137,,,-28000.0,0.0,673.0,2521.0,3.0,,finmind,2026-07-17T15:22:30.084716+08:00
2024-03-15,55.2,55.2,52.6,53.2,359973,19314065,390,,,32000.0,0.0,227.0,2512.0,3.0,,finmind,2026-07-17T15:22:30.084716+08:00
2024-03-18,53.6,55.4,53.6,55.2,193223,10573803,237,,,37000.0,0.0,-258.0,2527.0,1.0,,finmind,2026-07-17T15:22:30.084716+08:00
2024-03-19,55.2,57.1,55.2,56.4,411895,23245371,512,,,-30000.0,0.0,-1746.0,2464.0,0.0,,finmind,2026-07-17T15:22:30.084716+08:00
2024-03-20,56.6,57.8,56.2,56.4,226196,12841782,277,,,-14000.0,0.0,0.0,2455.0,0.0,,finmind,2026-07-17T15:22:30.084716+08:00
2024-03-21,56.9,56.9,55.7,55.7,210571,11825717,274,,,-5000.0,0.0,-49.0,2436.0,0.0,,finmind,2026-07-17T15:22:30.084716+08:00
2024-03-22,56.9,58.5,56.8,57.2,591201,34055577,489,,,24000.0,0.0,-533.0,2415.0,0.0,,finmind,2026-07-17T15:22:30.084716+08:00
2024-03-25,58.0,58.2,57.1,57.1,270606,15545515,274,,,-52826.0,0.0,-250.0,2398.0,0.0,,finmind,2026-07-17T15:22:30.084716+08:00
2024-03-26,57.5,57.9,56.0,56.5,305637,17372472,268,,,-11000.0,0.0,260.0,2376.0,0.0,,finmind,2026-07-17T15:22:30.084716+08:00
2024-03-27,56.4,56.8,55.8,55.8,138850,7792710,168,,,-4000.0,0.0,-1.0,2405.0,0.0,,finmind,2026-07-17T15:22:30.084716+08:00
2024-03-28,56.1,56.7,55.0,55.5,142757,7932229,161,,,1000.0,0.0,-39.0,2412.0,1.0,,finmind,2026-07-17T15:22:30.084716+08:00
2024-03-29,55.6,56.0,54.8,55.2,159613,8810095,169,,,5000.0,0.0,-231.0,2405.0,0.0,,finmind,2026-07-17T15:22:30.084716+08:00
2024-04-01,56.1,56.5,55.6,55.6,104298,5845499,107,,,7000.0,0.0,-14.0,2407.0,0.0,,finmind,2026-07-17T15:22:30.084716+08:00
2024-04-02,55.6,56.4,55.5,55.6,97733,5455355,99,,,-23000.0,0.0,-46.0,2403.0,1.0,,finmind,2026-07-17T15:22:30.084716+08:00
2024-04-03,55.5,55.6,54.0,54.3,144888,7907846,143,,,-35000.0,0.0,478.0,2398.0,1.0,,finmind,2026-07-17T15:22:30.084716+08:00
2024-04-08,54.3,54.4,53.4,53.4,174736,9407113,189,,,-11000.0,0.0,181.0,2368.0,1.0,,finmind,2026-07-17T15:22:30.084716+08:00
2024-04-09,53.4,54.5,53.3,54.1,135358,7305950,120,,,14000.0,0.0,-13.0,2358.0,4.0,,finmind,2026-07-17T15:22:30.084716+08:00
2024-04-10,54.8,55.4,54.5,55.0,156898,8604189,141,,,12000.0,0.0,-267.0,2362.0,5.0,,finmind,2026-07-17T15:22:30.084716+08:00
2024-04-11,54.8,54.8,53.9,54.0,132405,7193387,133,,,-36000.0,0.0,103.0,2343.0,5.0,,finmind,2026-07-17T15:22:30.084716+08:00
2024-04-12,53.0,53.3,49.95,50.8,1203769,61283278,1123,,,23000.0,-55000.0,-4227.0,2433.0,3.0,,finmind,2026-07-17T15:22:30.084716+08:00
2024-04-15,51.0,51.7,50.8,51.3,274620,14084209,253,,,34194.0,0.0,-103.0,2460.0,3.0,,finmind,2026-07-17T15:22:30.084716+08:00
2024-04-16,51.4,51.5,50.3,50.5,199979,10149447,201,,,-23000.0,0.0,640.0,2446.0,3.0,,finmind,2026-07-17T15:22:30.084716+08:00
2024-04-17,50.6,53.8,50.6,53.5,393725,20707730,412,,,53000.0,0.0,171.0,2437.0,3.0,,finmind,2026-07-17T15:22:30.084716+08:00
2024-04-18,53.6,55.4,53.3,54.6,396798,21696685,441,,,23000.0,0.0,-1000.0,2453.0,3.0,,finmind,2026-07-17T15:22:30.084716+08:00
2024-04-19,54.8,54.8,51.8,53.5,286601,15316134,272,,,-25000.0,0.0,-1.0,2460.0,1.0,,finmind,2026-07-17T15:22:30.084716+08:00
2024-04-22,53.6,54.8,53.6,53.8,234908,12721424,223,,,21000.0,0.0,0.0,2480.0,1.0,,finmind,2026-07-17T15:22:30.084716+08:00
2024-04-23,53.9,55.0,53.9,54.5,126009,6850636,159,,,11000.0,0.0,632.0,2490.0,1.0,,finmind,2026-07-17T15:22:30.084716+08:00
2024-04-24,54.5,55.2,53.3,54.3,142952,7718612,188,,,-1000.0,0.0,-1.0,2510.0,1.0,,finmind,2026-07-17T15:22:30.084716+08:00
2024-04-25,54.0,54.7,53.4,53.9,79281,4259585,287,,,-23000.0,0.0,0.0,2550.0,1.0,,finmind,2026-07-17T15:22:30.084716+08:00
2024-04-26,54.2,54.2,53.2,53.8,96216,5157542,205,,,-31000.0,0.0,0.0,2589.0,1.0,,finmind,2026-07-17T15:22:30.084716+08:00
2024-04-29,53.6,54.0,53.4,53.6,92362,4957329,94,,,-23000.0,0.0,-3000.0,2602.0,1.0,,finmind,2026-07-17T15:22:30.084716+08:00
2024-04-30,53.6,53.6,52.8,52.8,115090,6102501,117,,,9000.0,0.0,-12.0,2590.0,1.0,,finmind,2026-07-17T15:22:30.084716+08:00
2024-05-02,52.9,53.4,52.6,53.0,109281,5783718,114,,,21000.0,0.0,-83.0,2570.0,1.0,,finmind,2026-07-17T15:22:30.084716+08:00
2024-05-03,53.7,53.7,51.7,51.9,234442,12229391,221,,,-18000.0,-60000.0,-433.0,2590.0,1.0,,finmind,2026-07-17T15:22:30.084716+08:00
2024-05-06,52.0,52.4,51.8,52.0,134496,6992766,130,,,7000.0,-37000.0,873.0,2588.0,1.0,,finmind,2026-07-17T15:22:30.084716+08:00
2024-05-07,52.4,52.5,51.6,51.9,106749,5544786,125,,,-10000.0,0.0,-191.0,2589.0,1.0,,finmind,2026-07-17T15:22:30.084716+08:00
2024-05-08,52.1,52.9,51.9,52.6,50030,2615151,58,,,6000.0,0.0,0.0,2601.0,1.0,,finmind,2026-07-17T15:22:30.084716+08:00
2024-05-09,52.6,53.0,52.0,52.0,121894,6379262,114,,,-15000.0,0.0,-89.0,2606.0,1.0,,finmind,2026-07-17T15:22:30.084716+08:00
2024-05-10,52.0,52.5,51.3,52.4,163180,8468149,117,,,1000.0,0.0,-120.0,2604.0,1.0,,finmind,2026-07-17T15:22:30.084716+08:00
2024-05-13,52.2,52.5,51.5,52.3,98493,5119463,196,,,17000.0,-18000.0,4.0,2595.0,3.0,,finmind,2026-07-17T15:22:30.084716+08:00
2024-05-14,52.4,53.4,52.4,53.1,110443,5857691,109,,,23000.0,0.0,19.0,2607.0,3.0,,finmind,2026-07-17T15:22:30.084716+08:00
2024-05-15,53.0,53.4,52.0,52.5,133005,6979225,319,,,-18000.0,0.0,0.0,2650.0,3.0,,finmind,2026-07-17T15:22:30.084716+08:00
2024-05-16,52.7,53.1,52.2,52.2,52413,2748497,80,,,-10000.0,0.0,-2.0,2649.0,3.0,,finmind,2026-07-17T15:22:30.084716+08:00
2024-05-17,52.2,52.5,51.8,52.1,66130,3443340,107,,,-7000.0,0.0,-17.0,2641.0,3.0,,finmind,2026-07-17T15:22:30.084716+08:00
2024-05-20,52.1,52.4,51.9,52.2,62647,3259808,73,,,14000.0,0.0,0.0,2630.0,3.0,,finmind,2026-07-17T15:22:30.084716+08:00
2024-05-21,52.2,52.6,51.8,51.8,78275,4078800,78,,,24000.0,0.0,-54.0,2627.0,3.0,,finmind,2026-07-17T15:22:30.084716+08:00
2024-05-22,51.7,53.0,51.7,52.5,85276,4479507,92,,,7000.0,0.0,0.0,2629.0,3.0,,finmind,2026-07-17T15:22:30.084716+08:00
2024-05-23,52.4,52.5,51.4,51.5,86872,4493759,108,,,-35000.0,0.0,164.0,2641.0,3.0,,finmind,2026-07-17T15:22:30.084716+08:00
2024-05-24,51.6,51.6,50.6,51.0,87620,4469841,83,,,-15000.0,0.0,-71.0,2636.0,3.0,,finmind,2026-07-17T15:22:30.084716+08:00
2024-05-27,51.0,51.8,51.0,51.8,82052,4216433,124,,,12000.0,0.0,-196.0,2629.0,3.0,,finmind,2026-07-17T15:22:30.084716+08:00
2024-05-28,51.8,52.8,51.8,52.0,104079,5435744,184,,,30000.0,0.0,368.0,2640.0,3.0,,finmind,2026-07-17T15:22:30.084716+08:00
2024-05-29,52.3,52.3,51.2,51.8,57854,2990129,192,,,-15000.0,0.0,-90.0,2658.0,1.0,,finmind,2026-07-17T15:22:30.084716+08:00
2024-05-30,51.7,51.9,50.7,50.8,70311,3597906,93,,,-19000.0,0.0,-124.0,2641.0,1.0,,finmind,2026-07-17T15:22:30.084716+08:00
2024-05-31,51.4,51.4,50.4,50.8,59917,3040865,89,,,-21000.0,0.0,253.0,2645.0,1.0,,finmind,2026-07-17T15:22:30.084716+08:00
2024-06-03,50.9,51.2,50.1,50.6,50627,2549975,103,,,-11000.0,0.0,-78.0,2656.0,1.0,,finmind,2026-07-17T15:22:30.084716+08:00
2024-06-04,51.0,51.0,50.5,51.0,23622,1200570,59,,,0.0,0.0,0.0,2654.0,1.0,,finmind,2026-07-17T15:22:30.084716+08:00
2024-06-05,51.5,51.5,50.5,51.1,33210,1691762,67,,,0.0,0.0,-87.0,2651.0,1.0,,finmind,2026-07-17T15:22:30.084716+08:00
2024-06-06,51.0,51.0,50.2,50.5,66663,3364976,87,,,15000.0,0.0,-153.0,2656.0,1.0,,finmind,2026-07-17T15:22:30.084716+08:00
2024-06-07,51.0,51.7,51.0,51.6,97237,4998325,108,,,31000.0,0.0,154.0,2660.0,1.0,,finmind,2026-07-17T15:22:30.084716+08:00
2024-06-11,51.3,51.9,50.7,50.8,45308,2313729,91,,,6117.0,0.0,-9.0,2660.0,1.0,,finmind,2026-07-17T15:22:30.084716+08:00
2024-06-12,51.2,51.2,50.3,50.7,41687,2112062,62,,,-13000.0,0.0,-315.0,2656.0,1.0,,finmind,2026-07-17T15:22:30.084716+08:00
2024-06-13,51.1,51.1,50.4,50.4,39206,1981541,69,,,-3000.0,0.0,-9.0,2654.0,1.0,,finmind,2026-07-17T15:22:30.084716+08:00
2024-06-14,50.5,51.2,50.5,50.9,55307,2813729,65,,,5000.0,0.0,-296.0,2656.0,1.0,,finmind,2026-07-17T15:22:30.084716+08:00
2024-06-17,51.2,51.2,50.6,50.7,37899,1927278,64,,,-8000.0,0.0,-20.0,2660.0,1.0,,finmind,2026-07-17T15:22:30.084716+08:00
2024-06-18,50.7,51.0,50.5,50.5,66180,3356944,94,,,19000.0,0.0,805.0,2653.0,1.0,,finmind,2026-07-17T15:22:30.084716+08:00
2024-06-19,50.8,50.8,50.3,50.4,66631,3362981,93,,,10000.0,0.0,82.0,2654.0,1.0,,finmind,2026-07-17T15:22:30.084716+08:00
2024-06-20,51.0,51.8,50.7,51.3,110106,5643381,122,,,29000.0,0.0,-664.0,2666.0,1.0,,finmind,2026-07-17T15:22:30.084716+08:00
2024-06-21,51.3,51.3,50.9,51.1,60097,3076083,39,,,-7000.0,0.0,0.0,2680.0,1.0,,finmind,2026-07-17T15:22:30.084716+08:00
2024-06-24,51.0,51.4,50.6,50.9,49705,2532828,65,,,-5000.0,0.0,-96.0,2686.0,1.0,,finmind,2026-07-17T15:22:30.084716+08:00
2024-06-25,51.0,51.3,51.0,51.2,50477,2581236,60,,,-3000.0,0.0,1.0,2668.0,1.0,,finmind,2026-07-17T15:22:30.084716+08:00
2024-06-26,51.3,51.4,50.9,50.9,141016,7217315,91,,,40000.0,0.0,32.0,2639.0,1.0,,finmind,2026-07-17T15:22:30.084716+08:00
2024-06-27,51.7,52.0,51.0,51.9,100746,5195028,114,,,36000.0,0.0,0.0,2608.0,1.0,,finmind,2026-07-17T15:22:30.084716+08:00
2024-06-28,51.9,53.7,51.8,53.0,205497,10889356,198,,,24000.0,0.0,33.0,2622.0,0.0,,finmind,2026-07-17T15:22:30.084716+08:00
2024-07-01,53.3,54.3,53.0,53.7,132529,7112005,177,,,13000.0,0.0,0.0,2632.0,0.0,,finmind,2026-07-17T15:22:30.084716+08:00
2024-07-02,54.2,54.5,52.6,53.0,103995,5541754,124,,,1000.0,0.0,25.0,2616.0,0.0,,finmind,2026-07-17T15:22:30.084716+08:00
2024-07-03,52.9,53.2,52.8,53.1,65571,3476163,266,,,15000.0,0.0,0.0,2620.0,0.0,,finmind,2026-07-17T15:22:30.084716+08:00
2024-07-04,53.6,53.6,53.0,53.5,70469,3751293,104,,,7000.0,0.0,-9.0,2620.0,0.0,,finmind,2026-07-17T15:22:30.084716+08:00
2024-07-05,53.8,54.6,53.5,53.7,106067,5715924,131,,,21000.0,0.0,0.0,2623.0,0.0,,finmind,2026-07-17T15:22:30.084716+08:00
2024-07-08,54.2,54.2,53.2,53.5,115398,6176338,238,,,-13000.0,0.0,-65.0,2651.0,0.0,,finmind,2026-07-17T15:22:30.084716+08:00
2024-07-09,53.5,53.8,52.0,52.5,94127,4954376,112,,,20000.0,0.0,794.0,2628.0,0.0,,finmind,2026-07-17T15:22:30.084716+08:00
2024-07-10,52.7,53.2,52.7,52.9,60758,3214503,60,,,16000.0,0.0,0.0,2635.0,0.0,,finmind,2026-07-17T15:22:30.084716+08:00
2024-07-11,53.5,53.5,52.5,52.5,54704,2889141,105,,,-3000.0,0.0,-827.0,2640.0,0.0,,finmind,2026-07-17T15:22:30.084716+08:00
2024-07-12,52.5,53.7,52.5,53.4,144436,7671363,106,,,47000.0,0.0,-46.0,2628.0,0.0,,finmind,2026-07-17T15:22:30.084716+08:00
2024-07-15,53.5,53.9,53.3,53.5,42162,2253786,71,,,-14000.0,0.0,0.0,2634.0,0.0,,finmind,2026-07-17T15:22:30.084716+08:00
2024-07-16,53.8,53.8,53.0,53.0,70076,3740177,70,,,-6000.0,0.0,0.0,2630.0,0.0,,finmind,2026-07-17T15:22:30.084716+08:00
2024-07-17,53.6,53.7,53.2,53.4,96317,5151027,86,,,33000.0,0.0,291.0,2599.0,0.0,,finmind,2026-07-17T15:22:30.084716+08:00
2024-07-18,53.5,53.6,52.7,53.4,50806,2703278,62,,,5000.0,0.0,-204.0,2605.0,0.0,,finmind,2026-07-17T15:22:30.084716+08:00
2024-07-19,53.0,53.7,52.9,53.0,84207,4479049,105,,,18000.0,0.0,0.0,2608.0,0.0,,finmind,2026-07-17T15:22:30.084716+08:00
2024-07-22,53.0,53.5,51.0,52.7,79889,4193020,108,,,3000.0,0.0,20.0,2627.0,0.0,,finmind,2026-07-17T15:22:30.084716+08:00
2024-07-23,52.8,53.2,52.6,52.9,83277,4408176,78,,,14000.0,0.0,0.0,2612.0,0.0,,finmind,2026-07-17T15:22:30.084716+08:00
2024-07-26,52.0,52.5,51.1,51.7,171313,8855904,195,,,10000.0,0.0,634.0,2627.0,0.0,,finmind,2026-07-17T15:22:30.084716+08:00
2024-07-29,51.8,51.9,50.4,51.2,168731,8594601,170,,,-44000.0,0.0,-676.0,2630.0,0.0,,finmind,2026-07-17T15:22:30.084716+08:00
2024-07-30,51.0,51.4,50.1,50.9,144772,7314609,148,,,23000.0,0.0,714.0,2656.0,0.0,,finmind,2026-07-17T15:22:30.084716+08:00
2024-07-31,51.1,51.4,50.8,51.3,38120,1950538,41,,,3000.0,0.0,0.0,2654.0,0.0,,finmind,2026-07-17T15:22:30.084716+08:00
2024-08-01,51.7,52.0,50.5,50.5,154851,7884146,154,,,25000.0,0.0,-140.0,2681.0,0.0,,finmind,2026-07-17T15:22:30.084716+08:00
2024-08-02,50.5,50.5,48.25,48.65,136975,6758193,228,,,-39000.0,0.0,-54.0,2690.0,1.0,,finmind,2026-07-17T15:22:30.084716+08:00
2024-08-05,48.65,48.65,44.0,45.65,162530,7384520,261,,,-2000.0,0.0,209.0,2655.0,1.0,,finmind,2026-07-17T15:22:30.084716+08:00
2024-08-06,45.75,46.4,44.15,45.0,69866,3159165,131,,,-25000.0,0.0,-79.0,2651.0,1.0,,finmind,2026-07-17T15:22:30.084716+08:00
2024-08-07,45.0,47.45,45.0,46.9,101472,4762373,115,,,16000.0,0.0,-117.0,2688.0,1.0,,finmind,2026-07-17T15:22:30.084716+08:00
2024-08-08,46.85,47.45,46.5,47.25,76341,3583738,94,,,-3000.0,0.0,-408.0,2734.0,1.0,,finmind,2026-07-17T15:22:30.084716+08:00
2024-08-09,47.65,48.7,47.65,48.35,51798,2493634,95,,,-6000.0,0.0,-230.0,2736.0,1.0,,finmind,2026-07-17T15:22:30.084716+08:00
2024-08-12,48.5,49.7,48.5,49.45,63911,3135296,65,,,3000.0,0.0,0.0,2726.0,1.0,,finmind,2026-07-17T15:22:30.084716+08:00
2024-08-13,49.95,49.95,47.85,48.55,88079,4296702,169,,,-16000.0,0.0,512.0,2724.0,1.0,,finmind,2026-07-17T15:22:30.084716+08:00
2024-08-14,49.3,49.3,47.4,48.4,77251,3719750,140,,,-17000.0,0.0,-534.0,2725.0,1.0,,finmind,2026-07-17T15:22:30.084716+08:00
2024-08-15,48.85,48.85,47.75,48.35,46594,2249708,59,,,-4000.0,0.0,0.0,2712.0,1.0,,finmind,2026-07-17T15:22:30.084716+08:00
2024-08-16,49.1,49.1,48.3,48.8,82371,4001167,92,,,-18000.0,0.0,-1.0,2715.0,1.0,,finmind,2026-07-17T15:22:30.084716+08:00
2024-08-19,48.65,48.95,48.2,48.65,52525,2553225,62,,,3000.0,0.0,910.0,2715.0,17.0,,finmind,2026-07-17T15:22:30.084716+08:00
2024-08-20,49.05,49.65,48.05,49.25,182347,8928844,154,,,56000.0,0.0,17000.0,2705.0,27.0,,finmind,2026-07-17T15:22:30.084716+08:00
2024-08-21,49.5,49.8,48.6,49.2,109136,5384077,89,,,32000.0,0.0,0.0,2702.0,20.0,,finmind,2026-07-17T15:22:30.084716+08:00
2024-08-22,49.25,49.65,48.8,49.4,102740,5070552,92,,,8000.0,0.0,7000.0,2697.0,19.0,,finmind,2026-07-17T15:22:30.084716+08:00
2024-08-23,49.5,49.6,48.95,49.4,70485,3478367,89,,,-3000.0,0.0,11000.0,2690.0,15.0,,finmind,2026-07-17T15:22:30.084716+08:00
2024-08-26,49.85,50.0,48.85,49.5,206701,10246625,204,,,-24000.0,0.0,-318.0,2687.0,9.0,,finmind,2026-07-17T15:22:30.084716+08:00
2024-08-27,49.5,49.85,48.5,48.95,82870,4070893,100,,,-26000.0,0.0,346.0,2687.0,3.0,,finmind,2026-07-17T15:22:30.084716+08:00
2024-08-28,49.0,49.7,48.6,48.95,33535,1640786,45,,,-7000.0,0.0,-24.0,2690.0,2.0,,finmind,2026-07-17T15:22:30.084716+08:00
2024-08-29,49.05,49.05,48.7,48.95,34443,1684523,80,,,-4000.0,0.0,0.0,2690.0,1.0,,finmind,2026-07-17T15:22:30.084716+08:00
2024-08-30,48.9,48.95,48.5,48.7,46672,2272600,71,,,-8000.0,0.0,-32.0,2685.0,0.0,,finmind,2026-07-17T15:22:30.084716+08:00
2024-09-02,48.85,48.95,48.35,48.9,44614,2174744,43,,,-2000.0,0.0,0.0,2678.0,0.0,,finmind,2026-07-17T15:22:30.084716+08:00
2024-09-03,48.9,49.1,48.65,49.0,20343,994939,33,,,1000.0,0.0,0.0,2677.0,0.0,,finmind,2026-07-17T15:22:30.084716+08:00
2024-09-04,48.3,48.7,47.45,48.7,87314,4182810,153,,,-11000.0,0.0,-19176.0,2678.0,0.0,,finmind,2026-07-17T15:22:30.084716+08:00
2024-09-05,48.6,49.3,48.05,48.7,62296,3028462,75,,,-10000.0,0.0,-241.0,2678.0,0.0,,finmind,2026-07-17T15:22:30.084716+08:00
2024-09-06,48.4,48.75,47.8,48.3,59407,2870715,66,,,-10000.0,0.0,-6326.0,2683.0,1.0,,finmind,2026-07-17T15:22:30.084716+08:00
2024-09-09,48.2,48.2,46.55,47.65,83901,3977605,79,,,7000.0,0.0,-158.0,2676.0,1.0,,finmind,2026-07-17T15:22:30.084716+08:00
2024-09-10,47.9,47.9,46.8,47.4,34442,1630554,113,,,-6000.0,0.0,0.0,2673.0,1.0,,finmind,2026-07-17T15:22:30.084716+08:00
2024-09-11,47.5,47.85,46.15,46.95,81424,3826365,96,,,2000.0,0.0,920.0,2675.0,7.0,,finmind,2026-07-17T15:22:30.084716+08:00
2024-09-12,47.15,47.45,46.95,47.0,55211,2603962,69,,,-11000.0,0.0,0.0,2677.0,7.0,,finmind,2026-07-17T15:22:30.084716+08:00
2024-09-13,47.0,47.9,46.7,47.6,60091,2827718,73,,,6000.0,0.0,0.0,2644.0,7.0,,finmind,2026-07-17T15:22:30.084716+08:00
2024-09-16,47.6,47.9,47.4,47.85,35154,1675921,43,,,4000.0,0.0,-49.0,2643.0,7.0,,finmind,2026-07-17T15:22:30.084716+08:00
2024-09-18,47.8,49.35,47.7,48.55,56033,2723425,55,,,14000.0,0.0,0.0,2645.0,1.0,,finmind,2026-07-17T15:22:30.084716+08:00
2024-09-19,48.5,48.85,48.2,48.55,22299,1079378,35,,,3000.0,0.0,0.0,2646.0,1.0,,finmind,2026-07-17T15:22:30.084716+08:00
2024-09-20,48.65,49.05,48.2,48.45,33956,1644861,49,,,-5000.0,0.0,-7.0,2648.0,1.0,,finmind,2026-07-17T15:22:30.084716+08:00
2024-09-23,48.5,48.65,48.05,48.65,37561,1815949,51,,,4000.0,0.0,0.0,2641.0,6.0,,finmind,2026-07-17T15:22:30.084716+08:00
2024-09-24,48.6,48.8,48.15,48.65,75167,3659230,64,,,26000.0,0.0,1.0,2637.0,1.0,,finmind,2026-07-17T15:22:30.084716+08:00
2024-09-25,49.1,49.1,48.45,48.65,14361,699019,50,,,-4000.0,0.0,0.0,2638.0,1.0,,finmind,2026-07-17T15:22:30.084716+08:00
2024-09-26,48.65,48.65,48.05,48.4,43106,2087025,43,,,7000.0,0.0,-22.0,2637.0,1.0,,finmind,2026-07-17T15:22:30.084716+08:00
2024-09-27,48.4,48.9,48.05,48.9,45216,2187976,49,,,9000.0,0.0,-43.0,2625.0,0.0,,finmind,2026-07-17T15:22:30.084716+08:00
2024-09-30,48.95,49.5,48.8,49.5,51360,2525802,61,,,24000.0,0.0,0.0,2626.0,0.0,,finmind,2026-07-17T15:22:30.084716+08:00
2024-10-01,49.9,49.95,48.1,49.2,41896,2065562,55,,,3000.0,0.0,0.0,2629.0,0.0,,finmind,2026-07-17T15:22:30.084716+08:00
2024-10-04,49.65,49.65,48.15,49.2,41236,2017582,62,,,0.0,0.0,0.0,2622.0,0.0,,finmind,2026-07-17T15:22:30.084716+08:00
2024-10-07,49.15,50.2,49.15,50.2,161030,8026346,155,,,21000.0,0.0,15.0,2609.0,0.0,,finmind,2026-07-17T15:22:30.084716+08:00
2024-10-08,50.3,50.3,49.55,49.9,81345,4053544,86,,,-14000.0,0.0,9.0,2614.0,0.0,,finmind,2026-07-17T15:22:30.084716+08:00
2024-10-09,49.55,50.0,49.35,49.95,54220,2701549,75,,,-5000.0,0.0,0.0,2600.0,0.0,,finmind,2026-07-17T15:22:30.084716+08:00
2024-10-11,50.2,50.2,49.7,50.0,99283,4960168,61,,,5000.0,0.0,0.0,2636.0,0.0,,finmind,2026-07-17T15:22:30.084716+08:00
2024-10-14,49.95,50.0,48.8,49.5,147400,7322208,88,,,-4000.0,0.0,0.0,2634.0,0.0,,finmind,2026-07-17T15:22:30.084716+08:00
2024-10-15,49.2,49.8,49.2,49.6,80472,3979949,90,,,4000.0,0.0,0.0,2608.0,0.0,,finmind,2026-07-17T15:22:30.084716+08:00
2024-10-16,49.15,49.7,49.15,49.7,32295,1598052,43,,,3000.0,0.0,0.0,2595.0,0.0,,finmind,2026-07-17T15:22:30.084716+08:00
2024-10-17,49.35,49.6,49.3,49.55,16374,809944,33,,,3000.0,0.0,0.0,2599.0,0.0,,finmind,2026-07-17T15:22:30.084716+08:00
2024-10-18,49.45,49.75,49.25,49.5,62670,3099097,52,,,1000.0,0.0,0.0,2593.0,0.0,,finmind,2026-07-17T15:22:30.084716+08:00
2024-10-21,49.5,49.75,48.55,49.15,60176,2952689,110,,,-13000.0,0.0,0.0,2611.0,0.0,,finmind,2026-07-17T15:22:30.084716+08:00
2024-10-22,49.6,49.6,48.85,49.25,34223,1681282,43,,,3000.0,0.0,0.0,2607.0,0.0,,finmind,2026-07-17T15:22:30.084716+08:00
2024-10-23,49.15,49.5,48.7,49.15,49758,2434766,132,,,1000.0,0.0,0.0,2612.0,0.0,,finmind,2026-07-17T15:22:30.084716+08:00
2024-10-24,49.1,49.2,48.2,49.15,54554,2657080,73,,,-6000.0,0.0,-28.0,2603.0,0.0,,finmind,2026-07-17T15:22:30.084716+08:00
2024-10-25,48.95,49.45,48.9,49.4,35034,1723372,35,,,1000.0,0.0,0.0,2605.0,0.0,,finmind,2026-07-17T15:22:30.084716+08:00
2024-10-28,49.35,49.35,48.4,48.55,89369,4346606,87,,,-5000.0,0.0,0.0,2605.0,0.0,,finmind,2026-07-17T15:22:30.084716+08:00
2024-10-29,48.7,48.7,47.5,47.65,33507,1606875,57,,,-3000.0,0.0,-339.0,2607.0,0.0,,finmind,2026-07-17T15:22:30.084716+08:00
2024-10-30,47.7,48.8,47.0,47.8,63198,3006633,66,,,10000.0,0.0,-157.0,2587.0,0.0,,finmind,2026-07-17T15:22:30.084716+08:00
2024-11-01,48.05,48.05,48.05,48.05,2108,101229,11,,,1000.0,0.0,-1.0,2588.0,0.0,,finmind,2026-07-17T15:22:30.084716+08:00
2024-11-04,48.75,48.75,47.6,48.0,74482,3576681,78,,,-69.0,0.0,0.0,2573.0,0.0,,finmind,2026-07-17T15:22:30.084716+08:00
2024-11-05,48.15,48.15,47.7,48.05,92381,4431272,52,,,0.0,0.0,-52.0,2548.0,0.0,,finmind,2026-07-17T15:22:30.084716+08:00
2024-11-06,48.5,48.5,47.4,47.95,77087,3699171,50,,,2000.0,0.0,0.0,2519.0,0.0,,finmind,2026-07-17T15:22:30.084716+08:00
2024-11-07,48.2,48.3,47.55,47.8,58351,2802590,44,,,4000.0,0.0,0.0,2520.0,0.0,,finmind,2026-07-17T15:22:30.084716+08:00
2024-11-08,48.45,48.45,47.5,48.0,61211,2940437,48,,,4000.0,0.0,0.0,2517.0,0.0,,finmind,2026-07-17T15:22:30.084716+08:00
2024-11-11,48.5,49.15,48.05,48.6,47110,2287480,40,,,4000.0,0.0,-28.0,2519.0,0.0,,finmind,2026-07-17T15:22:30.084716+08:00
2024-11-12,48.85,49.0,48.5,48.85,63749,3114403,54,,,3975.0,0.0,-225.0,2516.0,0.0,,finmind,2026-07-17T15:22:30.084716+08:00
2024-11-13,48.8,49.05,48.7,48.9,34282,1673740,31,,,0.0,0.0,0.0,2517.0,0.0,,finmind,2026-07-17T15:22:30.084716+08:00
2024-11-14,48.95,48.95,48.25,48.45,53361,2599671,48,,,-7000.0,0.0,0.0,2540.0,0.0,,finmind,2026-07-17T15:22:30.084716+08:00
2024-11-15,48.15,49.05,48.15,48.7,37241,1804881,36,,,0.0,0.0,91.0,2540.0,0.0,,finmind,2026-07-17T15:22:30.084716+08:00
2024-11-18,48.4,48.9,48.4,48.75,54129,2632786,39,,,1000.0,0.0,0.0,2549.0,0.0,,finmind,2026-07-17T15:22:30.084716+08:00
2024-11-19,48.7,49.0,48.65,48.95,47367,2310717,50,,,-1022.0,0.0,0.0,2547.0,0.0,,finmind,2026-07-17T15:22:30.084716+08:00
2024-11-20,48.9,49.15,47.7,49.0,65191,3178900,58,,,7000.0,0.0,1.0,2548.0,0.0,,finmind,2026-07-17T15:22:30.084716+08:00
2024-11-21,49.1,49.1,49.0,49.05,38230,1876085,33,,,1000.0,0.0,0.0,2550.0,0.0,,finmind,2026-07-17T15:22:30.084716+08:00
2024-11-22,49.0,49.6,49.0,49.3,84251,4150481,74,,,28000.0,0.0,-27.0,2551.0,0.0,,finmind,2026-07-17T15:22:30.084716+08:00
2024-11-25,49.85,49.85,49.25,49.7,93131,4624833,70,,,-5024.0,0.0,0.0,2545.0,0.0,,finmind,2026-07-17T15:22:30.084716+08:00
2024-11-26,49.45,49.55,49.1,49.45,63146,3118478,44,,,0.0,0.0,0.0,2548.0,0.0,,finmind,2026-07-17T15:22:30.084716+08:00
2024-11-27,49.4,49.45,48.9,49.1,36061,1776245,36,,,1000.0,0.0,0.0,2552.0,0.0,,finmind,2026-07-17T15:22:30.084716+08:00
2024-11-28,48.95,48.95,48.5,48.75,34268,1669294,62,,,-7000.0,0.0,908.0,2556.0,0.0,,finmind,2026-07-17T15:22:30.084716+08:00
2024-11-29,48.75,49.3,48.4,48.9,47020,2287833,39,,,16000.0,0.0,0.0,2565.0,0.0,,finmind,2026-07-17T15:22:30.084716+08:00
2024-12-02,49.8,49.8,48.55,49.2,29027,1420169,38,,,-1000.0,0.0,0.0,2568.0,0.0,,finmind,2026-07-17T15:22:30.084716+08:00
2024-12-03,49.65,49.65,48.4,49.35,43401,2133027,52,,,0.0,0.0,0.0,2564.0,0.0,,finmind,2026-07-17T15:22:30.084716+08:00
2024-12-04,49.35,49.45,48.85,49.2,44084,2166687,61,,,3000.0,0.0,0.0,2563.0,0.0,,finmind,2026-07-17T15:22:30.084716+08:00
2024-12-05,49.15,49.3,48.85,48.9,39571,1944428,44,,,4980.0,0.0,0.0,2568.0,0.0,,finmind,2026-07-17T15:22:30.084716+08:00
2024-12-06,49.2,49.35,48.85,49.2,70209,3451820,43,,,6000.0,0.0,2.0,2536.0,0.0,,finmind,2026-07-17T15:22:30.084716+08:00
2024-12-09,49.45,49.5,49.25,49.45,54067,2672403,34,,,0.0,0.0,0.0,2544.0,0.0,,finmind,2026-07-17T15:22:30.084716+08:00
2024-12-10,49.6,49.6,49.3,49.45,18037,892274,22,,,-21.0,0.0,0.0,2546.0,0.0,,finmind,2026-07-17T15:22:30.084716+08:00
2024-12-11,49.75,49.75,49.45,49.6,6258,310767,14,,,0.0,0.0,0.0,2542.0,0.0,,finmind,2026-07-17T15:22:30.084716+08:00
2024-12-12,49.55,49.65,49.0,49.3,19978,985398,75,,,3000.0,0.0,-505.0,2543.0,0.0,,finmind,2026-07-17T15:22:30.084716+08:00
2024-12-13,48.8,49.3,48.15,48.35,24785,1210281,44,,,-3000.0,0.0,1000.0,2552.0,0.0,,finmind,2026-07-17T15:22:30.084716+08:00
2024-12-16,48.65,49.3,48.1,48.35,30028,1454201,36,,,-2000.0,0.0,0.0,2551.0,0.0,,finmind,2026-07-17T15:22:30.084716+08:00
2024-12-17,48.95,48.95,48.35,48.5,20307,984105,38,,,-4000.0,0.0,0.0,2555.0,0.0,,finmind,2026-07-17T15:22:30.084716+08:00
2024-12-18,48.95,48.95,48.3,48.55,24097,1171856,29,,,-2000.0,0.0,0.0,2550.0,0.0,,finmind,2026-07-17T15:22:30.084716+08:00
2024-12-19,48.5,48.95,48.0,48.05,19536,945458,29,,,-2000.0,0.0,0.0,2550.0,0.0,,finmind,2026-07-17T15:22:30.084716+08:00
2024-12-20,48.45,48.55,47.9,47.9,57189,2755622,56,,,-16000.0,0.0,0.0,2551.0,0.0,,finmind,2026-07-17T15:22:30.084716+08:00
2024-12-23,49.0,49.0,47.85,48.0,30309,1457329,44,,,2000.0,0.0,-82.0,2553.0,0.0,,finmind,2026-07-17T15:22:30.084716+08:00
2024-12-24,47.95,48.2,47.95,48.05,20904,1008541,57,,,1000.0,0.0,119.0,2552.0,0.0,,finmind,2026-07-17T15:22:30.084716+08:00
2024-12-25,48.15,48.45,48.05,48.15,19007,915887,22,,,2000.0,0.0,0.0,2547.0,0.0,,finmind,2026-07-17T15:22:30.084716+08:00
2024-12-26,48.0,48.25,47.65,48.1,17045,818016,22,,,-1000.0,0.0,0.0,2552.0,0.0,,finmind,2026-07-17T15:22:30.084716+08:00
2024-12-27,48.0,48.2,47.85,48.0,29009,1391981,31,,,1000.0,0.0,0.0,2555.0,0.0,,finmind,2026-07-17T15:22:30.084716+08:00
2024-12-30,47.95,48.05,47.6,47.6,27796,1329014,45,,,-1000.0,0.0,-321.0,2568.0,0.0,,finmind,2026-07-17T15:22:30.084716+08:00
2024-12-31,48.0,48.85,47.6,47.95,56090,2679602,59,,,1000.0,0.0,0.0,2567.0,0.0,,finmind,2026-07-17T15:22:30.084716+08:00
2025-01-02,48.65,48.65,47.9,47.9,26033,1249902,28,,,0.0,0.0,-20.0,2560.0,0.0,,finmind,2026-07-17T15:22:30.084716+08:00
2025-01-03,48.65,48.65,47.9,47.9,13048,627552,24,,,-1000.0,0.0,0.0,2563.0,0.0,,finmind,2026-07-17T15:22:30.084716+08:00
2025-01-06,47.9,47.9,47.25,47.75,36560,1745441,53,,,-2000.0,0.0,0.0,2558.0,0.0,,finmind,2026-07-17T15:22:30.084716+08:00
2025-01-07,47.75,47.75,47.2,47.4,28900,1373132,55,,,nan,nan,nan,2566.0,0.0,,finmind,2026-07-17T15:22:30.084716+08:00
2025-01-08,47.25,47.8,47.2,47.35,18163,859973,25,,,-29.0,0.0,0.0,2557.0,0.0,,finmind,2026-07-17T15:22:30.084716+08:00
2025-01-09,47.25,47.35,46.85,47.3,25087,1183808,37,,,-2005.0,0.0,-1000.0,2556.0,0.0,,finmind,2026-07-17T15:22:30.084716+08:00
2025-01-10,47.5,48.1,47.3,47.7,16148,769725,23,,,-2000.0,0.0,0.0,2561.0,0.0,,finmind,2026-07-17T15:22:30.084716+08:00
2025-01-13,48.5,48.5,47.2,47.2,25080,1193944,39,,,-2000.0,0.0,0.0,2572.0,0.0,,finmind,2026-07-17T15:22:30.084716+08:00
2025-01-14,48.3,48.3,47.15,47.25,36153,1717681,34,,,-8000.0,0.0,0.0,2561.0,0.0,,finmind,2026-07-17T15:22:30.084716+08:00
2025-01-15,47.4,47.85,47.2,47.45,11432,541741,21,,,963.0,0.0,0.0,2553.0,0.0,,finmind,2026-07-17T15:22:30.084716+08:00
2025-01-16,47.8,48.0,47.7,47.9,21112,1010347,33,,,-1022.0,0.0,0.0,2557.0,0.0,,finmind,2026-07-17T15:22:30.084716+08:00
2025-01-17,47.9,48.5,47.9,48.45,48507,2339040,115,,,9000.0,0.0,299.0,2549.0,0.0,,finmind,2026-07-17T15:22:30.084716+08:00
2025-01-20,48.9,48.9,48.2,48.5,17456,847188,81,,,-1000.0,0.0,0.0,2546.0,0.0,,finmind,2026-07-17T15:22:30.084716+08:00
2025-01-21,48.95,48.95,48.3,48.65,23177,1126367,104,,,-25.0,0.0,0.0,2536.0,0.0,,finmind,2026-07-17T15:22:30.084716+08:00
2025-01-22,48.8,49.3,48.65,49.0,57707,2821681,103,,,13977.0,0.0,0.0,2535.0,0.0,,finmind,2026-07-17T15:22:30.084716+08:00
2025-02-03,49.65,49.65,48.2,48.45,66906,3242887,70,,,-14000.0,0.0,0.0,2534.0,0.0,,finmind,2026-07-17T15:22:30.084716+08:00
2025-02-04,48.25,48.5,48.15,48.45,34701,1676611,150,,,-7000.0,0.0,0.0,2535.0,0.0,,finmind,2026-07-17T15:22:30.084716+08:00
2025-02-05,48.2,48.45,48.0,48.35,35507,1710793,124,,,1000.0,0.0,0.0,2523.0,0.0,,finmind,2026-07-17T15:22:30.084716+08:00
2025-02-06,49.05,49.05,48.0,48.4,63075,3040468,56,,,14000.0,0.0,0.0,2524.0,0.0,,finmind,2026-07-17T15:22:30.084716+08:00
2025-02-07,48.75,48.75,48.05,48.25,40007,1926860,174,,,1000.0,0.0,0.0,2527.0,0.0,,finmind,2026-07-17T15:22:30.084716+08:00
2025-02-10,47.9,47.9,47.0,47.9,52107,2468107,229,,,-3000.0,0.0,0.0,2541.0,0.0,,finmind,2026-07-17T15:22:30.084716+08:00
2025-02-11,47.45,47.85,47.45,47.85,11885,567144,92,,,-3000.0,0.0,0.0,2541.0,0.0,,finmind,2026-07-17T15:22:30.084716+08:00
2025-02-12,47.85,47.9,47.5,47.75,19143,914527,32,,,-4000.0,0.0,0.0,2536.0,0.0,,finmind,2026-07-17T15:22:30.084716+08:00
2025-02-13,48.7,48.7,47.25,48.3,30318,1450403,39,,,-4000.0,0.0,0.0,2527.0,0.0,,finmind,2026-07-17T15:22:30.084716+08:00
2025-02-14,48.0,48.1,47.7,47.95,31624,1514688,36,,,-3000.0,0.0,0.0,2528.0,0.0,,finmind,2026-07-17T15:22:30.084716+08:00
2025-02-17,48.6,48.6,47.7,48.0,38301,1839154,46,,,-4163.0,0.0,0.0,2526.0,0.0,,finmind,2026-07-17T15:22:30.084716+08:00
2025-02-18,47.7,47.95,47.5,47.7,21683,1036013,36,,,0.0,0.0,0.0,2515.0,0.0,,finmind,2026-07-17T15:22:30.084716+08:00
2025-02-19,47.5,48.25,47.45,47.95,79363,3788911,62,,,17000.0,0.0,0.0,2516.0,0.0,,finmind,2026-07-17T15:22:30.084716+08:00
2025-02-20,47.8,47.9,47.6,47.9,25133,1201313,28,,,1000.0,0.0,0.0,2518.0,0.0,,finmind,2026-07-17T15:22:30.084716+08:00
2025-02-21,48.95,49.0,48.0,48.45,137560,6691893,101,,,13000.0,0.0,13.0,2497.0,0.0,,finmind,2026-07-17T15:22:30.084716+08:00
2025-02-24,48.15,48.65,47.85,48.5,15104,731229,35,,,1000.0,0.0,0.0,2490.0,0.0,,finmind,2026-07-17T15:22:30.084716+08:00
2025-02-25,48.5,48.6,48.1,48.4,16129,781815,26,,,-1000.0,0.0,0.0,2490.0,0.0,,finmind,2026-07-17T15:22:30.084716+08:00
2025-02-26,48.75,48.75,48.3,48.55,11161,541450,23,,,nan,nan,nan,2491.0,0.0,,finmind,2026-07-17T15:22:30.084716+08:00
2025-02-27,48.55,48.65,48.5,48.6,28171,1368353,31,,,-1000.0,0.0,0.0,2475.0,0.0,,finmind,2026-07-17T15:22:30.084716+08:00
2025-03-03,48.0,48.35,47.75,48.1,67379,3232283,71,,,1000.0,0.0,-10000.0,2487.0,0.0,,finmind,2026-07-17T15:22:30.084716+08:00
2025-03-04,48.2,48.6,47.75,48.5,29084,1406098,34,,,1000.0,0.0,0.0,2483.0,0.0,,finmind,2026-07-17T15:22:30.084716+08:00
2025-03-05,48.75,48.75,48.1,48.6,65098,3163151,52,,,20000.0,0.0,0.0,2449.0,0.0,,finmind,2026-07-17T15:22:30.084716+08:00
2025-03-06,48.65,48.7,48.4,48.65,38146,1851501,34,,,-2000.0,0.0,0.0,2417.0,0.0,,finmind,2026-07-17T15:22:30.084716+08:00
2025-03-07,48.65,48.7,48.4,48.6,76564,3716555,36,,,-1000.0,0.0,0.0,2393.0,0.0,,finmind,2026-07-17T15:22:30.084716+08:00
2025-03-10,48.7,48.75,48.5,48.65,54557,2653057,42,,,0.0,0.0,0.0,2385.0,0.0,,finmind,2026-07-17T15:22:30.084716+08:00
2025-03-11,48.4,48.6,48.2,48.6,37373,1812702,42,,,0.0,0.0,0.0,2385.0,0.0,,finmind,2026-07-17T15:22:30.084716+08:00
2025-03-12,48.8,48.8,48.35,48.65,28723,1396848,36,,,2000.0,0.0,0.0,2388.0,0.0,,finmind,2026-07-17T15:22:30.084716+08:00
2025-03-13,48.5,48.6,48.2,48.55,13213,639759,17,,,-1000.0,0.0,0.0,2384.0,0.0,,finmind,2026-07-17T15:22:30.084716+08:00
2025-03-14,48.2,48.6,48.0,48.6,31012,1500678,36,,,-3000.0,0.0,0.0,2390.0,0.0,,finmind,2026-07-17T15:22:30.084716+08:00
2025-03-17,48.6,48.65,48.2,48.6,43212,2094884,53,,,-2000.0,0.0,0.0,2393.0,0.0,,finmind,2026-07-17T15:22:30.084716+08:00
2025-03-18,48.55,48.6,48.35,48.6,30510,1480109,30,,,0.0,0.0,0.0,2399.0,0.0,,finmind,2026-07-17T15:22:30.084716+08:00
2025-03-19,48.6,48.6,48.35,48.4,45175,2192683,34,,,0.0,0.0,0.0,2400.0,0.0,,finmind,2026-07-17T15:22:30.084716+08:00
2025-03-20,48.15,48.5,48.05,48.05,37097,1788170,41,,,-26000.0,0.0,2000.0,2411.0,0.0,,finmind,2026-07-17T15:22:30.084716+08:00
2025-03-21,48.45,48.45,48.15,48.4,13237,639425,31,,,nan,nan,nan,2416.0,0.0,,finmind,2026-07-17T15:22:30.084716+08:00
2025-03-24,48.75,48.75,48.15,48.35,57590,2785532,60,,,nan,nan,nan,2418.0,0.0,,finmind,2026-07-17T15:22:30.084716+08:00
2025-03-25,48.35,48.35,47.95,48.0,35722,1718917,46,,,-4000.0,0.0,0.0,2416.0,0.0,,finmind,2026-07-17T15:22:30.084716+08:00
2025-03-26,47.95,47.95,47.8,47.95,37330,1788005,37,,,-3000.0,0.0,0.0,2422.0,0.0,,finmind,2026-07-17T15:22:30.084716+08:00
2025-03-27,47.95,48.2,47.8,47.8,44381,2129795,30,,,nan,nan,nan,2428.0,0.0,,finmind,2026-07-17T15:22:30.084716+08:00
2025-03-28,48.6,48.6,47.1,47.4,68000,3232394,80,,,-1000.0,0.0,0.0,2452.0,0.0,,finmind,2026-07-17T15:22:30.084716+08:00
2025-03-31,47.0,47.0,46.25,46.3,25015,1164551,58,,,-3000.0,0.0,0.0,2456.0,0.0,,finmind,2026-07-17T15:22:30.084716+08:00
2025-04-01,46.55,46.55,45.9,46.3,57405,2647423,67,,,-6000.0,0.0,0.0,2467.0,0.0,,finmind,2026-07-17T15:22:30.084716+08:00
2025-04-02,46.35,46.35,45.7,45.8,39264,1801969,47,,,-5000.0,0.0,0.0,2452.0,0.0,,finmind,2026-07-17T15:22:30.084716+08:00
2025-04-07,41.25,41.55,41.25,41.25,166447,6867528,169,,,-5.0,0.0,-119.0,2485.0,0.0,,finmind,2026-07-17T15:22:30.084716+08:00
2025-04-08,41.0,41.75,40.45,40.9,172855,7093402,155,,,-8195.0,0.0,85.0,2468.0,0.0,,finmind,2026-07-17T15:22:30.084716+08:00
2025-04-09,40.9,41.35,39.0,39.5,128600,5147596,195,,,-3000.0,0.0,-2000.0,2449.0,1.0,,finmind,2026-07-17T15:22:30.084716+08:00
2025-04-10,43.4,43.4,42.0,42.45,83450,3552189,79,,,6000.0,0.0,0.0,2446.0,1.0,,finmind,2026-07-17T15:22:30.084716+08:00
2025-04-11,42.05,42.3,41.1,42.3,49861,2080013,64,,,-3000.0,0.0,0.0,2470.0,1.0,,finmind,2026-07-17T15:22:30.084716+08:00
2025-04-14,43.8,43.8,42.2,42.2,39400,1683915,43,,,0.0,0.0,0.0,2477.0,1.0,,finmind,2026-07-17T15:22:30.084716+08:00
2025-04-15,42.35,42.8,42.3,42.45,43806,1857821,74,,,1000.0,0.0,0.0,2480.0,1.0,,finmind,2026-07-17T15:22:30.084716+08:00
2025-04-16,42.25,42.65,42.05,42.25,49414,2092870,57,,,-2000.0,0.0,0.0,2482.0,1.0,,finmind,2026-07-17T15:22:30.084716+08:00
2025-04-17,42.3,42.3,41.85,42.3,19216,810491,25,,,-2000.0,0.0,0.0,2489.0,1.0,,finmind,2026-07-17T15:22:30.084716+08:00
2025-04-18,42.3,42.3,41.5,42.1,36064,1514038,45,,,-1000.0,0.0,0.0,2498.0,1.0,,finmind,2026-07-17T15:22:30.084716+08:00
2025-04-21,42.1,42.15,41.75,42.0,69107,2891197,48,,,2000.0,0.0,0.0,2489.0,1.0,,finmind,2026-07-17T15:22:30.084716+08:00
2025-04-22,41.95,41.95,41.4,41.85,18774,783042,28,,,-4000.0,0.0,0.0,2490.0,1.0,,finmind,2026-07-17T15:22:30.084716+08:00
2025-04-23,42.05,43.4,42.05,43.4,113826,4861312,95,,,40000.0,0.0,2.0,2485.0,2.0,,finmind,2026-07-17T15:22:30.084716+08:00
2025-04-24,43.4,44.25,42.85,43.75,63469,2745680,80,,,21000.0,0.0,2.0,2493.0,2.0,,finmind,2026-07-17T15:22:30.084716+08:00
2025-04-25,44.05,44.15,43.8,44.1,33028,1454580,37,,,-4000.0,0.0,0.0,2503.0,2.0,,finmind,2026-07-17T15:22:30.084716+08:00
2025-04-28,44.35,44.55,44.35,44.55,21081,937311,82,,,-5000.0,0.0,0.0,2503.0,2.0,,finmind,2026-07-17T15:22:30.084716+08:00
2025-04-29,44.6,45.05,44.15,44.75,52684,2348460,61,,,8000.0,0.0,0.0,2516.0,2.0,,finmind,2026-07-17T15:22:30.084716+08:00
2025-04-30,45.05,45.1,44.7,44.7,27473,1234280,33,,,0.0,0.0,0.0,2515.0,2.0,,finmind,2026-07-17T15:22:30.084716+08:00
2025-05-02,44.95,45.65,44.95,45.6,92971,4209655,93,,,12000.0,0.0,0.0,2526.0,2.0,,finmind,2026-07-17T15:22:30.084716+08:00
2025-05-05,46.85,46.85,45.5,46.45,154828,7115240,150,,,-2000.0,0.0,0.0,2577.0,2.0,,finmind,2026-07-17T15:22:30.084716+08:00
2025-05-06,46.5,47.8,46.3,47.6,59412,2798064,77,,,-3000.0,0.0,0.0,2605.0,2.0,,finmind,2026-07-17T15:22:30.084716+08:00
2025-05-07,47.6,48.95,47.6,48.35,117555,5655495,127,,,-1000.0,0.0,0.0,2660.0,2.0,,finmind,2026-07-17T15:22:30.084716+08:00
2025-05-08,49.5,50.6,49.1,50.2,124728,6218311,184,,,0.0,0.0,415.0,2690.0,2.0,,finmind,2026-07-17T15:22:30.084716+08:00
2025-05-09,50.7,52.6,50.5,52.0,209467,10801284,247,,,-4000.0,0.0,-670.0,2757.0,4.0,,finmind,2026-07-17T15:22:30.084716+08:00
2025-05-12,52.0,52.8,51.5,52.4,200648,10435972,219,,,2000.0,0.0,1.0,2841.0,2.0,,finmind,2026-07-17T15:22:30.084716+08:00
2025-05-13,52.5,52.6,52.0,52.3,154103,8065963,142,,,-9000.0,0.0,0.0,2865.0,2.0,,finmind,2026-07-17T15:22:30.084716+08:00
2025-05-14,52.3,52.4,51.9,52.2,57770,3014938,87,,,-2000.0,0.0,0.0,2886.0,2.0,,finmind,2026-07-17T15:22:30.084716+08:00
2025-05-15,52.3,52.3,52.0,52.2,54052,2819585,61,,,-5000.0,0.0,100.0,2891.0,2.0,,finmind,2026-07-17T15:22:30.084716+08:00
2025-05-16,52.2,52.8,52.1,52.8,74675,3907446,101,,,1000.0,0.0,38.0,2898.0,2.0,,finmind,2026-07-17T15:22:30.084716+08:00
2025-05-19,53.3,53.7,53.1,53.2,184302,9834565,194,,,6000.0,0.0,245.0,2932.0,2.0,,finmind,2026-07-17T15:22:30.084716+08:00
2025-05-20,53.7,53.7,53.2,53.5,110828,5926074,118,,,-12000.0,0.0,9.0,2944.0,2.0,,finmind,2026-07-17T15:22:30.084716+08:00
2025-05-21,53.9,53.9,53.4,53.7,132880,7128343,116,,,8000.0,0.0,0.0,2970.0,2.0,,finmind,2026-07-17T15:22:30.084716+08:00
2025-05-22,54.0,54.2,53.7,53.9,134289,7240265,165,,,1000.0,0.0,0.0,3009.0,2.0,,finmind,2026-07-17T15:22:30.084716+08:00
2025-05-23,54.1,54.7,53.9,54.5,168615,9155202,148,,,2000.0,0.0,0.0,3038.0,2.0,,finmind,2026-07-17T15:22:30.084716+08:00
2025-05-26,55.0,55.0,54.5,54.8,76852,4204278,94,,,5000.0,0.0,3000.0,3050.0,2.0,,finmind,2026-07-17T15:22:30.084716+08:00
2025-05-27,55.0,55.0,54.4,54.7,44587,2435804,86,,,-3000.0,0.0,0.0,3050.0,2.0,,finmind,2026-07-17T15:22:30.084716+08:00
2025-05-28,55.0,55.1,54.4,54.6,55877,3051884,89,,,-15000.0,0.0,0.0,3056.0,2.0,,finmind,2026-07-17T15:22:30.084716+08:00
2025-05-29,54.8,54.8,52.8,54.4,207444,11151522,215,,,-61000.0,0.0,30.0,3059.0,2.0,,finmind,2026-07-17T15:22:30.084716+08:00
2025-06-02,54.1,54.5,52.6,53.4,117618,6277773,195,,,-5000.0,0.0,-584.0,3058.0,2.0,,finmind,2026-07-17T15:22:30.084716+08:00
2025-06-03,53.8,53.8,52.7,53.4,65096,3458147,83,,,-4000.0,0.0,0.0,3074.0,2.0,,finmind,2026-07-17T15:22:30.084716+08:00
2025-06-04,53.7,53.8,53.0,53.6,64681,3453305,65,,,6000.0,0.0,0.0,3106.0,2.0,,finmind,2026-07-17T15:22:30.084716+08:00
2025-06-05,53.4,53.7,52.5,53.7,91076,4843175,105,,,5000.0,0.0,0.0,3162.0,2.0,,finmind,2026-07-17T15:22:30.084716+08:00
2025-06-06,53.9,54.1,53.8,54.0,73525,3967243,68,,,16000.0,0.0,6.0,3174.0,2.0,,finmind,2026-07-17T15:22:30.084716+08:00
2025-06-09,54.5,54.5,53.6,53.9,88670,4798341,145,,,2000.0,0.0,0.0,3181.0,2.0,,finmind,2026-07-17T15:22:30.084716+08:00
2025-06-10,54.4,54.4,53.8,54.2,61170,3308694,46,,,24000.0,0.0,0.0,3199.0,2.0,,finmind,2026-07-17T15:22:30.084716+08:00
2025-06-11,54.6,54.6,53.6,54.3,128630,6938188,78,,,-10000.0,0.0,0.0,3251.0,2.0,,finmind,2026-07-17T15:22:30.084716+08:00
2025-06-12,54.3,54.3,53.3,54.2,54740,2950566,63,,,-10000.0,0.0,0.0,3287.0,2.0,,finmind,2026-07-17T15:22:30.084716+08:00
2025-06-13,54.1,54.1,53.6,53.9,37336,2013308,34,,,-1000.0,0.0,0.0,3306.0,2.0,,finmind,2026-07-17T15:22:30.084716+08:00
2025-06-16,54.2,54.3,53.3,53.8,79525,4284982,61,,,-13000.0,0.0,0.0,3328.0,2.0,,finmind,2026-07-17T15:22:30.084716+08:00
2025-06-17,54.1,54.2,52.0,52.8,154289,8162467,248,,,-8000.0,0.0,0.0,3413.0,2.0,,finmind,2026-07-17T15:22:30.084716+08:00
2025-06-18,53.1,53.5,52.6,53.2,56801,3012546,59,,,-3000.0,0.0,1.0,3431.0,2.0,,finmind,2026-07-17T15:22:30.084716+08:00
2025-06-19,53.3,53.3,52.6,53.2,24176,1282874,23,,,3000.0,0.0,0.0,3448.0,2.0,,finmind,2026-07-17T15:22:30.084716+08:00
2025-06-20,53.4,53.4,52.3,52.9,43049,2273159,61,,,-6000.0,0.0,0.0,3454.0,2.0,,finmind,2026-07-17T15:22:30.084716+08:00
2025-06-23,52.8,52.8,51.5,52.1,43669,2276455,93,,,-4000.0,0.0,0.0,3450.0,2.0,,finmind,2026-07-17T15:22:30.084716+08:00
2025-06-24,52.7,52.9,52.3,52.9,32343,1700926,38,,,-1000.0,0.0,0.0,3446.0,2.0,,finmind,2026-07-17T15:22:30.084716+08:00
2025-06-25,53.4,53.5,52.7,53.3,22581,1199593,36,,,-3000.0,0.0,0.0,3438.0,2.0,,finmind,2026-07-17T15:22:30.084716+08:00
2025-06-26,53.4,53.4,53.3,53.4,15847,844741,30,,,-1000.0,0.0,91.0,3433.0,2.0,,finmind,2026-07-17T15:22:30.084716+08:00
2025-06-27,53.4,53.6,53.2,53.4,25382,1355303,31,,,8000.0,0.0,202.0,3444.0,2.0,,finmind,2026-07-17T15:22:30.084716+08:00
2025-06-30,53.8,53.8,53.2,53.5,22354,1194291,58,,,-10000.0,0.0,0.0,3456.0,2.0,,finmind,2026-07-17T15:22:30.084716+08:00
2025-07-01,53.5,53.7,53.1,53.5,20884,1114788,44,,,-8000.0,0.0,4000.0,3452.0,2.0,,finmind,2026-07-17T15:22:30.084716+08:00
2025-07-02,53.1,53.5,52.6,53.5,56927,3018870,73,,,-2000.0,0.0,0.0,3442.0,2.0,,finmind,2026-07-17T15:22:30.084716+08:00
2025-07-03,53.2,53.3,52.7,53.2,35219,1866488,65,,,4000.0,0.0,0.0,3427.0,2.0,,finmind,2026-07-17T15:22:30.084716+08:00
2025-07-04,53.1,53.4,52.5,53.1,39419,2081815,79,,,1000.0,0.0,-58.0,3409.0,2.0,,finmind,2026-07-17T15:22:30.084716+08:00
2025-07-07,52.6,53.0,52.6,53.0,3255,171909,11,,,-1000.0,0.0,0.0,3410.0,2.0,,finmind,2026-07-17T15:22:30.084716+08:00
2025-07-08,0.0,0.0,0.0,0.0,651,34337,8,,,nan,nan,nan,3410.0,2.0,,finmind,2026-07-17T15:22:30.084716+08:00
2025-07-09,53.3,53.3,52.4,52.9,9784,514923,22,,,1000.0,0.0,0.0,3410.0,2.0,,finmind,2026-07-17T15:22:30.084716+08:00
2025-07-10,53.0,53.0,52.2,52.5,17571,920081,112,,,nan,nan,nan,3407.0,2.0,,finmind,2026-07-17T15:22:30.084716+08:00
2025-07-11,52.1,52.9,52.0,52.7,41611,2184936,38,,,-5000.0,0.0,15.0,3401.0,2.0,,finmind,2026-07-17T15:22:30.084716+08:00
2025-07-14,52.7,52.8,52.0,52.7,19366,1016574,46,,,3000.0,0.0,1.0,3396.0,2.0,,finmind,2026-07-17T15:22:30.084716+08:00
2025-07-15,52.3,52.6,52.1,52.3,24186,1264672,64,,,1000.0,0.0,0.0,3392.0,2.0,,finmind,2026-07-17T15:22:30.084716+08:00
2025-07-16,52.1,52.8,52.0,52.6,53137,2792648,53,,,15000.0,0.0,-100.0,3391.0,2.0,,finmind,2026-07-17T15:22:30.084716+08:00
2025-07-17,53.0,53.0,52.7,52.8,8254,436165,19,,,3000.0,0.0,0.0,3391.0,2.0,,finmind,2026-07-17T15:22:30.084716+08:00
2025-07-18,53.1,53.1,52.7,53.0,13489,713068,26,,,3000.0,0.0,0.0,3388.0,2.0,,finmind,2026-07-17T15:22:30.084716+08:00
2025-07-21,53.0,53.1,52.9,53.0,11334,600701,61,,,2000.0,0.0,0.0,3388.0,2.0,,finmind,2026-07-17T15:22:30.084716+08:00
2025-07-22,52.2,52.7,52.2,52.7,13184,691161,32,,,0.0,0.0,0.0,3390.0,2.0,,finmind,2026-07-17T15:22:30.084716+08:00
2025-07-23,52.3,52.9,52.3,52.8,15437,811198,28,,,1000.0,0.0,0.0,3390.0,0.0,,finmind,2026-07-17T15:22:30.084716+08:00
2025-07-24,52.7,52.7,52.7,52.7,3109,163849,12,,,0.0,0.0,1.0,3390.0,0.0,,finmind,2026-07-17T15:22:30.084716+08:00
2025-07-25,52.3,52.9,52.3,52.9,29750,1566600,74,,,1000.0,0.0,0.0,3386.0,0.0,,finmind,2026-07-17T15:22:30.084716+08:00
2025-07-28,52.9,52.9,52.1,52.6,56977,3002433,103,,,1000.0,0.0,0.0,3386.0,0.0,,finmind,2026-07-17T15:22:30.084716+08:00
2025-07-29,52.6,53.1,52.6,52.8,174572,9221407,140,,,46000.0,0.0,73.0,3384.0,0.0,,finmind,2026-07-17T15:22:30.084716+08:00
2025-07-30,50.9,51.4,50.7,51.4,36409,1858968,70,,,5000.0,0.0,65.0,3384.0,0.0,,finmind,2026-07-17T15:22:30.084716+08:00
2025-07-31,50.8,51.6,50.8,51.5,21872,1119014,105,,,7000.0,0.0,0.0,3384.0,0.0,,finmind,2026-07-17T15:22:30.084716+08:00
2025-08-01,51.0,51.7,51.0,51.6,22526,1157852,40,,,-1000.0,0.0,0.0,3382.0,0.0,,finmind,2026-07-17T15:22:30.084716+08:00
2025-08-04,51.2,51.4,50.9,51.3,18796,960713,64,,,nan,nan,nan,3380.0,0.0,,finmind,2026-07-17T15:22:30.084716+08:00
2025-08-05,51.3,52.3,51.0,51.5,17032,874848,20,,,0.0,0.0,0.0,3380.0,0.0,,finmind,2026-07-17T15:22:30.084716+08:00
2025-08-06,51.8,51.8,51.2,51.3,46264,2375633,33,,,-2000.0,0.0,0.0,3408.0,0.0,,finmind,2026-07-17T15:22:30.084716+08:00
2025-08-07,51.3,51.6,51.0,51.6,14655,751306,40,,,0.0,0.0,29.0,3409.0,0.0,,finmind,2026-07-17T15:22:30.084716+08:00
2025-08-08,51.9,52.2,51.9,52.0,15086,784841,35,,,-5000.0,0.0,0.0,3406.0,0.0,,finmind,2026-07-17T15:22:30.084716+08:00
2025-08-11,51.2,52.2,51.2,52.1,21814,1131437,55,,,-2000.0,0.0,0.0,3408.0,0.0,,finmind,2026-07-17T15:22:30.084716+08:00
2025-08-12,52.1,52.3,52.0,52.2,22423,1168566,45,,,-1000.0,0.0,89.0,3407.0,0.0,,finmind,2026-07-17T15:22:30.084716+08:00
2025-08-13,52.4,52.4,51.7,52.2,26822,1395422,73,,,-3000.0,0.0,0.0,3390.0,0.0,,finmind,2026-07-17T15:22:30.084716+08:00
2025-08-14,52.3,52.3,51.7,52.2,37337,1943164,37,,,7000.0,0.0,125.0,3368.0,0.0,,finmind,2026-07-17T15:22:30.084716+08:00
2025-08-15,52.8,52.8,52.0,52.4,15107,789723,20,,,3000.0,0.0,0.0,3354.0,0.0,,finmind,2026-07-17T15:22:30.084716+08:00
2025-08-18,52.5,52.5,52.0,52.4,33362,1744263,40,,,-2000.0,0.0,0.0,3346.0,0.0,,finmind,2026-07-17T15:22:30.084716+08:00
2025-08-19,52.9,52.9,51.9,52.0,44332,2309214,80,,,1000.0,0.0,0.0,3360.0,0.0,,finmind,2026-07-17T15:22:30.084716+08:00
2025-08-20,52.0,52.0,51.4,51.9,46872,2418215,46,,,-8000.0,0.0,0.0,3369.0,0.0,,finmind,2026-07-17T15:22:30.084716+08:00
2025-08-21,52.1,52.4,51.7,52.0,14159,735653,19,,,-3000.0,0.0,0.0,3355.0,0.0,,finmind,2026-07-17T15:22:30.084716+08:00
2025-08-22,52.2,52.2,51.6,52.0,39082,2028857,41,,,3000.0,0.0,0.0,3362.0,0.0,,finmind,2026-07-17T15:22:30.084716+08:00
2025-08-25,52.0,52.3,51.5,51.9,44810,2319412,109,,,8000.0,0.0,0.0,3379.0,0.0,,finmind,2026-07-17T15:22:30.084716+08:00
2025-08-26,51.9,51.9,51.1,51.7,54059,2782568,140,,,0.0,0.0,0.0,3387.0,0.0,,finmind,2026-07-17T15:22:30.084716+08:00
2025-08-27,51.5,51.9,50.8,51.0,77627,3976627,182,,,-4000.0,0.0,0.0,3407.0,0.0,,finmind,2026-07-17T15:22:30.084716+08:00
2025-08-28,51.2,51.4,50.8,51.4,91063,4643140,141,,,-2000.0,0.0,0.0,3416.0,0.0,,finmind,2026-07-17T15:22:30.084716+08:00
2025-08-29,51.5,52.4,51.4,52.4,103424,5347618,144,,,25000.0,0.0,0.0,3349.0,0.0,,finmind,2026-07-17T15:22:30.084716+08:00
2025-09-01,52.3,52.6,52.0,52.4,126626,6638253,231,,,-2000.0,0.0,0.0,3356.0,0.0,,finmind,2026-07-17T15:22:30.084716+08:00
2025-09-02,52.4,52.6,51.1,52.1,96559,4974543,154,,,1000.0,0.0,0.0,3378.0,0.0,,finmind,2026-07-17T15:22:30.084716+08:00
2025-09-03,52.0,52.0,51.7,51.9,11549,598568,24,,,-2000.0,0.0,0.0,3378.0,0.0,,finmind,2026-07-17T15:22:30.084716+08:00
2025-09-04,51.9,52.3,51.9,52.0,29206,1519899,27,,,0.0,0.0,0.0,3378.0,0.0,,finmind,2026-07-17T15:22:30.084716+08:00
2025-09-05,52.5,53.1,52.3,52.9,361132,18990452,116,,,21000.0,0.0,152.0,3628.0,0.0,,finmind,2026-07-17T15:22:30.084716+08:00
2025-09-08,54.0,54.0,53.3,53.6,393844,21207231,166,,,0.0,0.0,0.0,3853.0,0.0,,finmind,2026-07-17T15:22:30.084716+08:00
2025-09-09,54.5,54.5,53.3,53.4,311369,16930174,81,,,-1000.0,0.0,4000.0,3965.0,0.0,,finmind,2026-07-17T15:22:30.084716+08:00
2025-09-10,54.0,54.0,52.9,53.5,143905,7729103,137,,,-9000.0,0.0,0.0,3945.0,0.0,,finmind,2026-07-17T15:22:30.084716+08:00
2025-09-11,54.6,54.6,53.1,53.9,300905,16321318,166,,,0.0,0.0,0.0,4136.0,0.0,,finmind,2026-07-17T15:22:30.084716+08:00
2025-09-12,54.1,54.4,53.8,54.2,314152,16997133,110,,,5000.0,0.0,0.0,4284.0,0.0,,finmind,2026-07-17T15:22:30.084716+08:00
2025-09-15,54.4,54.4,53.6,54.1,329906,17913685,98,,,-1000.0,0.0,18000.0,4546.0,0.0,,finmind,2026-07-17T15:22:30.084716+08:00
2025-09-16,54.2,54.3,53.6,54.0,198305,10743825,46,,,-5000.0,0.0,0.0,4688.0,0.0,,finmind,2026-07-17T15:22:30.084716+08:00
2025-09-17,54.1,54.1,53.5,53.8,302189,16328806,52,,,-9000.0,0.0,0.0,4951.0,0.0,,finmind,2026-07-17T15:22:30.084716+08:00
2025-09-18,53.6,53.9,53.3,53.8,385540,20663781,113,,,3000.0,0.0,0.0,5205.0,0.0,,finmind,2026-07-17T15:22:30.084716+08:00
2025-09-19,53.7,53.9,53.7,53.8,187492,10073766,31,,,7000.0,0.0,0.0,5286.0,0.0,,finmind,2026-07-17T15:22:30.084716+08:00
2025-09-22,53.9,53.9,53.5,53.7,204446,11013192,138,,,1000.0,0.0,1000.0,5465.0,0.0,,finmind,2026-07-17T15:22:30.084716+08:00
2025-09-23,53.8,53.8,53.1,53.3,150582,8093871,37,,,-3000.0,0.0,-2000.0,5597.0,0.0,,finmind,2026-07-17T15:22:30.084716+08:00
2025-09-24,52.8,53.5,52.7,52.8,76110,4025404,46,,,-1000.0,0.0,-1000.0,5649.0,0.0,,finmind,2026-07-17T15:22:30.084716+08:00
2025-09-25,52.1,52.9,52.1,52.9,83337,4354649,42,,,-1000.0,0.0,0.0,5655.0,0.0,,finmind,2026-07-17T15:22:30.084716+08:00
2025-09-26,53.1,53.1,52.5,53.0,83452,4417715,63,,,-1000.0,0.0,0.0,5698.0,0.0,,finmind,2026-07-17T15:22:30.084716+08:00
2025-09-30,52.5,53.0,52.5,52.9,39130,2066227,28,,,6000.0,0.0,0.0,5700.0,0.0,,finmind,2026-07-17T15:22:30.084716+08:00
2025-10-01,53.2,53.2,52.6,52.8,14801,784087,26,,,-1000.0,0.0,0.0,5703.0,0.0,,finmind,2026-07-17T15:22:30.084716+08:00
2025-10-02,52.9,53.1,52.5,52.5,202369,10700486,35,,,-3000.0,0.0,0.0,5858.0,0.0,,finmind,2026-07-17T15:22:30.084716+08:00
2025-10-03,52.5,53.0,52.5,52.8,58203,3058856,64,,,-7000.0,0.0,0.0,5867.0,0.0,,finmind,2026-07-17T15:22:30.084716+08:00
2025-10-07,52.8,52.9,52.0,52.5,60625,3173305,61,,,7000.0,0.0,0.0,5768.0,0.0,,finmind,2026-07-17T15:22:30.084716+08:00
2025-10-08,52.4,52.4,52.0,52.4,14173,741321,20,,,-3000.0,0.0,1.0,5772.0,0.0,,finmind,2026-07-17T15:22:30.084716+08:00
2025-10-09,52.8,52.8,51.5,51.9,43523,2260673,98,,,-5000.0,0.0,101.0,5771.0,0.0,,finmind,2026-07-17T15:22:30.084716+08:00
2025-10-13,51.1,51.5,51.0,51.1,24601,1260239,76,,,-4000.0,0.0,-3000.0,5773.0,0.0,,finmind,2026-07-17T15:22:30.084716+08:00
2025-10-14,51.2,51.6,50.9,51.2,33371,1709774,93,,,-7000.0,0.0,0.0,5779.0,0.0,,finmind,2026-07-17T15:22:30.084716+08:00
2025-10-15,51.5,51.8,51.1,51.4,45965,2365071,44,,,1000.0,0.0,0.0,5806.0,0.0,,finmind,2026-07-17T15:22:30.084716+08:00
2025-10-16,50.9,51.5,50.9,51.5,24212,1243048,42,,,-6000.0,0.0,0.0,5807.0,0.0,,finmind,2026-07-17T15:22:30.084716+08:00
2025-10-17,51.4,51.7,51.0,51.2,36989,1897986,95,,,-3000.0,0.0,0.0,5826.0,0.0,,finmind,2026-07-17T15:22:30.084716+08:00
2025-10-20,51.2,51.9,51.1,51.3,78703,4045396,79,,,23000.0,0.0,-20000.0,5831.0,0.0,,finmind,2026-07-17T15:22:30.084716+08:00
2025-10-21,51.5,51.6,51.3,51.3,34268,1761838,31,,,-1000.0,0.0,162.0,5816.0,0.0,,finmind,2026-07-17T15:22:30.084716+08:00
2025-10-22,51.2,51.6,51.2,51.5,5024,258730,13,,,nan,nan,nan,5759.0,0.0,,finmind,2026-07-17T15:22:30.084716+08:00
2025-10-23,52.3,52.3,51.8,52.0,19063,993917,20,,,-2000.0,0.0,0.0,5767.0,0.0,,finmind,2026-07-17T15:22:30.084716+08:00
2025-10-27,52.2,52.5,51.4,51.9,118040,6155999,23,,,-6000.0,0.0,0.0,5762.0,0.0,,finmind,2026-07-17T15:22:30.084716+08:00
2025-10-28,51.8,51.8,51.1,51.6,14195,732859,52,,,-1000.0,0.0,0.0,5764.0,0.0,,finmind,2026-07-17T15:22:30.084716+08:00
2025-10-29,51.1,52.0,50.4,52.0,148851,7603142,96,,,-12000.0,0.0,0.0,5877.0,0.0,,finmind,2026-07-17T15:22:30.084716+08:00
2025-10-30,51.4,51.8,51.2,51.8,15268,785980,47,,,-2000.0,0.0,0.0,5885.0,0.0,,finmind,2026-07-17T15:22:30.084716+08:00
2025-10-31,51.8,51.8,51.0,51.2,23157,1184826,53,,,0.0,0.0,0.0,5891.0,0.0,,finmind,2026-07-17T15:22:30.084716+08:00
2025-11-03,51.2,51.2,50.8,50.9,23966,1222951,102,,,-5000.0,0.0,0.0,5890.0,0.0,,finmind,2026-07-17T15:22:30.084716+08:00
2025-11-04,51.3,51.3,50.8,50.8,8088,413063,21,,,-3000.0,0.0,0.0,5890.0,0.0,,finmind,2026-07-17T15:22:30.084716+08:00
2025-11-05,50.8,50.8,50.4,50.7,12576,636809,70,,,-1000.0,0.0,0.0,5864.0,0.0,,finmind,2026-07-17T15:22:30.084716+08:00
2025-11-06,50.4,50.5,49.4,49.8,55549,2781783,287,,,-5000.0,0.0,-38.0,5871.0,0.0,,finmind,2026-07-17T15:22:30.084716+08:00
2025-11-07,50.1,50.4,49.8,49.8,41784,2088632,112,,,0.0,0.0,-24.0,5872.0,0.0,,finmind,2026-07-17T15:22:30.084716+08:00
2025-11-10,49.8,50.3,49.8,49.85,9589,479136,21,,,0.0,0.0,1000.0,5874.0,0.0,,finmind,2026-07-17T15:22:30.084716+08:00
2025-11-11,50.1,50.3,50.1,50.1,4305,215720,13,,,nan,nan,nan,5877.0,0.0,,finmind,2026-07-17T15:22:30.084716+08:00
2025-11-12,50.2,50.2,49.65,50.0,35121,1754649,24,,,-4000.0,0.0,0.0,5884.0,0.0,,finmind,2026-07-17T15:22:30.084716+08:00
2025-11-13,50.0,50.0,49.1,49.7,39256,1943161,216,,,-8000.0,0.0,0.0,5897.0,0.0,,finmind,2026-07-17T15:22:30.084716+08:00
2025-11-14,49.5,49.5,47.0,47.9,116825,5638193,219,,,-12000.0,0.0,2787.0,5938.0,0.0,,finmind,2026-07-17T15:22:30.084716+08:00
2025-11-17,47.9,48.7,45.25,45.45,106278,4936940,159,,,-33000.0,0.0,15595.0,5957.0,0.0,,finmind,2026-07-17T15:22:30.084716+08:00
2025-11-18,45.65,45.7,43.9,44.95,148798,6673907,108,,,27000.0,0.0,-101.0,5968.0,0.0,,finmind,2026-07-17T15:22:30.084716+08:00
2025-11-19,45.9,46.2,44.5,45.8,47603,2154307,52,,,-11000.0,0.0,-2020.0,5972.0,0.0,,finmind,2026-07-17T15:22:30.084716+08:00
2025-11-20,45.95,46.15,45.25,45.7,22459,1025211,35,,,-6000.0,0.0,-2000.0,5971.0,0.0,,finmind,2026-07-17T15:22:30.084716+08:00
2025-11-21,44.9,45.55,44.75,45.3,39391,1767488,44,,,5000.0,0.0,-1.0,5971.0,0.0,,finmind,2026-07-17T15:22:30.084716+08:00
2025-11-24,46.25,46.25,45.45,45.6,10208,466460,22,,,0.0,0.0,-5008.0,5974.0,0.0,,finmind,2026-07-17T15:22:30.084716+08:00
2025-11-25,47.0,47.0,45.55,45.55,16086,736519,23,,,0.0,0.0,0.0,5979.0,0.0,,finmind,2026-07-17T15:22:30.084716+08:00
2025-11-26,46.55,46.55,45.3,45.65,10683,487149,27,,,-1000.0,0.0,-9.0,5984.0,0.0,,finmind,2026-07-17T15:22:30.084716+08:00
2025-11-27,45.7,46.1,45.6,46.1,22000,1005700,6,,,18000.0,0.0,1000.0,5925.0,0.0,,finmind,2026-07-17T15:22:30.084716+08:00
2025-11-28,46.6,46.6,45.75,46.3,50208,2311899,51,,,7000.0,0.0,-90.0,5928.0,0.0,,finmind,2026-07-17T15:22:30.084716+08:00
2025-12-01,47.0,47.0,46.35,46.6,10225,478063,20,,,0.0,0.0,-10.0,5927.0,0.0,,finmind,2026-07-17T15:22:30.084716+08:00
2025-12-02,47.4,47.4,46.1,46.4,16743,778833,36,,,-1000.0,0.0,833.0,5928.0,0.0,,finmind,2026-07-17T15:22:30.084716+08:00
2025-12-03,46.6,46.6,45.9,46.55,19455,903660,25,,,-2000.0,0.0,-184.0,5927.0,0.0,,finmind,2026-07-17T15:22:30.084716+08:00
2025-12-04,46.75,46.95,46.2,46.85,16423,765756,21,,,-6000.0,0.0,0.0,5924.0,0.0,,finmind,2026-07-17T15:22:30.084716+08:00
2025-12-05,46.85,47.15,46.4,46.95,6058,283749,14,,,nan,nan,nan,5922.0,0.0,,finmind,2026-07-17T15:22:30.084716+08:00
2025-12-08,47.05,47.05,46.45,47.05,8125,381394,14,,,-2000.0,0.0,0.0,5920.0,0.0,,finmind,2026-07-17T15:22:30.084716+08:00
2025-12-09,47.05,47.05,46.25,46.95,15078,705529,24,,,-1000.0,0.0,0.0,5914.0,0.0,,finmind,2026-07-17T15:22:30.084716+08:00
2025-12-10,46.95,47.3,46.85,47.05,21252,999534,32,,,-6000.0,0.0,65.0,5915.0,0.0,,finmind,2026-07-17T15:22:30.084716+08:00
2025-12-11,47.5,47.75,46.7,47.2,15079,712862,29,,,0.0,0.0,0.0,5864.0,0.0,,finmind,2026-07-17T15:22:30.084716+08:00
2025-12-12,47.25,47.25,46.45,47.1,14005,657130,18,,,-2000.0,0.0,0.0,5866.0,0.0,,finmind,2026-07-17T15:22:30.084716+08:00
2025-12-15,47.1,47.1,46.4,46.45,25107,1173093,27,,,-1000.0,0.0,-1000.0,5863.0,0.0,,finmind,2026-07-17T15:22:30.084716+08:00
2025-12-16,46.9,46.9,45.3,45.8,16139,744167,22,,,4000.0,0.0,0.0,5863.0,0.0,,finmind,2026-07-17T15:22:30.084716+08:00
2025-12-17,45.8,46.5,44.9,44.9,21399,977094,33,,,0.0,0.0,0.0,5858.0,0.0,,finmind,2026-07-17T15:22:30.084716+08:00
2025-12-18,45.5,45.5,44.7,45.0,28809,1298105,37,,,nan,nan,nan,5857.0,0.0,,finmind,2026-07-17T15:22:30.084716+08:00
2025-12-19,45.1,45.8,45.1,45.65,35453,1602928,31,,,0.0,0.0,0.0,5859.0,0.0,,finmind,2026-07-17T15:22:30.084716+08:00
2025-12-22,45.6,45.75,45.0,45.75,28918,1310959,56,,,-1000.0,0.0,0.0,5866.0,0.0,,finmind,2026-07-17T15:22:30.084716+08:00
2025-12-23,46.55,46.55,45.7,45.95,24124,1113599,29,,,0.0,0.0,0.0,5863.0,0.0,,finmind,2026-07-17T15:22:30.084716+08:00
2025-12-24,46.0,46.0,45.6,45.8,7565,347005,22,,,-1000.0,0.0,0.0,5865.0,0.0,,finmind,2026-07-17T15:22:30.084716+08:00
2025-12-26,46.2,46.25,45.65,45.85,20240,934060,21,,,0.0,0.0,0.0,5865.0,0.0,,finmind,2026-07-17T15:22:30.084716+08:00
2025-12-29,45.85,45.85,45.65,45.8,8077,369872,16,,,-2000.0,0.0,0.0,5865.0,0.0,,finmind,2026-07-17T15:22:30.084716+08:00
2025-12-30,45.7,45.8,45.0,45.5,27135,1227473,33,,,-1000.0,0.0,0.0,5876.0,0.0,,finmind,2026-07-17T15:22:30.084716+08:00
2025-12-31,45.5,46.0,45.5,45.9,14063,643257,19,,,-2000.0,0.0,0.0,5878.0,0.0,,finmind,2026-07-17T15:22:30.084716+08:00
2026-01-02,45.9,46.35,44.0,45.8,38220,1722277,38,,,2000.0,0.0,0.0,5887.0,0.0,,finmind,2026-07-17T15:22:30.084716+08:00
2026-01-05,45.8,45.8,45.15,45.6,19247,877010,28,,,-2000.0,0.0,0.0,5890.0,0.0,,finmind,2026-07-17T15:22:30.084716+08:00
2026-01-06,46.05,46.05,45.6,45.85,40124,1838540,32,,,2000.0,0.0,0.0,5891.0,0.0,,finmind,2026-07-17T15:22:30.084716+08:00
2026-01-07,46.45,46.45,46.1,46.1,10894,504153,26,,,0.0,0.0,0.0,5891.0,0.0,,finmind,2026-07-17T15:22:30.084716+08:00
2026-01-08,46.3,46.3,45.2,45.55,18240,835472,24,,,-2000.0,0.0,0.0,5893.0,1.0,,finmind,2026-07-17T15:22:30.084716+08:00
2026-01-09,45.9,45.9,45.4,45.6,9015,411999,12,,,-1000.0,0.0,0.0,5893.0,1.0,,finmind,2026-07-17T15:22:30.084716+08:00
2026-01-12,45.6,45.6,45.1,45.45,31151,1412542,39,,,1000.0,0.0,0.0,5897.0,1.0,,finmind,2026-07-17T15:22:30.084716+08:00
2026-01-13,45.55,45.6,45.2,45.6,32923,1495818,51,,,9000.0,0.0,0.0,5898.0,1.0,,finmind,2026-07-17T15:22:30.084716+08:00
2026-01-14,46.2,46.2,45.3,45.7,21211,968664,48,,,1000.0,0.0,0.0,5900.0,1.0,,finmind,2026-07-17T15:22:30.084716+08:00
2026-01-15,45.95,45.95,45.15,45.45,29121,1321628,35,,,1000.0,0.0,0.0,5902.0,1.0,,finmind,2026-07-17T15:22:30.084716+08:00
2026-01-16,45.2,45.45,45.15,45.25,37171,1682249,50,,,-5000.0,0.0,0.0,5903.0,1.0,,finmind,2026-07-17T15:22:30.084716+08:00
2026-01-19,45.25,45.3,45.2,45.25,30416,1376284,37,,,3000.0,0.0,0.0,5864.0,1.0,,finmind,2026-07-17T15:22:30.084716+08:00
2026-01-20,45.2,45.2,45.0,45.1,33156,1494113,30,,,-1000.0,0.0,0.0,5854.0,1.0,,finmind,2026-07-17T15:22:30.084716+08:00
2026-01-21,45.15,45.15,44.8,44.9,16105,724533,31,,,-1000.0,0.0,0.0,5850.0,1.0,,finmind,2026-07-17T15:22:30.084716+08:00
2026-01-22,45.3,45.3,44.9,45.2,37088,1669043,32,,,8000.0,0.0,0.0,5850.0,1.0,,finmind,2026-07-17T15:22:30.084716+08:00
2026-01-23,45.2,46.0,45.2,45.5,73604,3350140,75,,,5000.0,0.0,0.0,5821.0,1.0,,finmind,2026-07-17T15:22:30.084716+08:00
2026-01-26,45.55,46.15,45.55,45.9,38145,1751188,28,,,7000.0,0.0,-5000.0,5819.0,1.0,,finmind,2026-07-17T15:22:30.084716+08:00
2026-01-27,45.95,46.0,45.8,45.85,8515,390935,18,,,-1000.0,0.0,0.0,5819.0,1.0,,finmind,2026-07-17T15:22:30.084716+08:00
2026-01-28,45.8,46.0,45.5,45.5,32760,1499804,49,,,-1000.0,0.0,1.0,5813.0,1.0,,finmind,2026-07-17T15:22:30.084716+08:00
2026-01-29,45.75,45.8,45.5,45.7,21197,967681,52,,,-3000.0,0.0,0.0,5811.0,1.0,,finmind,2026-07-17T15:22:30.084716+08:00
2026-01-30,45.85,45.85,44.8,44.9,49058,2220769,37,,,-3000.0,0.0,0.0,5817.0,1.0,,finmind,2026-07-17T15:22:30.084716+08:00
2026-02-02,45.3,45.3,44.6,44.8,37527,1686620,31,,,-11000.0,0.0,-5000.0,5817.0,1.0,,finmind,2026-07-17T15:22:30.084716+08:00
2026-02-03,44.8,45.0,44.7,44.95,28603,1283384,20,,,3000.0,0.0,0.0,5819.0,1.0,,finmind,2026-07-17T15:22:30.084716+08:00
2026-02-04,44.9,45.25,44.65,44.95,53373,2398660,38,,,-2000.0,0.0,0.0,5815.0,1.0,,finmind,2026-07-17T15:22:30.084716+08:00
2026-02-05,44.95,44.95,44.6,44.85,26431,1185502,23,,,-2000.0,0.0,0.0,5827.0,0.0,,finmind,2026-07-17T15:22:30.084716+08:00
2026-02-06,44.65,44.75,44.65,44.7,12003,536582,11,,,0.0,0.0,0.0,5831.0,0.0,,finmind,2026-07-17T15:22:30.084716+08:00
2026-02-09,44.8,44.8,44.3,44.55,15465,689823,29,,,nan,nan,nan,5831.0,0.0,,finmind,2026-07-17T15:22:30.084716+08:00
2026-02-10,44.3,44.5,44.3,44.45,30202,1340927,32,,,-3000.0,0.0,0.0,5832.0,0.0,,finmind,2026-07-17T15:22:30.084716+08:00
2026-02-11,43.5,45.65,43.5,45.65,86451,3895424,123,,,6000.0,0.0,-360.0,5850.0,0.0,,finmind,2026-07-17T15:22:30.084716+08:00
2026-02-23,45.55,47.0,45.5,46.3,35956,1648947,80,,,4000.0,0.0,0.0,5850.0,0.0,,finmind,2026-07-17T15:22:30.084716+08:00
2026-02-24,46.85,46.85,46.0,46.1,38580,1779673,56,,,0.0,0.0,0.0,5856.0,0.0,,finmind,2026-07-17T15:22:30.084716+08:00
2026-02-25,46.0,46.2,45.8,46.2,57144,2627727,49,,,-8000.0,0.0,0.0,5859.0,0.0,,finmind,2026-07-17T15:22:30.084716+08:00
2026-02-26,46.2,46.2,45.8,46.2,43237,1987577,39,,,16000.0,0.0,0.0,5856.0,0.0,,finmind,2026-07-17T15:22:30.084716+08:00
2026-03-02,46.2,47.2,46.2,46.5,63807,2972944,59,,,9000.0,0.0,0.0,5861.0,0.0,,finmind,2026-07-17T15:22:30.084716+08:00
2026-03-03,46.5,47.2,46.5,47.15,78680,3673799,150,,,6000.0,0.0,-2910.0,5857.0,0.0,,finmind,2026-07-17T15:22:30.084716+08:00
2026-03-04,47.2,48.9,47.0,47.5,197337,9482922,355,,,-6000.0,0.0,2658.0,5865.0,0.0,,finmind,2026-07-17T15:22:30.084716+08:00
2026-03-05,47.5,48.35,47.0,47.85,74434,3534521,105,,,2000.0,0.0,48.0,5884.0,0.0,,finmind,2026-07-17T15:22:30.084716+08:00
2026-03-06,48.1,48.1,47.05,47.85,68691,3259247,74,,,2000.0,0.0,60.0,5875.0,3.0,,finmind,2026-07-17T15:22:30.084716+08:00
2026-03-09,49.0,51.6,48.3,48.4,396464,19660309,308,,,-15000.0,0.0,5027.0,5849.0,5.0,,finmind,2026-07-17T15:22:30.084716+08:00
2026-03-10,48.0,48.15,47.0,47.25,94957,4497878,105,,,-11000.0,0.0,0.0,5871.0,1.0,,finmind,2026-07-17T15:22:30.084716+08:00
2026-03-11,47.0,47.0,46.15,46.65,52970,2459066,82,,,4000.0,0.0,0.0,5886.0,1.0,,finmind,2026-07-17T15:22:30.084716+08:00
2026-03-12,47.3,47.3,46.75,47.0,21226,996600,33,,,-4000.0,0.0,0.0,5889.0,1.0,,finmind,2026-07-17T15:22:30.084716+08:00
2026-03-13,47.5,47.5,46.4,46.4,19068,896664,24,,,0.0,0.0,0.0,5895.0,0.0,,finmind,2026-07-17T15:22:30.084716+08:00
2026-03-16,47.5,47.5,45.85,46.1,48323,2231948,44,,,-7000.0,0.0,0.0,5890.0,0.0,,finmind,2026-07-17T15:22:30.084716+08:00
2026-03-17,46.5,46.5,44.9,45.0,60519,2738140,66,,,0.0,0.0,1000.0,5876.0,0.0,,finmind,2026-07-17T15:22:30.084716+08:00
2026-03-18,45.0,45.2,44.85,45.2,34467,1551374,43,,,-2000.0,0.0,0.0,5878.0,0.0,,finmind,2026-07-17T15:22:30.084716+08:00
2026-03-19,45.5,45.65,45.3,45.6,21106,960168,20,,,2000.0,0.0,0.0,5879.0,0.0,,finmind,2026-07-17T15:22:30.084716+08:00
2026-03-20,45.6,46.65,44.55,45.05,37144,1684968,38,,,-3000.0,0.0,5000.0,5892.0,0.0,,finmind,2026-07-17T15:22:30.084716+08:00
2026-03-23,45.2,45.2,44.5,44.6,36157,1621134,30,,,-1000.0,0.0,0.0,5891.0,0.0,,finmind,2026-07-17T15:22:30.084716+08:00
2026-03-24,45.0,45.35,44.6,44.65,15049,674933,29,,,-2000.0,0.0,0.0,5891.0,0.0,,finmind,2026-07-17T15:22:30.084716+08:00
2026-03-25,45.55,45.55,43.5,44.45,52515,2334984,68,,,-2000.0,0.0,2000.0,5892.0,0.0,,finmind,2026-07-17T15:22:30.084716+08:00
2026-03-26,44.45,44.8,44.4,44.8,10687,476919,52,,,nan,nan,nan,5898.0,0.0,,finmind,2026-07-17T15:22:30.084716+08:00
2026-03-27,44.7,45.1,44.4,44.85,5518,247104,13,,,nan,nan,nan,5899.0,0.0,,finmind,2026-07-17T15:22:30.084716+08:00
2026-03-30,44.75,45.3,43.7,44.7,35740,1586393,52,,,-8000.0,0.0,0.0,5905.0,0.0,,finmind,2026-07-17T15:22:30.084716+08:00
2026-03-31,44.7,44.7,43.2,43.45,38020,1658358,41,,,-3000.0,0.0,4000.0,5911.0,0.0,,finmind,2026-07-17T15:22:30.084716+08:00
2026-04-01,44.6,44.6,42.9,43.5,47491,2054511,103,,,-2000.0,0.0,-100.0,5911.0,0.0,,finmind,2026-07-17T15:22:30.084716+08:00
2026-04-02,43.5,43.8,43.0,43.35,23143,1003222,49,,,-3000.0,0.0,0.0,5916.0,0.0,,finmind,2026-07-17T15:22:30.084716+08:00
2026-04-07,42.8,43.15,41.05,41.3,100594,4211240,135,,,2000.0,0.0,19000.0,5925.0,0.0,,finmind,2026-07-17T15:22:30.084716+08:00
2026-04-08,41.4,42.4,41.4,42.05,28992,1210366,44,,,-3000.0,0.0,0.0,5920.0,0.0,,finmind,2026-07-17T15:22:30.084716+08:00
2026-04-09,41.9,41.9,41.55,41.85,44068,1835759,58,,,9000.0,0.0,0.0,5910.0,0.0,,finmind,2026-07-17T15:22:30.084716+08:00
2026-04-10,42.2,42.2,41.65,41.85,42801,1790663,45,,,13000.0,0.0,-4000.0,5903.0,0.0,,finmind,2026-07-17T15:22:30.084716+08:00
2026-04-13,42.45,42.45,41.8,42.05,21054,887963,26,,,0.0,0.0,0.0,5896.0,0.0,,finmind,2026-07-17T15:22:30.084716+08:00
2026-04-14,42.0,42.2,41.95,41.95,17911,752811,24,,,-2000.0,0.0,0.0,5897.0,0.0,,finmind,2026-07-17T15:22:30.084716+08:00
2026-04-15,41.9,42.2,41.7,42.2,73140,3058345,65,,,23000.0,0.0,0.0,5898.0,0.0,,finmind,2026-07-17T15:22:30.084716+08:00
2026-04-16,42.3,42.4,42.3,42.3,7123,301540,16,,,0.0,0.0,0.0,5900.0,0.0,,finmind,2026-07-17T15:22:30.084716+08:00
2026-04-17,42.6,42.65,42.05,42.4,9094,386136,36,,,-2000.0,0.0,0.0,5811.0,0.0,,finmind,2026-07-17T15:22:30.084716+08:00
2026-04-20,42.1,42.55,41.8,42.4,34379,1450010,64,,,-7000.0,0.0,-2000.0,5819.0,0.0,,finmind,2026-07-17T15:22:30.084716+08:00
2026-04-21,42.7,43.0,42.05,42.4,28198,1202526,30,,,-6000.0,0.0,17.0,5793.0,0.0,,finmind,2026-07-17T15:22:30.084716+08:00
2026-04-22,42.5,42.7,41.85,41.85,25561,1075068,55,,,0.0,0.0,-2000.0,5789.0,0.0,,finmind,2026-07-17T15:22:30.084716+08:00
2026-04-23,42.45,42.45,41.15,41.3,51977,2149975,53,,,-6000.0,0.0,5000.0,5771.0,0.0,,finmind,2026-07-17T15:22:30.084716+08:00
2026-04-24,42.1,42.1,41.65,41.85,11402,477070,27,,,-1000.0,0.0,0.0,5771.0,0.0,,finmind,2026-07-17T15:22:30.084716+08:00
2026-04-27,41.8,41.8,41.2,41.5,20488,849059,40,,,-5000.0,0.0,-3000.0,5775.0,0.0,,finmind,2026-07-17T15:22:30.084716+08:00
2026-04-28,42.45,42.45,41.65,41.65,2969,124841,18,,,-1000.0,0.0,0.0,5775.0,0.0,,finmind,2026-07-17T15:22:30.084716+08:00
2026-04-29,41.6,42.15,41.3,41.8,21126,879620,26,,,-3000.0,0.0,0.0,5787.0,0.0,,finmind,2026-07-17T15:22:30.084716+08:00
2026-04-30,42.35,42.35,41.0,41.45,33699,1392409,43,,,6000.0,0.0,1000.0,5730.0,0.0,,finmind,2026-07-17T15:22:30.084716+08:00
2026-05-04,41.5,41.5,41.15,41.45,31738,1314447,49,,,-4000.0,0.0,0.0,5735.0,0.0,,finmind,2026-07-17T15:22:30.084716+08:00
2026-05-05,42.0,42.0,41.35,41.6,39868,1662740,70,,,-4000.0,0.0,0.0,5740.0,0.0,,finmind,2026-07-17T15:22:30.084716+08:00
2026-05-06,42.4,42.4,41.3,41.6,49819,2090655,66,,,-4000.0,0.0,0.0,5740.0,0.0,,finmind,2026-07-17T15:22:30.084716+08:00
2026-05-07,41.55,41.6,41.25,41.6,49991,2073949,72,,,-3000.0,0.0,114.0,5745.0,0.0,,finmind,2026-07-17T15:22:30.084716+08:00
2026-05-08,41.75,41.75,41.35,41.6,50401,2098438,35,,,0.0,0.0,0.0,5746.0,0.0,,finmind,2026-07-17T15:22:30.084716+08:00
2026-05-11,41.75,41.75,41.4,41.6,82393,3428306,104,,,1000.0,0.0,0.0,5733.0,0.0,,finmind,2026-07-17T15:22:30.084716+08:00
2026-05-12,41.5,41.5,41.2,41.3,26306,1088573,58,,,3000.0,0.0,0.0,5735.0,0.0,,finmind,2026-07-17T15:22:30.084716+08:00
2026-05-13,41.95,44.2,41.05,42.65,314226,13435552,282,,,52000.0,0.0,-5000.0,5711.0,0.0,,finmind,2026-07-17T15:22:30.084716+08:00
2026-05-14,43.4,43.4,41.95,42.6,167055,7094713,180,,,-18000.0,0.0,1000.0,5671.0,0.0,,finmind,2026-07-17T15:22:30.084716+08:00
2026-05-15,42.45,42.7,42.1,42.1,96772,4093744,124,,,-1000.0,0.0,0.0,5664.0,0.0,,finmind,2026-07-17T15:22:30.084716+08:00
2026-05-18,42.45,42.45,41.9,42.15,85272,3589459,67,,,-5000.0,0.0,0.0,5668.0,0.0,,finmind,2026-07-17T15:22:30.084716+08:00
2026-05-19,42.5,42.5,41.8,42.2,44341,1868192,43,,,-15000.0,0.0,0.0,5673.0,0.0,,finmind,2026-07-17T15:22:30.084716+08:00
2026-05-20,42.15,42.15,41.1,41.9,46026,1922380,36,,,-8000.0,0.0,0.0,5688.0,0.0,,finmind,2026-07-17T15:22:30.084716+08:00
2026-05-21,42.05,42.3,41.5,42.0,31125,1303256,58,,,-5000.0,0.0,0.0,5687.0,0.0,,finmind,2026-07-17T15:22:30.084716+08:00
2026-05-22,41.9,42.95,41.6,42.25,46128,1936358,74,,,-3000.0,0.0,0.0,5697.0,0.0,,finmind,2026-07-17T15:22:30.084716+08:00
2026-05-25,42.45,42.45,41.55,42.0,69539,2921569,82,,,-2000.0,0.0,0.0,5705.0,0.0,,finmind,2026-07-17T15:22:30.084716+08:00
2026-05-26,42.25,42.7,41.55,42.7,171838,7266389,142,,,66000.0,0.0,0.0,5707.0,0.0,,finmind,2026-07-17T15:22:30.084716+08:00
2026-05-27,44.8,44.8,42.7,43.5,284371,12477532,314,,,7000.0,0.0,-3000.0,5635.0,0.0,,finmind,2026-07-17T15:22:30.084716+08:00
2026-05-28,43.1,43.5,42.15,42.15,72365,3099185,94,,,-16000.0,0.0,0.0,5634.0,0.0,,finmind,2026-07-17T15:22:30.084716+08:00
2026-05-29,42.45,43.15,42.25,42.3,57693,2452313,70,,,-5000.0,0.0,0.0,5567.0,0.0,,finmind,2026-07-17T15:22:30.084716+08:00
2026-06-01,42.3,42.8,42.1,42.3,111520,4721745,89,,,-6000.0,0.0,0.0,5558.0,0.0,,finmind,2026-07-17T15:22:30.084716+08:00
2026-06-02,42.75,42.75,41.9,42.3,98847,4166598,89,,,-21000.0,0.0,-1000.0,5529.0,0.0,,finmind,2026-07-17T15:22:30.084716+08:00
2026-06-03,42.25,42.7,41.9,42.6,144830,6140562,145,,,22000.0,0.0,0.0,5528.0,0.0,,finmind,2026-07-17T15:22:30.084716+08:00
2026-06-04,43.5,44.2,42.7,43.2,320192,13860755,255,,,35000.0,0.0,-5000.0,5473.0,0.0,,finmind,2026-07-17T15:22:30.084716+08:00
2026-06-05,44.0,44.0,42.8,43.1,131558,5679643,147,,,-9000.0,0.0,0.0,5482.0,0.0,,finmind,2026-07-17T15:22:30.084716+08:00
2026-06-08,41.2,42.0,40.8,41.65,78428,3262894,108,,,-16000.0,0.0,0.0,5486.0,0.0,,finmind,2026-07-17T15:22:30.084716+08:00
2026-06-09,42.4,43.65,42.3,43.1,148201,6366358,131,,,-22000.0,0.0,-1000.0,5516.0,0.0,,finmind,2026-07-17T15:22:30.084716+08:00
2026-06-10,43.45,43.7,42.5,42.9,110917,4755181,108,,,-3000.0,0.0,0.0,5504.0,0.0,,finmind,2026-07-17T15:22:30.084716+08:00
2026-06-11,42.8,42.95,42.15,42.7,113472,4816323,98,,,-26000.0,0.0,0.0,5517.0,0.0,,finmind,2026-07-17T15:22:30.084716+08:00
2026-06-12,43.0,43.0,42.4,42.7,105786,4498284,103,,,-11000.0,0.0,0.0,5518.0,0.0,,finmind,2026-07-17T15:22:30.084716+08:00
2026-06-15,42.95,43.0,42.15,42.2,89475,3788457,94,,,-6000.0,0.0,0.0,5513.0,0.0,,finmind,2026-07-17T15:22:30.084716+08:00
2026-06-16,42.0,42.3,41.7,41.9,109236,4567629,95,,,-10000.0,0.0,0.0,5513.0,0.0,,finmind,2026-07-17T15:22:30.084716+08:00
2026-06-17,41.9,41.95,41.5,41.8,113464,4727434,94,,,5000.0,0.0,0.0,5518.0,0.0,,finmind,2026-07-17T15:22:30.084716+08:00
2026-06-18,42.1,42.55,42.0,42.2,58417,2469543,80,,,3000.0,0.0,-2893.0,5506.0,0.0,,finmind,2026-07-17T15:22:30.084716+08:00
2026-06-22,42.2,42.6,42.05,42.1,99261,4194279,116,,,-1000.0,0.0,-976.0,5499.0,0.0,,finmind,2026-07-17T15:22:30.084716+08:00
2026-06-23,42.5,42.5,42.0,42.1,63706,2693228,68,,,7000.0,0.0,0.0,5496.0,0.0,,finmind,2026-07-17T15:22:30.084716+08:00
2026-06-24,42.2,42.4,41.8,41.85,86952,3648518,115,,,3000.0,0.0,0.0,5455.0,0.0,,finmind,2026-07-17T15:22:30.084716+08:00
2026-06-25,41.9,42.15,41.6,41.9,60900,2546971,173,,,3000.0,0.0,0.0,5443.0,0.0,,finmind,2026-07-17T15:22:30.084716+08:00
2026-06-26,41.9,41.9,41.5,41.75,75798,3158599,100,,,-4000.0,0.0,0.0,5433.0,0.0,,finmind,2026-07-17T15:22:30.084716+08:00
2026-06-29,41.7,41.75,41.25,41.6,44886,1864312,55,,,-6000.0,0.0,-3000.0,5432.0,0.0,,finmind,2026-07-17T15:22:30.084716+08:00
2026-06-30,42.1,42.1,41.3,41.5,58722,2433689,55,,,-8000.0,0.0,-11000.0,5429.0,0.0,,finmind,2026-07-17T15:22:30.084716+08:00
2026-07-01,41.5,42.5,41.5,41.75,75176,3155601,59,,,-18000.0,0.0,0.0,5422.0,0.0,,finmind,2026-07-17T15:22:30.084716+08:00
2026-07-02,42.05,42.7,41.65,42.1,65658,2780224,70,,,-4000.0,0.0,-4000.0,5425.0,0.0,,finmind,2026-07-17T15:22:30.084716+08:00
2026-07-03,42.1,42.45,41.9,42.4,19360,816433,27,,,-5000.0,0.0,0.0,5430.0,0.0,,finmind,2026-07-17T15:22:30.084716+08:00
2026-07-06,42.4,43.45,42.35,43.4,117223,5043665,114,,,26000.0,0.0,118.0,5438.0,0.0,,finmind,2026-07-17T15:22:30.084716+08:00
2026-07-07,43.5,43.5,42.8,42.8,89633,3870516,92,,,-8000.0,0.0,0.0,5439.0,0.0,,finmind,2026-07-17T15:22:30.084716+08:00
2026-07-08,42.8,43.4,42.7,43.15,57264,2460909,52,,,-2000.0,0.0,0.0,5451.0,0.0,,finmind,2026-07-17T15:22:30.084716+08:00
2026-07-09,43.15,43.95,42.95,43.6,78520,3412504,72,,,2000.0,0.0,0.0,5308.0,0.0,,finmind,2026-07-17T15:22:30.084716+08:00
2026-07-13,43.45,43.55,41.55,42.3,96785,4108053,79,,,-6000.0,0.0,0.0,5088.0,0.0,,finmind,2026-07-17T15:22:30.084716+08:00
2026-07-14,42.3,42.3,41.4,42.2,81139,3392290,86,,,-5000.0,0.0,0.0,5117.0,0.0,,finmind,2026-07-17T15:22:30.084716+08:00
2026-07-15,42.1,42.45,41.9,42.35,70105,2953211,38,,,-1000.0,0.0,0.0,5175.0,0.0,,finmind,2026-07-17T15:22:30.084716+08:00
2026-07-16,42.5,42.5,42.3,42.35,65026,2756651,22,,,-6000.0,0.0,0.0,5223.0,0.0,,finmind,2026-07-17T15:22:30.084716+08:00
2026-07-17,42.35,42.7,41.15,41.5,95520,3992231,87,,,nan,nan,nan,nan,nan,,finmind,2026-07-17T15:22:30.084716+08:00
