date,Trading_Volume,Trading_money,open,max,min,close,spread,Trading_turnover
2015-01-05,14170903,257817934,17.272363,17.998092,17.22398,17.998092,0.677347,3303
2015-01-06,14804287,268633603,17.852946,17.852946,17.22398,17.22398,-0.774112,4081
2015-01-07,15462637,275649871,17.22398,17.659419,16.691779,17.659419,0.435439,4425
2015-01-08,34170569,644630929,17.901328,18.868968,17.611036,18.868968,1.209549,8872
2015-01-09,41987799,829236502,19.352787,19.497933,18.530294,18.675439,-0.193529,10911
2015-01-12,17564032,339021894,18.868968,19.062495,18.288384,18.288384,-0.387055,4594
2015-01-13,32678510,649491717,18.578676,19.546314,18.481912,19.546314,1.25793,7811
2015-01-14,48825240,1013273057,19.691461,20.610718,19.449551,20.610718,1.064404,12444
2015-01-15,21727557,460607751,20.755864,20.90101,20.17528,20.272044,-0.338674,6587
2015-01-16,38257368,823867306,20.562336,21.578358,20.078517,20.465572,0.193528,11900
2015-01-19,24473941,527989179,20.997774,21.239684,20.417191,21.14292,0.677348,7532
2015-01-20,43657351,927705280,21.239684,21.481593,20.126899,20.513954,-0.628966,10392
2015-01-21,23391221,491228917,20.6591,20.755864,19.884988,20.272044,-0.24191,6757
2015-01-22,30761372,669251684,20.610718,21.481593,20.513954,21.336448,1.064404,8821
2015-01-23,43952038,993749767,21.578358,22.449233,21.384829,21.529976,0.193528,12541
2015-01-26,13054015,287611413,21.529976,21.529976,21.14292,21.529976,0.0,4058
2015-01-27,13750969,307501296,21.771885,21.917032,21.336448,21.481593,-0.048383,4272
2015-01-28,8502925,187650672,21.481593,21.578358,21.094537,21.529976,0.048383,2942
2015-01-29,18930628,427111279,21.529976,22.158941,21.384829,22.110559,0.580583,5558
2015-01-30,19130757,432915116,22.207323,22.400851,21.433211,21.481593,-0.628966,5460
2015-02-02,26095353,556006063,21.384829,21.384829,20.223662,20.223662,-1.257931,7654
2015-02-03,10446925,221717149,20.223662,20.707482,20.223662,20.562336,0.338674,3425
2015-02-04,10674342,228739270,20.804246,20.949392,20.562336,20.610718,0.048382,3291
2015-02-05,7001946,148170366,20.610718,20.6591,20.272044,20.465572,-0.145146,2342
2015-02-06,13357379,286371645,20.6591,21.046156,20.368809,20.562336,0.096764,3727
2015-02-09,22817736,462240770,20.368809,20.417191,19.207641,19.352787,-1.209549,6693
2015-02-10,8749725,176640073,19.352787,19.788225,19.256023,19.497933,0.145146,3220
2015-02-11,6809028,136922599,19.691461,19.739843,19.207641,19.256023,-0.24191,2266
2015-02-12,6661633,133874794,19.352787,19.691461,19.159259,19.594697,0.338674,2406
2015-02-13,7000884,140828467,19.739843,19.739843,19.304405,19.497933,-0.096764,2164
2015-02-24,16345096,344182854,19.884988,20.852628,19.643079,20.852628,1.354695,4927
2015-02-25,14018057,304690520,20.852628,21.336448,20.6591,20.949392,0.096764,4902
2015-02-26,6335951,134878997,20.852628,20.90101,20.417191,20.707482,-0.24191,2232
2015-03-02,5448183,116717361,20.90101,20.949392,20.562336,20.852628,0.145146,1883
2015-03-03,5977591,127652038,20.852628,20.949392,20.562336,20.610718,-0.24191,1926
2015-03-04,7422464,156226676,20.610718,20.804246,20.078517,20.126899,-0.483819,2563
2015-03-05,5554889,116553476,20.320426,20.513954,20.17528,20.320426,0.193527,1676
2015-03-06,12086151,257889770,20.320426,21.046156,20.223662,20.465572,0.145146,3517
2015-03-09,13203044,269365180,20.417191,20.417191,19.546314,19.643079,-0.822493,3935
2015-03-10,13743934,275404082,19.643079,19.739843,19.207641,19.304405,-0.338674,3987
2015-03-11,15821323,306298097,19.062495,19.062495,18.385147,18.627057,-0.677348,4982
2015-03-12,8554268,166644164,18.627057,19.062495,18.627057,18.723821,0.096764,2726
2015-03-13,4879512,95581153,18.820586,19.062495,18.820586,18.917349,0.193528,1643
2015-03-16,12302848,233980462,18.917349,18.965731,18.046474,18.481912,-0.435437,3845
2015-03-17,5377103,102848457,18.578676,18.772203,18.385147,18.385147,-0.096765,1779
2015-03-18,9037345,175828280,18.43353,19.014113,18.43353,18.723821,0.338674,2985
2015-03-19,6952126,134362798,18.868968,18.917349,18.530294,18.578676,-0.145145,2259
2015-03-20,7220421,137329632,18.578676,18.627057,18.288384,18.578676,0.0,2276
2015-03-23,9837958,192333833,18.578676,19.256023,18.385147,18.723821,0.145145,3093
2015-03-24,7089815,136597752,18.578676,18.772203,18.530294,18.627057,-0.096764,2016
2015-03-25,4515129,86987264,18.627057,18.917349,18.481912,18.578676,-0.048381,1523
2015-03-26,12201197,227465980,18.336765,18.481912,17.756182,18.19162,-0.387056,4326
2015-03-27,13331778,254104583,18.385147,18.820586,18.143238,18.19162,0.0,4048
2015-03-30,7977804,148845846,18.288384,18.530294,17.804564,17.804564,-0.387056,2677
2015-03-31,11905631,214735053,17.94971,17.998092,17.175598,17.514272,-0.290292,4226
2015-04-01,5634396,102858903,17.514272,17.852946,17.514272,17.756182,0.24191,2140
2015-04-02,7075790,129798559,17.756182,17.998092,17.611036,17.611036,-0.145146,2498
2015-04-07,5730017,105100865,17.611036,17.998092,17.46589,17.901328,0.290292,2446
2015-04-08,6488418,119375493,17.804564,18.094856,17.562654,17.611036,-0.290292,2232
2015-04-09,7806595,143205166,17.659419,17.94971,17.46589,17.94971,0.338674,2237
2015-04-10,10568332,194795736,17.998092,18.094856,17.562654,17.562654,-0.387056,3041
2015-04-13,3183252,57816618,17.756182,17.756182,17.417508,17.611036,0.048382,1350
2015-04-14,3199999,58549387,17.659419,17.852946,17.562654,17.804564,0.193528,1249
2015-04-15,5687975,103223400,17.756182,17.901328,17.369126,17.417508,-0.387056,1820
2015-04-16,10501933,185634322,17.514272,17.611036,16.788542,16.885307,-0.532201,3508
2015-04-17,10497405,179066085,16.885307,17.030453,16.304723,16.498251,-0.387056,3325
2015-04-20,9533897,166539363,16.498251,17.22398,16.449869,17.22398,0.725729,3350
2015-04-21,6986538,122948449,17.417508,17.514272,16.643397,16.740161,-0.483819,2459
2015-04-22,5101249,89610376,16.933689,17.127216,16.740161,17.127216,0.387055,1955
2015-04-23,8219895,146856646,17.22398,17.514272,17.078834,17.078834,-0.048382,2362
2015-04-24,5003914,88623036,17.175598,17.320745,16.933689,17.030453,-0.048381,1881
2015-04-27,2872332,50938398,17.272363,17.320745,17.078834,17.127216,0.096763,1019
2015-04-28,5442219,96387030,17.320745,17.514272,16.836924,16.836924,-0.290292,1894
2015-04-29,9642896,161279643,16.885307,16.885307,15.72414,15.917667,-0.919257,3211
2015-04-30,17112889,269018077,15.917667,16.062813,14.804882,14.901646,-1.016021,4883
2015-05-04,6369101,99087819,14.99841,15.288701,14.708118,15.143556,0.24191,2027
2015-05-05,2915615,45238564,15.240319,15.288701,14.853264,14.950028,-0.193528,1013
2015-05-06,3891324,60202837,14.950028,15.095174,14.708118,14.853264,-0.096764,1334
2015-05-07,2252065,34766748,14.853264,14.99841,14.853264,14.99841,0.145146,923
2015-05-08,11899821,175681949,14.99841,15.095174,13.982389,14.03077,-0.96764,3813
2015-05-11,10934247,153893663,14.127534,14.272681,13.256659,13.401805,-0.628965,2785
2015-05-12,6988722,99207115,13.546951,14.03077,13.450187,14.03077,0.628965,2127
2015-05-13,10874964,165597440,14.224299,14.99841,14.224299,14.99841,0.96764,3033
2015-05-14,26347177,423378682,15.240319,15.820904,15.191938,15.578993,0.580583,7486
2015-05-15,11579369,183865032,15.675757,15.675757,15.095174,15.095174,-0.483819,3473
2015-05-18,8903349,138288594,15.143556,15.385466,14.708118,15.046792,-0.048382,2530
2015-05-19,12977477,210336641,15.095174,15.966049,14.99841,15.966049,0.919257,3943
2015-05-20,9600880,158150431,15.966049,16.304723,15.627375,16.304723,0.338674,2532
2015-05-21,7719332,127249374,16.062813,16.111196,15.72414,15.72414,-0.580583,2488
2015-05-22,6139210,100968498,15.772522,16.207959,15.72414,15.72414,0.0,2140
2015-05-25,4859052,80082648,15.772522,16.111196,15.675757,15.917667,0.193527,1503
2015-05-26,10599797,169481338,16.062813,16.062813,15.191938,15.191938,-0.725729,2834
2015-05-27,7032856,111081177,15.191938,15.433848,15.095174,15.337084,0.145146,2084
2015-05-28,5435030,87008330,15.578993,15.578993,15.433848,15.433848,0.096764,1292
2015-05-29,16602411,275064995,15.627375,16.256341,15.627375,16.062813,0.628965,4098
2015-06-01,7760150,126321850,16.062813,16.159577,15.433848,15.72414,-0.338673,2152
2015-06-02,11053527,175121139,15.675757,15.675757,15.046792,15.191938,-0.532202,3472
2015-06-03,9399007,148312354,15.240319,15.675757,14.901646,15.288701,0.096763,3274
2015-06-04,12627709,191491683,15.240319,15.288701,14.175917,14.224299,-1.064402,3461
2015-06-05,8237763,122447576,14.224299,14.708118,14.079152,14.417826,0.193527,2294
2015-06-08,5954192,86289563,14.417826,14.417826,13.788861,13.934007,-0.483819,1775
2015-06-09,10133035,142167366,13.885625,14.224299,12.676076,12.869603,-1.064404,2840
2015-06-10,11289986,153219252,13.063131,13.450187,12.869603,13.111513,0.24191,2588
2015-06-11,4719839,64180681,13.450187,13.450187,13.01475,13.063131,-0.048382,1573
2015-06-12,5183835,69249110,12.869603,13.159895,12.772839,12.917985,-0.145146,1573
2015-06-15,2748649,36719380,12.917985,13.111513,12.821221,12.869603,-0.048382,859
2015-06-16,5682030,73365282,12.869603,13.01475,12.28902,12.385784,-0.483819,1727
2015-06-17,6865327,87132804,12.385784,12.530929,12.04711,12.04711,-0.338674,2299
2015-06-18,7519353,96054484,12.095492,12.530929,12.095492,12.385784,0.338674,2097
2015-06-22,11125497,152648129,12.821221,13.595333,12.724458,13.595333,1.209549,2593
2015-06-23,25432675,360916631,13.934007,14.079152,13.256659,13.450187,-0.145146,6081
2015-06-24,13742075,190175182,13.256659,13.692097,13.063131,13.305041,-0.145146,3534
2015-06-25,10045891,137353975,13.353423,13.498569,13.063131,13.063131,-0.24191,2792
2015-06-26,5528612,74382266,13.063131,13.208277,12.917985,12.966367,-0.096764,1534
2015-06-29,9414051,120116842,12.676076,12.676076,12.143874,12.192255,-0.774112,2462
2015-06-30,5074601,64496000,12.143874,12.434166,12.143874,12.240638,0.048383,1476
2015-07-01,5844203,75455425,12.385784,12.627694,12.337402,12.530929,0.290291,1623
2015-07-02,6888614,90255332,12.772839,12.821221,12.530929,12.676076,0.145147,1800
2015-07-03,4621515,59626290,12.772839,12.772839,12.385784,12.385784,-0.290292,1301
2015-07-06,3820209,48151667,12.143874,12.337402,12.143874,12.143874,-0.24191,1066
2015-07-07,3029103,38392846,12.28902,12.434166,12.143874,12.240638,0.096764,1053
2015-07-08,12752248,150337399,12.192255,12.192255,11.031088,11.224616,-1.016022,3273
2015-07-09,8571030,96509349,11.031088,11.224616,10.498887,11.224616,0.0,2132
2015-07-13,9901432,122955785,11.756818,12.337402,11.611672,12.337402,1.112786,2741
2015-07-14,8032751,101190572,12.482547,12.482547,11.901964,11.950346,-0.387056,2304
2015-07-15,4257390,52222317,11.998728,12.095492,11.708436,11.756818,-0.193528,1291
2015-07-16,4594914,56914039,11.901964,12.143874,11.8052,11.998728,0.24191,1449
2015-07-17,4647423,56441376,12.04711,12.04711,11.56329,11.611672,-0.387056,1391
2015-07-20,4331822,52502328,11.853582,11.950346,11.56329,11.611672,0.0,1314
2015-07-21,2759187,32997314,11.708436,11.756818,11.466527,11.514909,-0.096763,896
2015-07-22,5065076,60392393,11.369762,11.756818,11.224616,11.418144,-0.096765,1517
2015-07-23,5961738,68805674,11.369762,11.466527,10.885943,11.031088,-0.387056,1859
2015-07-24,3405156,38459168,11.031088,11.176235,10.789179,10.885943,-0.145145,1000
2015-07-27,10161799,109071079,10.837561,11.079471,9.869921,9.966686,-0.919257,2321
2015-07-28,7338848,77034020,9.966686,10.402123,9.773157,10.402123,0.435437,1868
2015-07-29,4911455,52733786,10.547269,10.595651,10.160213,10.498887,0.096764,1782
2015-07-30,5948492,67096459,10.547269,11.127853,10.547269,10.885943,0.387056,1540
2015-07-31,3938916,43628051,10.837561,10.885943,10.547269,10.644032,-0.241911,1120
2015-08-03,3189247,34782438,10.547269,10.740797,10.305359,10.498887,-0.145145,884
2015-08-04,4402217,47196190,10.595651,10.789179,10.111831,10.160213,-0.338674,1331
2015-08-05,3328044,35587470,10.111831,10.498887,10.063449,10.402123,0.24191,998
2015-08-06,3087104,32861344,10.595651,10.595651,10.160213,10.208595,-0.193528,1032
2015-08-07,5848679,62158695,10.208595,10.498887,9.966686,10.256977,0.048382,1440
2015-08-10,5148030,55894084,10.305359,10.789179,10.160213,10.740797,0.48382,1373
2015-08-11,5195060,57836343,10.837561,11.031088,10.498887,10.498887,-0.24191,1569
2015-08-12,3938783,42696289,10.450505,10.740797,10.305359,10.740797,0.24191,1155
2015-08-13,7739224,83726146,10.740797,10.885943,10.160213,10.256977,-0.48382,2064
2015-08-14,17936600,177288040,10.015067,10.015067,9.289338,9.415131,-0.841846,4215
2015-08-17,11744902,107550316,9.250632,9.33772,8.631343,8.650696,-0.764435,2852
2015-08-18,8438582,77059684,8.824871,8.921635,8.71843,8.8539,0.203204,2455
2015-08-19,7197512,65370149,8.902282,8.931311,8.699078,8.71843,-0.13547,2264
2015-08-20,5037098,45309646,8.71843,8.776489,8.573285,8.766812,0.048382,1586
2015-08-21,11283729,94929667,8.563608,8.689402,7.895937,7.963672,-0.80314,3026
2015-08-24,7122173,53638073,7.56694,7.789497,7.170207,7.170207,-0.793465,1244
2015-08-25,9809895,71708539,6.638006,7.402441,6.618653,7.373412,0.203205,2358
2015-08-26,8983300,71031089,7.344383,8.031407,7.257295,8.031407,0.657995,2585
2015-08-27,10783322,91894657,8.128171,8.389433,8.041083,8.118494,0.087087,2670
2015-08-28,6589970,56087083,8.186229,8.350728,8.137847,8.224934,0.10644,1615
2015-08-31,4754164,40710366,8.224934,8.418463,8.128171,8.350728,0.125794,1720
2015-09-01,5249646,45561819,8.350728,8.515226,8.253964,8.515226,0.164498,1637
2015-09-02,13646784,122636977,8.331375,9.095809,8.331375,9.057104,0.541878,3121
2015-09-03,7932300,74629245,9.192574,9.211926,9.008722,9.115163,0.058059,2324
2015-09-04,6038400,55576440,9.095809,9.163544,8.708754,8.708754,-0.406409,1701
2015-09-07,3422995,31062863,8.553932,8.902282,8.553932,8.834547,0.125793,1077
2015-09-08,3523090,32434250,8.863577,8.989369,8.815195,8.950664,0.116117,1324
2015-09-09,5909400,55859344,9.095809,9.240956,9.018399,9.182898,0.232234,1578
2015-09-10,2720734,25790473,9.182898,9.231279,9.057104,9.192574,0.009676,952
2015-09-11,8439682,81939737,9.250632,9.666717,9.144192,9.666717,0.474143,2341
2015-09-14,11524496,119192931,9.918304,10.208595,9.773157,10.063449,0.396732,2925
2015-09-15,5335950,53768654,9.966686,9.966686,9.666717,9.821539,-0.24191,1469
2015-09-16,4919315,49670775,9.918304,9.966686,9.676394,9.676394,-0.145145,1220
2015-09-17,3862389,39460927,9.869921,10.015067,9.773157,9.869921,0.193527,1073
2015-09-18,4218300,42647730,9.821539,9.918304,9.676394,9.676394,-0.193527,1210
2015-09-21,3126326,31280594,9.57963,9.869921,9.502218,9.869921,0.193527,1066
2015-09-22,2800190,28504417,9.966686,9.966686,9.724775,9.869921,0.0,862
2015-09-23,3146565,31783050,9.773157,9.918304,9.676394,9.773157,-0.096764,960
2015-09-24,4486589,44791600,9.821539,9.821539,9.57963,9.676394,-0.096763,1369
2015-09-25,2169635,21419830,9.628012,9.637688,9.492542,9.598982,-0.077412,872
2015-09-30,2136208,20878434,9.482865,9.531248,9.386101,9.511895,-0.087087,788
2015-10-01,6293767,63533950,9.511895,9.918304,9.511895,9.724775,0.21288,1401
2015-10-02,3583276,35916860,9.821539,9.821539,9.560277,9.773157,0.048382,986
2015-10-05,6381562,65807955,9.918304,10.063449,9.869921,10.015067,0.24191,1548
2015-10-06,3258451,33591248,10.111831,10.160213,9.869921,9.918304,-0.096763,1078
2015-10-07,8447566,88271706,9.918304,10.256977,9.918304,9.966686,0.048382,1927
2015-10-08,3370408,34156691,10.015067,10.063449,9.676394,9.676394,-0.290292,1116
2015-10-12,2628513,26419480,9.821539,9.821539,9.676394,9.724775,0.048381,1016
2015-10-13,2445876,24573460,9.724775,9.821539,9.676394,9.724775,0.0,733
2015-10-14,6811943,68992940,9.773157,9.966686,9.589306,9.724775,0.0,1340
2015-10-15,2163533,21927904,9.821539,9.918304,9.724775,9.773157,0.048382,815
2015-10-16,29479547,317514668,9.869921,10.740797,9.821539,10.740797,0.96764,6448
2015-10-19,30822140,354362905,10.934324,11.56329,10.740797,11.466527,0.72573,8045
2015-10-20,22704557,271692734,11.611672,11.950346,11.224616,11.514909,0.048382,5721
2015-10-21,11655662,140510421,11.8052,11.901964,11.466527,11.708436,0.193527,2921
2015-10-22,7691412,93068800,11.756818,11.853582,11.56329,11.611672,-0.096764,2239
2015-10-23,10134500,119602222,11.8052,11.8052,11.079471,11.127853,-0.483819,3246
2015-10-26,5054740,59360006,11.224616,11.466527,11.224616,11.369762,0.241909,1505
2015-10-27,6930450,81620742,11.369762,11.611672,11.176235,11.224616,-0.145146,1680
2015-10-28,7447518,84465900,11.031088,11.224616,10.789179,10.837561,-0.387055,2068
2015-10-29,4308125,48441920,10.982706,11.031088,10.789179,10.837561,0.0,1435
2015-10-30,7244596,81133780,10.934324,10.982706,10.498887,10.982706,0.145145,1817
2015-11-02,3651342,40811810,10.982706,10.982706,10.644032,10.789179,-0.193527,1154
2015-11-03,6958474,80439576,10.934324,11.272998,10.934324,11.127853,0.338674,1936
2015-11-04,3857784,44200872,11.176235,11.224616,10.982706,11.079471,-0.048382,1310
2015-11-05,9082333,106833243,11.127853,11.56329,11.127853,11.32138,0.241909,2459
2015-11-06,4134212,47337744,11.32138,11.369762,10.934324,10.982706,-0.338674,1572
2015-11-09,3537067,39411942,11.031088,11.127853,10.595651,10.692415,-0.290291,1274
2015-11-10,6199688,66059601,10.547269,10.595651,10.111831,10.111831,-0.580584,2008
2015-11-11,5927466,60288027,10.111831,10.256977,9.724775,9.724775,-0.387056,2005
2015-11-12,4976496,49657910,9.773157,9.869921,9.502218,9.676394,-0.048381,1853
2015-11-13,1987304,19818354,9.57963,9.773157,9.560277,9.560277,-0.116117,767
2015-11-16,4304000,40543740,9.386101,9.386101,8.8539,9.086134,-0.474143,1420
2015-11-17,7931359,79617927,9.269985,9.966686,9.269985,9.966686,0.880552,2424
2015-11-18,6718061,68309865,10.063449,10.111831,9.637688,9.637688,-0.328998,1856
2015-11-19,3678243,36984170,9.869921,9.869921,9.65704,9.676394,0.038706,1338
2015-11-20,7219953,73898716,9.773157,10.063449,9.676394,9.918304,0.24191,2137
2015-11-23,5034244,51532512,10.063449,10.063449,9.773157,9.773157,-0.145147,1275
2015-11-24,2600624,26136851,9.918304,9.918304,9.647364,9.647364,-0.125793,894
2015-11-25,3109712,30750895,9.773157,9.773157,9.482865,9.482865,-0.164499,1099
2015-11-26,2146142,21323629,9.531248,9.724775,9.531248,9.540924,0.058059,870
2015-11-27,3274679,31735990,9.560277,9.618335,9.202251,9.299014,-0.24191,1170
2015-11-30,3379860,31822129,9.289338,9.289338,8.999046,9.134516,-0.164498,1942
2015-12-01,6206048,60235100,9.260308,9.618335,9.153868,9.511895,0.377379,2069
2015-12-02,5366412,53794296,9.647364,9.869921,9.560277,9.65704,0.145145,1562
2015-12-03,3610168,36253903,9.724775,9.821539,9.598982,9.65704,0.0,1498
2015-12-04,2575472,25480677,9.628012,9.637688,9.502218,9.598982,-0.058058,1215
2015-12-07,6544033,67089285,9.773157,10.063449,9.724775,9.966686,0.367704,1919
2015-12-08,2770510,28109999,9.966686,10.015067,9.676394,9.676394,-0.290292,1020
2015-12-09,4072516,39965062,9.724775,9.773157,9.250632,9.33772,-0.338674,1982
2015-12-10,2343971,22510348,9.211926,9.424808,9.192574,9.308691,-0.029029,970
2015-12-11,3386611,32181280,9.405455,9.415131,8.999046,9.018399,-0.290292,1055
2015-12-14,3271089,29868872,8.921635,8.999046,8.708754,8.728107,-0.290292,1141
2015-12-15,2962498,27076210,8.834547,8.96034,8.74746,8.786165,0.058058,905
2015-12-16,7649501,72246253,8.911959,9.434483,8.863577,9.434483,0.648318,1997
2015-12-17,8642667,85345882,9.676394,9.676394,9.376425,9.521571,0.087088,2465
2015-12-18,2619844,25758995,9.434483,9.628012,9.405455,9.434483,-0.087088,1053
2015-12-21,4178538,41550299,9.415131,9.773157,9.395778,9.628012,0.193529,1386
2015-12-22,3294392,33102770,9.724775,9.821539,9.637688,9.724775,0.096763,1123
2015-12-23,3869122,38574158,9.821539,9.869921,9.511895,9.531248,-0.193527,1218
2015-12-24,1893603,18739960,9.666717,9.676394,9.482865,9.589306,0.058058,802
2015-12-25,1682255,16778945,9.598982,9.724775,9.598982,9.628012,0.038706,493
2015-12-28,3546823,35744110,9.676394,9.869921,9.608659,9.608659,-0.019353,1084
2015-12-29,1505704,14837828,9.628012,9.628012,9.482865,9.492542,-0.116117,611
2015-12-30,5755674,57798878,9.628012,9.869921,9.57963,9.637688,0.145146,1362
2015-12-31,1176671,11745990,9.676394,9.724775,9.628012,9.637688,0.0,536
2016-01-04,1893354,18514623,9.676394,9.676394,9.386101,9.386101,-0.251587,681
2016-01-05,2424395,23221000,9.386101,9.386101,9.173221,9.173221,-0.21288,796
2016-01-06,1821224,16970545,9.173221,9.221603,8.8539,8.989369,-0.183852,708
2016-01-07,7451570,66102457,8.8539,9.066781,8.108817,8.515226,-0.474143,2081
2016-01-08,3099684,27719125,8.515226,8.805518,8.418463,8.737783,0.222557,1060
2016-01-11,3004337,25993870,8.61199,8.631343,8.244287,8.244287,-0.493496,1192
2016-01-12,3377964,28207720,8.302346,8.360404,7.828202,7.837879,-0.406408,1310
2016-01-13,2714000,22298709,7.983025,8.079789,7.866908,7.905613,0.067734,1113
2016-01-14,3623694,28904396,7.799173,7.828202,7.605645,7.712085,-0.193528,1244
2016-01-15,2151920,17106009,7.828202,7.837879,7.56694,7.624998,-0.087087,870
2016-01-18,3911746,30950652,7.450823,7.895937,7.334706,7.837879,0.212881,1227
2016-01-19,2981100,24527741,7.866908,8.031407,7.770144,7.992701,0.154822,717
2016-01-20,1736030,14115494,7.992701,7.992701,7.750791,7.750791,-0.24191,682
2016-01-21,1443622,11586100,7.770144,7.847555,7.683056,7.750791,0.0,416
2016-01-22,1949273,15860063,7.847555,7.934642,7.789497,7.876585,0.125794,700
2016-01-25,5863241,51087343,7.983025,8.660372,7.983025,8.660372,0.783787,1813
2016-01-26,2836874,24962825,8.61199,8.61199,8.370081,8.466844,-0.193528,887
2016-01-27,1636000,14318710,8.534579,8.602313,8.370081,8.399109,-0.067735,571
2016-01-28,5352328,47584583,8.331375,8.757136,8.331375,8.728107,0.328998,1648
2016-01-29,3418120,31023049,8.728107,8.902282,8.64102,8.689402,-0.038705,917
2016-01-30,1205805,10886036,8.805518,8.805518,8.689402,8.689402,0.0,394
2016-02-01,1198562,10769056,8.824871,8.824871,8.61199,8.61199,-0.077412,376
2016-02-02,5275513,47376486,8.602313,8.815195,8.524903,8.524903,-0.087087,1075
2016-02-03,2337518,20123172,8.466844,8.50555,8.253964,8.253964,-0.270939,913
2016-02-15,1304448,10963541,8.224934,8.224934,7.992701,8.186229,-0.067735,605
2016-02-16,3688842,32314988,8.224934,8.61199,8.224934,8.592638,0.406409,1180
2016-02-17,1397562,12362329,8.650696,8.650696,8.50555,8.515226,-0.077412,593
2016-02-18,1816761,16125400,8.602313,8.679725,8.524903,8.524903,0.009677,608
2016-02-19,3083606,27674903,8.573285,8.776489,8.563608,8.621667,0.096764,886
2016-02-22,1027768,9235339,8.699078,8.795842,8.631343,8.650696,0.029029,437
2016-02-23,2669012,24336366,8.708754,8.940987,8.708754,8.757136,0.10644,940
2016-02-24,2142994,19354849,8.737783,8.863577,8.670048,8.670048,-0.087088,919
2016-02-25,2687060,24341530,8.74746,8.824871,8.689402,8.689402,0.019354,878
2016-02-26,2450446,22217338,8.824871,8.844224,8.728107,8.737783,0.048381,758
2016-03-01,2852528,26138840,8.834547,8.921635,8.757136,8.834547,0.096764,847
2016-03-02,5367113,50162354,8.931311,9.144192,8.931311,8.999046,0.164499,1554
2016-03-03,2916931,27426394,9.076457,9.240956,8.989369,9.028075,0.029029,948
2016-03-04,4489538,42569039,9.192574,9.260308,9.047428,9.115163,0.087088,1132
2016-03-07,2114127,19868924,9.144192,9.240956,8.999046,8.999046,-0.116117,648
2016-03-08,4175548,39411711,9.028075,9.260308,8.911959,9.182898,0.183852,1199
2016-03-09,1960343,18485908,9.269985,9.269985,9.047428,9.086134,-0.096764,521
2016-03-10,1628957,15323591,9.086134,9.182898,9.066781,9.095809,0.009675,545
2016-03-11,1608295,15078305,9.057104,9.153868,9.028075,9.095809,0.0,510
2016-03-14,7005636,67712357,9.144192,9.511895,9.134516,9.289338,0.193529,1702
2016-03-15,3374159,31778717,9.33772,9.347396,8.902282,8.931311,-0.358027,939
2016-03-16,1267005,11822965,9.028075,9.076457,8.989369,9.028075,0.096764,488
2016-03-17,1975488,18366780,9.134516,9.173221,8.902282,8.911959,-0.116116,742
2016-03-18,1305806,12000949,8.940987,8.970017,8.8539,8.902282,-0.009677,505
2016-03-21,1410838,12883900,8.931311,8.979694,8.728107,8.882929,-0.019353,484
2016-03-22,1599300,14727738,8.882929,9.028075,8.805518,8.882929,0.0,503
2016-03-23,1049817,9582538,8.970017,8.970017,8.786165,8.786165,-0.096764,642
2016-03-24,1870680,16751843,8.786165,8.795842,8.592638,8.631343,-0.154822,887
2016-03-25,1881450,17098297,8.64102,8.950664,8.563608,8.8539,0.222557,932
2016-03-28,1697617,15385823,8.8539,8.863577,8.689402,8.689402,-0.164498,855
2016-03-29,1990376,17631246,8.689402,8.74746,8.495873,8.515226,-0.174176,720
2016-03-30,873356,7783786,8.592638,8.689402,8.592638,8.602313,0.087087,379
2016-03-31,883075,7858929,8.670048,8.689402,8.563608,8.660372,0.058059,517
2016-04-01,1054449,9391448,8.563608,8.708754,8.563608,8.592638,-0.067734,500
2016-04-06,1896437,16343067,8.515226,8.515226,8.234611,8.321698,-0.27094,978
2016-04-07,1402776,12005399,8.408786,8.408786,8.224934,8.26364,-0.058058,667
2016-04-08,1166181,9956872,8.128171,8.379756,8.128171,8.321698,0.058058,611
2016-04-11,524262,4495376,8.331375,8.331375,8.224934,8.321698,0.0,423
2016-04-12,1101117,9408489,8.321698,8.370081,8.128171,8.147524,-0.174174,475
2016-04-13,1032619,8759054,8.166876,8.253964,8.166876,8.205582,0.058058,524
2016-04-14,1109640,9454182,8.253964,8.321698,8.186229,8.215258,0.009676,424
2016-04-15,901097,7611831,8.224934,8.224934,8.147524,8.176552,-0.038706,378
2016-04-18,801152,6753324,8.176552,8.224934,8.128171,8.128171,-0.048381,359
2016-04-19,873507,7361931,8.157199,8.224934,8.128171,8.137847,0.009676,353
2016-04-20,900636,7515801,8.176552,8.195906,8.031407,8.031407,-0.10644,386
2016-04-21,712359,5886761,8.079789,8.079789,7.953995,7.953995,-0.077412,277
2016-04-22,1292758,10505478,7.934642,8.002377,7.750791,7.866908,-0.087087,469
2016-04-25,768174,6204952,7.866908,7.963672,7.750791,7.750791,-0.116117,337
2016-04-26,635053,5153699,7.789497,7.934642,7.770144,7.857232,0.106441,286
2016-04-27,1141368,9389159,7.847555,8.108817,7.80885,7.857232,0.0,455
2016-04-28,801400,6518104,7.837879,8.012054,7.77982,8.012054,0.154822,413
2016-04-29,840378,6799550,7.934642,7.934642,7.741115,7.837879,-0.174175,385
2016-05-03,2199778,17383306,7.799173,7.857232,7.528234,7.528234,-0.309645,961
2016-05-04,1850405,14144436,7.528234,7.547587,7.296001,7.315354,-0.21288,798
2016-05-05,1087337,8251629,7.315354,7.450823,7.257295,7.363736,0.048382,381
2016-05-06,956437,7221400,7.363736,7.441146,7.266972,7.344383,-0.019353,433
2016-05-09,401337,3034067,7.402441,7.402441,7.257295,7.257295,-0.087088,188
2016-05-10,592414,4451674,7.257295,7.334706,7.208914,7.286324,0.029029,294
2016-05-11,1957866,14776432,7.315354,7.373412,7.199237,7.199237,-0.087087,515
2016-05-12,1827500,13211430,7.160531,7.199237,6.821858,6.821858,-0.377379,631
2016-05-13,6079294,39828966,6.725093,6.73477,6.14451,6.328362,-0.493496,1602
2016-05-16,2059545,13424174,6.338037,6.386419,6.202568,6.212245,-0.116117,712
2016-05-17,4722832,33191491,6.763799,6.831533,6.618653,6.831533,0.619288,1124
2016-05-18,6239794,45762256,6.87024,7.286324,6.821858,7.054091,0.222558,2011
2016-05-19,2113020,15401513,7.08312,7.160531,6.967003,7.005709,-0.048382,748
2016-05-20,2019348,14841212,7.015385,7.257295,6.986356,7.257295,0.251586,565
2016-05-23,2585300,19778740,7.344383,7.624998,7.199237,7.489529,0.232234,910
2016-05-24,1810771,14102131,7.586293,7.586293,7.470176,7.489529,0.0,711
2016-05-25,2606951,20324474,7.586293,7.624998,7.460499,7.605645,0.116116,911
2016-05-26,1706888,13346955,7.605645,7.644351,7.479852,7.644351,0.038706,646
2016-05-27,1534701,12104239,7.692733,7.692733,7.605645,7.624998,-0.019353,591
2016-05-30,1814793,14121678,7.644351,7.644351,7.499205,7.499205,-0.125793,566
2016-05-31,6505160,50578100,7.518558,7.595969,7.450823,7.557263,0.058058,1723
2016-06-01,2583984,20416910,7.557263,7.683056,7.557263,7.654028,0.096765,780
2016-06-02,1348338,10658228,7.70241,7.731438,7.576616,7.595969,-0.058059,574
2016-06-03,2811424,22495503,7.654028,7.934642,7.557263,7.934642,0.338673,809
2016-06-04,1321399,10881716,7.973348,8.050759,7.837879,8.031407,0.096765,399
2016-06-06,2523353,20602691,8.041083,8.041083,7.80885,7.992701,-0.038706,600
2016-06-07,1810581,14897525,8.002377,8.041083,7.88626,8.041083,0.048382,568
2016-06-08,2398956,19996503,8.041083,8.128171,7.973348,8.128171,0.087088,755
2016-06-13,1732703,14435198,8.108817,8.108817,7.983025,8.079789,-0.048382,435
2016-06-14,2201548,18644666,8.041083,8.312022,8.041083,8.312022,0.232233,657
2016-06-15,4346797,38489413,8.370081,8.699078,8.370081,8.631343,0.319321,1407
2016-06-16,3109649,27324904,8.689402,8.689402,8.389433,8.50555,-0.125793,872
2016-06-17,2939885,26157848,8.515226,8.670048,8.486197,8.631343,0.125793,834
2016-06-20,1414583,12590932,8.670048,8.708754,8.534579,8.650696,0.019353,461
2016-06-21,1800956,16001315,8.660372,8.679725,8.50555,8.679725,0.029029,426
2016-06-22,1082005,9610901,8.61199,8.660372,8.534579,8.534579,-0.145146,327
2016-06-23,1146928,10057726,8.457168,8.592638,8.418463,8.515226,-0.019353,347
2016-06-24,9434601,82906576,8.534579,8.757136,7.88626,8.292669,-0.222557,1556
2016-06-27,1030747,8828059,8.26364,8.350728,8.224934,8.224934,-0.067735,322
2016-06-28,1671928,14081241,8.224934,8.224934,8.108817,8.186229,-0.038705,465
2016-06-29,1523496,12952783,8.205582,8.302346,8.176552,8.26364,0.077411,413
2016-06-30,1478612,12602703,8.321698,8.321698,8.205582,8.26364,0.0,374
2016-07-01,1363360,11639837,8.26364,8.312022,8.215258,8.282993,0.019353,300
2016-07-04,1155360,9823489,8.282993,8.282993,8.205582,8.205582,-0.077411,319
2016-07-05,1354784,11486717,8.224934,8.234611,8.157199,8.234611,0.029029,349
2016-07-06,1275501,10717196,8.176552,8.176552,8.079789,8.176552,-0.058059,406
2016-07-07,4591585,40426730,8.176552,8.824871,8.099141,8.699078,0.522526,1400
2016-07-11,2908504,26214947,8.74746,8.805518,8.64102,8.64102,-0.058058,842
2016-07-12,6091871,56236852,8.64102,9.134516,8.61199,8.931311,0.290291,1612
2016-07-13,2884516,26617886,8.931311,9.028075,8.873252,8.979694,0.048383,840
2016-07-14,4846398,45422795,8.911959,9.182898,8.911959,9.115163,0.135469,1216
2016-07-15,12715642,126736520,9.47319,9.773157,9.434483,9.676394,0.561231,3094
2016-07-18,7317781,73624423,9.647364,9.966686,9.540924,9.666717,-0.009677,1751
2016-07-19,8074475,82425350,9.869921,10.015067,9.724775,9.724775,0.058058,2598
2016-07-20,17110138,179925533,10.015067,10.402123,9.918304,10.160213,0.435438,3392
2016-07-21,17485016,192211253,10.450505,10.885943,10.353741,10.837561,0.677348,4134
2016-07-22,17484269,200760492,10.934324,11.369762,10.885943,11.176235,0.338674,4662
2016-07-25,14595507,166632475,11.418144,11.514909,10.692415,10.837561,-0.338674,3504
2016-07-26,8298315,93378103,10.934324,11.079471,10.644032,11.031088,0.193527,2566
2016-07-27,10632502,122895385,11.176235,11.32138,11.031088,11.224616,0.193528,2410
2016-07-28,6778001,78200200,11.32138,11.32138,11.031088,11.031088,-0.193528,1660
2016-07-29,4551481,51679631,11.079471,11.127853,10.885943,10.982706,-0.048382,1114
2016-08-01,15715817,187388640,11.079471,11.950346,11.079471,11.950346,0.96764,3755
2016-08-02,13444114,166943990,11.853582,12.240638,11.660054,11.950346,0.0,3240
2016-08-03,5939243,72284621,11.853582,11.950346,11.708436,11.708436,-0.24191,1669
2016-08-04,5441909,66367495,11.8052,12.04711,11.660054,11.708436,0.0,1456
2016-08-05,14000832,174496258,11.901964,12.240638,11.8052,11.950346,0.24191,3410
2016-08-08,8921100,110284855,12.143874,12.192255,11.756818,11.756818,-0.193528,2036
2016-08-09,16632423,207561048,11.901964,12.385784,11.756818,11.901964,0.145146,3987
2016-08-10,12991235,155009469,11.950346,11.998728,11.224616,11.224616,-0.677348,3239
2016-08-11,9806530,116393170,11.224616,11.708436,11.176235,11.418144,0.193528,2781
2016-08-12,5135742,60492640,11.56329,11.611672,11.272998,11.272998,-0.145146,1247
2016-08-15,9073525,102863149,11.224616,11.32138,10.789179,10.837561,-0.435437,2380
2016-08-16,4163475,47407028,10.885943,11.127853,10.885943,11.079471,0.24191,1366
2016-08-17,17899364,215229619,11.127853,12.04711,11.127853,11.901964,0.822493,4722
2016-08-18,7783490,93092778,11.708436,11.708436,11.418144,11.56329,-0.338674,1871
2016-08-19,6303965,74661239,11.756818,11.756818,11.224616,11.224616,-0.338674,1454
2016-08-22,8316114,92808854,11.127853,11.127853,10.595651,10.740797,-0.483819,2146
2016-08-23,4089747,46504307,10.885943,11.079471,10.837561,11.079471,0.338674,1194
2016-08-24,2849363,32593077,11.127853,11.176235,10.934324,11.079471,0.0,918
2016-08-25,1976878,22449511,10.982706,11.127853,10.934324,10.982706,-0.096765,659
2016-08-26,7510204,87894404,11.031088,11.466527,11.031088,11.272998,0.290292,1933
2016-08-29,4171787,47715735,11.127853,11.224616,10.934324,11.127853,-0.145145,1076
2016-08-30,6271222,73000259,11.272998,11.418144,11.127853,11.127853,0.0,1913
2016-08-31,2330196,26584340,11.127853,11.224616,10.934324,11.031088,-0.096765,879
2016-09-01,2385798,27101343,11.079471,11.127853,10.885943,11.127853,0.096765,694
2016-09-02,3337220,37688000,11.079471,11.127853,10.837561,10.837561,-0.290292,909
2016-09-05,1662753,18876179,10.934324,11.079471,10.934324,10.934324,0.096763,550
2016-09-06,5172215,60183088,10.982706,11.418144,10.982706,11.369762,0.435438,1751
2016-09-07,7473352,88287394,11.32138,11.708436,11.272998,11.272998,-0.096764,2110
2016-09-08,5250481,61758550,11.369762,11.514909,11.272998,11.272998,0.0,1501
2016-09-09,1679229,19506789,11.272998,11.369762,11.176235,11.224616,-0.048382,718
2016-09-10,1559050,17629115,10.885943,11.031088,10.837561,10.982706,-0.24191,531
2016-09-12,2387090,27203862,10.982706,11.127853,10.934324,10.982706,0.0,633
2016-09-13,1570741,17720559,11.079471,11.127853,10.837561,10.837561,-0.145145,688
2016-09-14,1419404,15929762,10.740797,10.934324,10.740797,10.934324,0.096763,458
2016-09-19,1391319,15980563,11.079471,11.224616,11.031088,11.079471,0.145147,477
2016-09-20,6461743,76385489,11.079471,11.611672,11.079471,11.369762,0.290291,2133
2016-09-21,6356887,75992315,11.514909,11.660054,11.418144,11.466527,0.096765,1831
2016-09-22,4089121,48629934,11.514909,11.611672,11.369762,11.56329,0.096763,1190
2016-09-23,14518846,177281334,11.611672,12.04711,11.56329,12.04711,0.48382,3320
2016-09-26,34572998,442916070,12.095492,12.676076,12.04711,12.240638,0.193528,8517
2016-09-29,8612162,106550955,12.143874,12.240638,11.756818,11.8052,-0.435438,2869
2016-09-30,5260151,62978253,11.660054,11.756818,11.466527,11.611672,-0.193528,1619
2016-10-03,3434510,41276064,11.611672,11.756818,11.514909,11.56329,-0.048382,1041
2016-10-04,3444801,41164698,11.611672,11.756818,11.418144,11.418144,-0.145146,1040
2016-10-05,3987337,47793684,11.514909,11.708436,11.418144,11.56329,0.145146,2317
2016-10-06,5933288,72082588,11.660054,11.950346,11.56329,11.611672,0.048382,2612
2016-10-07,3664320,43074241,11.611672,11.611672,11.224616,11.224616,-0.387056,1294
2016-10-11,12179414,134132133,11.079471,11.272998,10.160213,10.305359,-0.919257,2968
2016-10-12,3629717,38998124,10.160213,10.547269,10.111831,10.450505,0.145146,1218
2016-10-13,2286667,24347352,10.547269,10.595651,10.160213,10.160213,-0.290292,704
2016-10-14,5664613,57759308,10.160213,10.256977,9.676394,9.773157,-0.387056,1415
2016-10-17,4643648,48664011,9.869921,10.402123,9.821539,10.353741,0.580584,1632
2016-10-18,1983616,21214828,10.353741,10.450505,10.256977,10.305359,-0.048382,688
2016-10-19,2166008,23233481,10.305359,10.450505,10.305359,10.305359,0.0,635
2016-10-20,2691475,29184500,10.353741,10.595651,10.353741,10.547269,0.24191,813
2016-10-21,4051519,45119159,10.595651,10.934324,10.547269,10.789179,0.24191,1184
2016-10-24,2573068,28587949,10.837561,10.982706,10.595651,10.595651,-0.193528,703
2016-10-25,1608712,17541874,10.595651,10.692415,10.498887,10.547269,-0.048382,472
2016-10-26,2369804,26140753,10.547269,10.789179,10.547269,10.595651,0.048382,700
2016-10-27,2267934,24787735,10.595651,10.740797,10.450505,10.498887,-0.096764,523
2016-10-28,1183194,12759412,10.498887,10.595651,10.353741,10.353741,-0.145146,349
2016-10-31,925240,9807090,10.353741,10.450505,10.160213,10.305359,-0.048382,380
2016-11-01,1048041,11179875,10.256977,10.450505,10.256977,10.305359,0.0,302
2016-11-02,2468464,25494404,10.208595,10.208595,9.918304,9.966686,-0.338673,893
2016-11-03,1522241,15599307,9.918304,10.111831,9.821539,9.869921,-0.096765,564
2016-11-04,1102152,11306055,9.821539,10.015067,9.773157,9.966686,0.096765,358
2016-11-07,1025516,10664113,10.015067,10.111831,10.015067,10.015067,0.048381,357
2016-11-08,1154498,11967200,10.160213,10.208595,9.918304,9.966686,-0.048381,398
2016-11-09,3573824,35429790,10.015067,10.063449,9.192574,9.482865,-0.483821,1064
2016-11-10,1820798,18580908,9.966686,9.966686,9.773157,9.869921,0.387056,625
2016-11-11,1942237,19448831,9.869921,9.869921,9.57963,9.676394,-0.193527,562
2016-11-14,2111009,20604394,9.637688,9.637688,9.33772,9.453836,-0.222558,726
2016-11-15,1383040,13611679,9.386101,9.598982,9.386101,9.540924,0.087088,511
2016-11-16,1132135,11268365,9.65704,9.676394,9.57963,9.598982,0.058058,415
2016-11-17,1128873,11066636,9.628012,9.647364,9.434483,9.47319,-0.125792,439
2016-11-18,1967532,19327224,9.47319,9.589306,9.453836,9.492542,0.019352,789
2016-11-21,6930547,72246047,9.5506,10.402123,9.47319,10.402123,0.909581,2068
2016-11-22,9791440,108628739,10.498887,10.934324,10.498887,10.644032,0.241909,2870
2016-11-23,5621445,62389838,10.595651,10.885943,10.498887,10.740797,0.096765,1473
2016-11-24,2529383,27579715,10.740797,10.837561,10.353741,10.402123,-0.338674,856
2016-11-25,2066075,22433006,10.547269,10.595651,10.402123,10.498887,0.096764,624
2016-11-28,1966459,21503403,10.644032,10.789179,10.402123,10.402123,-0.096764,744
2016-11-29,2482115,27239297,10.498887,10.740797,10.450505,10.595651,0.193528,919
2016-11-30,11346279,129247536,10.740797,11.272998,10.740797,10.934324,0.338673,3065
2016-12-01,3216820,36277582,11.127853,11.127853,10.789179,10.885943,-0.048381,1125
2016-12-02,1888728,20929579,10.740797,10.885943,10.644032,10.644032,-0.241911,630
2016-12-05,1599602,17558371,10.885943,10.885943,10.498887,10.547269,-0.096763,575
2016-12-06,1343081,14714118,10.644032,10.740797,10.547269,10.547269,0.0,532
2016-12-07,1335839,14636392,10.644032,10.692415,10.547269,10.595651,0.048382,442
2016-12-08,1674930,18434724,10.692415,10.789179,10.595651,10.595651,0.0,492
2016-12-09,1804208,19842621,10.692415,10.740797,10.547269,10.595651,0.0,529
2016-12-12,1561073,17025485,10.740797,10.740797,10.498887,10.498887,-0.096764,503
2016-12-13,1132235,12319843,10.498887,10.595651,10.450505,10.498887,0.0,586
2016-12-14,1771411,19484825,10.595651,10.692415,10.547269,10.595651,0.096764,740
2016-12-15,2400542,26521767,10.644032,10.837561,10.547269,10.837561,0.24191,846
2016-12-16,2644547,29611117,10.982706,11.031088,10.692415,10.692415,-0.145146,769
2016-12-19,1981184,21568420,10.644032,10.692415,10.402123,10.402123,-0.290292,646
2016-12-20,1072001,11552807,10.450505,10.498887,10.353741,10.450505,0.048382,435
2016-12-21,1840473,19707985,10.498887,10.498887,10.305359,10.353741,-0.096764,555
2016-12-22,2583205,27030287,10.353741,10.353741,10.015067,10.063449,-0.290292,727
2016-12-23,1074455,11096259,9.966686,10.063449,9.966686,9.966686,-0.096763,395
2016-12-26,914112,9440943,10.015067,10.111831,9.918304,9.918304,-0.048382,310
2016-12-27,1001443,10291392,9.918304,10.063449,9.869921,9.869921,-0.048383,270
2016-12-28,1067409,10973169,9.918304,10.015067,9.918304,9.918304,0.048383,387
2016-12-29,1592168,16305062,9.918304,10.015067,9.869921,9.869921,-0.048383,464
2016-12-30,857521,8901739,9.918304,10.160213,9.918304,10.063449,0.193528,368
2017-01-03,854729,8911811,10.160213,10.160213,10.015067,10.111831,0.048382,250
2017-01-04,1799312,19012724,10.160213,10.305359,10.063449,10.208595,0.096764,576
2017-01-05,1093442,11563665,10.256977,10.305359,10.111831,10.160213,-0.048382,442
2017-01-06,1692039,17996806,10.256977,10.450505,10.160213,10.256977,0.096764,556
2017-01-09,1222378,12873955,10.305359,10.402123,10.063449,10.063449,-0.193528,493
2017-01-10,1117604,11565538,10.015067,10.111831,9.966686,9.966686,-0.096763,388
2017-01-11,775699,8037280,10.015067,10.111831,9.966686,9.966686,0.0,310
2017-01-12,1123375,11597529,9.966686,10.063449,9.918304,9.966686,0.0,417
2017-01-13,853101,8761125,10.063449,10.063449,9.869921,9.918304,-0.048382,328
2017-01-16,774174,7980468,9.966686,10.063449,9.918304,9.918304,0.0,312
2017-01-17,827627,8519272,9.918304,10.015067,9.918304,9.966686,0.048382,313
2017-01-18,1618434,16774414,9.966686,10.111831,9.918304,10.015067,0.048381,512
2017-01-19,2920109,30654727,10.063449,10.305359,10.015067,10.111831,0.096764,819
2017-01-20,1803877,18898064,10.063449,10.256977,10.063449,10.063449,-0.048382,480
2017-01-23,4462585,47600861,10.111831,10.450505,10.111831,10.256977,0.193528,997
2017-01-24,1568728,16457168,10.305359,10.305359,10.063449,10.111831,-0.145146,394
2017-02-02,1929490,20237734,10.160213,10.256977,10.015067,10.160213,0.048382,474
2017-02-03,6354284,68485616,10.208595,10.547269,10.160213,10.498887,0.338674,1400
2017-02-06,7686697,85349217,10.595651,10.837561,10.547269,10.692415,0.193528,2134
2017-02-07,2461088,26919392,10.692415,10.740797,10.498887,10.498887,-0.193528,849
2017-02-08,2705596,29603149,10.547269,10.644032,10.498887,10.547269,0.048382,839
2017-02-09,2229410,24402000,10.547269,10.692415,10.547269,10.547269,0.0,642
2017-02-10,7047031,77906464,10.547269,10.837561,10.547269,10.644032,0.096763,1467
2017-02-13,2009958,22006808,10.644032,10.692415,10.547269,10.595651,-0.048381,478
2017-02-14,11923598,134863204,10.740797,11.127853,10.692415,10.740797,0.145146,2521
2017-02-15,4135287,46352913,10.740797,11.031088,10.692415,10.692415,-0.048382,1100
2017-02-16,2864598,31858253,10.789179,10.885943,10.692415,10.740797,0.048382,844
2017-02-17,6023846,67770404,10.740797,10.982706,10.692415,10.982706,0.241909,1575
2017-02-18,2468810,27970653,10.982706,11.079471,10.885943,10.934324,-0.048382,673
2017-02-20,2221930,24968468,10.934324,11.031088,10.740797,10.740797,-0.193527,702
2017-02-21,2749259,30332907,10.789179,10.885943,10.595651,10.692415,-0.048382,652
2017-02-22,3102564,34779106,10.789179,10.982706,10.740797,10.789179,0.096764,921
2017-02-23,4239666,47894970,10.837561,11.031088,10.740797,10.934324,0.145145,1177
2017-02-24,11015978,126800183,11.079471,11.32138,10.885943,11.176235,0.241911,2498
2017-03-01,3397294,38415553,11.127853,11.127853,10.692415,10.789179,-0.387056,1048
2017-03-02,2951446,33153947,10.885943,10.982706,10.740797,10.837561,0.048382,755
2017-03-03,1368082,15291508,10.837561,10.885943,10.740797,10.789179,-0.048382,444
2017-03-06,1440562,16077381,10.789179,10.934324,10.692415,10.740797,-0.048382,440
2017-03-07,2237579,25008173,10.740797,10.885943,10.692415,10.789179,0.048382,592
2017-03-08,1556989,17346073,10.789179,10.837561,10.740797,10.789179,0.0,391
2017-03-09,1772768,19837919,10.837561,10.934324,10.740797,10.837561,0.048382,521
2017-03-10,2557337,28575904,10.982706,10.982706,10.692415,10.837561,0.0,636
2017-03-13,2326430,26193314,10.885943,10.982706,10.789179,10.789179,-0.048382,584
2017-03-14,2140189,23873644,10.789179,10.934324,10.740797,10.740797,-0.048382,591
2017-03-15,1638558,18213312,10.740797,10.837561,10.692415,10.740797,0.0,683
2017-03-16,8254846,93788476,10.789179,11.127853,10.789179,10.837561,0.096764,1930
2017-03-17,14819024,171622106,10.885943,11.466527,10.837561,11.32138,0.483819,3631
2017-03-20,10626799,126101417,11.418144,11.708436,11.32138,11.32138,0.0,2879
2017-03-21,22143203,267556180,11.369762,11.901964,11.369762,11.466527,0.145147,5776
2017-03-22,6867595,81306660,11.418144,11.56329,11.224616,11.56329,0.096763,2528
2017-03-23,11361409,137947159,11.708436,11.998728,11.514909,11.514909,-0.048381,3953
2017-03-24,10622714,128767639,11.708436,11.901964,11.514909,11.708436,0.193527,2972
2017-03-27,7450560,89159771,11.756818,11.998728,11.224616,11.32138,-0.387056,3174
2017-03-28,6110730,69760903,11.514909,11.514909,10.789179,10.934324,-0.387056,2436
2017-03-29,3638296,41744304,11.127853,11.272998,10.982706,11.176235,0.241911,1334
2017-03-30,2074514,23908834,11.272998,11.272998,11.031088,11.079471,-0.096764,909
2017-03-31,7565730,88949291,11.079471,11.56329,11.079471,11.418144,0.338673,1908
2017-04-05,2593478,30712040,11.611672,11.611672,11.32138,11.369762,-0.048382,1113
2017-04-06,2706992,31701627,11.466527,11.466527,11.272998,11.369762,0.0,1051
2017-04-07,3432712,39851469,11.418144,11.466527,11.031088,11.176235,-0.193527,1255
2017-04-10,3725784,43215422,11.224616,11.32138,11.127853,11.127853,-0.048382,1505
2017-04-11,3372769,38460386,11.127853,11.224616,10.934324,10.934324,-0.193529,1394
2017-04-12,3805858,42288493,10.885943,10.885943,10.644032,10.644032,-0.290292,1271
2017-04-13,6786980,77036842,10.595651,11.176235,10.547269,11.127853,0.483821,2111
2017-04-14,3049886,34182080,10.982706,11.031088,10.692415,10.740797,-0.387056,1008
2017-04-17,1950275,21658450,10.789179,10.934324,10.644032,10.789179,0.048382,667
2017-04-18,1148982,12904591,10.934324,11.031088,10.789179,10.837561,0.048382,441
2017-04-19,1775225,19623645,10.837561,10.837561,10.644032,10.644032,-0.193529,553
2017-04-20,2455878,26795485,10.740797,10.740797,10.402123,10.450505,-0.193527,790
2017-04-21,1112864,12182761,10.595651,10.692415,10.547269,10.547269,0.096764,402
2017-04-24,804536,8755183,10.595651,10.644032,10.450505,10.498887,-0.048382,266
2017-04-25,1726198,18948831,10.644032,10.740797,10.547269,10.547269,0.048382,512
2017-04-26,1343930,14802025,10.644032,10.740797,10.595651,10.644032,0.096763,503
2017-04-27,922664,10138583,10.595651,10.692415,10.595651,10.595651,-0.048381,376
2017-04-28,1986444,22109304,10.644032,10.885943,10.644032,10.740797,0.145146,633
2017-05-02,1155149,12749617,10.789179,10.837561,10.595651,10.595651,-0.145146,399
2017-05-03,1122915,12260620,10.644032,10.644032,10.498887,10.547269,-0.048382,402
2017-05-04,872686,9557019,10.547269,10.692415,10.547269,10.547269,0.0,373
2017-05-05,1893906,20927816,10.547269,10.789179,10.547269,10.692415,0.145146,619
2017-05-08,12821481,146653692,10.837561,11.369762,10.644032,11.369762,0.677347,2847
2017-05-09,15328391,177607604,11.514909,11.514909,10.789179,10.789179,-0.580583,3901
2017-05-10,2722175,30908016,10.885943,11.079471,10.885943,10.934324,0.145145,986
2017-05-11,1677489,18882874,10.934324,11.031088,10.789179,10.789179,-0.145145,666
2017-05-12,1730663,19221643,10.740797,10.837561,10.644032,10.692415,-0.096764,647
2017-05-15,3646318,39673532,10.595651,10.595651,10.450505,10.498887,-0.193528,1045
2017-05-16,1541329,16749351,10.547269,10.595651,10.450505,10.498887,0.0,667
2017-05-17,1010886,10990816,10.498887,10.595651,10.450505,10.498887,0.0,481
2017-05-18,3708819,40889848,10.450505,10.789179,10.402123,10.595651,0.096764,846
2017-05-19,1102508,12067103,10.692415,10.692415,10.547269,10.547269,-0.048382,379
2017-05-22,1003471,10996404,10.644032,10.692415,10.547269,10.547269,0.0,334
2017-05-23,1150264,12594987,10.547269,10.692415,10.547269,10.644032,0.096763,449
2017-05-24,1068869,11752267,10.644032,10.740797,10.595651,10.595651,-0.048381,421
2017-05-25,1034374,11331571,10.595651,10.692415,10.547269,10.595651,0.0,355
2017-05-26,6397943,71447467,10.595651,10.934324,10.595651,10.644032,0.048381,1283
2017-05-31,806428,8870685,10.740797,10.789179,10.547269,10.547269,-0.096763,320
2017-06-01,2440535,26657474,10.547269,10.740797,10.450505,10.498887,-0.048382,728
2017-06-02,2133661,23250698,10.595651,10.644032,10.498887,10.547269,0.048382,546
2017-06-03,655260,7156614,10.595651,10.644032,10.547269,10.547269,0.0,238
2017-06-05,3354632,37300361,10.595651,10.837561,10.595651,10.837561,0.290292,1001
2017-06-06,1670065,18554665,10.837561,10.837561,10.692415,10.692415,-0.145146,523
2017-06-07,1387007,15371027,10.789179,10.837561,10.644032,10.692415,0.0,367
2017-06-08,8237369,92920463,10.740797,11.079471,10.644032,10.982706,0.290291,1923
2017-06-09,14903233,172058090,11.176235,11.272998,10.982706,11.031088,0.048382,3681
2017-06-12,2190020,24384966,10.934324,10.934324,10.692415,10.740797,-0.290291,810
2017-06-13,4561007,51578975,10.789179,11.031088,10.740797,10.789179,0.048382,1036
2017-06-14,2153627,23652347,10.837561,10.885943,10.450505,10.547269,-0.24191,763
2017-06-15,1372871,15036585,10.547269,10.692415,10.547269,10.595651,0.048382,493
2017-06-16,1029176,11326236,10.595651,10.740797,10.547269,10.692415,0.096764,385
2017-06-19,2606841,29126951,10.692415,10.934324,10.644032,10.692415,0.0,662
2017-06-20,1418239,15674364,10.837561,10.837561,10.644032,10.644032,-0.048383,406
2017-06-21,1344988,14835918,10.692415,10.740797,10.595651,10.692415,0.048383,526
2017-06-22,2084226,23043417,10.789179,10.837561,10.644032,10.644032,-0.048383,588
2017-06-23,2507799,27607989,10.740797,10.740797,10.547269,10.644032,0.0,618
2017-06-26,3694193,40532727,10.692415,10.740797,10.498887,10.498887,-0.145145,863
2017-06-27,2334466,25295256,10.547269,10.547269,10.450505,10.450505,-0.048382,704
2017-06-28,2541081,27170955,10.402123,10.450505,10.256977,10.353741,-0.096764,786
2017-06-29,1852688,19830739,10.353741,10.450505,10.305359,10.305359,-0.048382,568
2017-06-30,1495195,15769805,10.256977,10.305359,10.111831,10.256977,-0.048382,508
2017-07-03,657333,7012923,10.353741,10.402123,10.256977,10.353741,0.096764,296
2017-07-04,2301017,24225526,10.353741,10.402123,10.063449,10.111831,-0.24191,860
2017-07-05,1550573,16214553,10.111831,10.208595,10.063449,10.111831,0.0,571
2017-07-06,1526857,15789180,10.111831,10.160213,9.918304,9.966686,-0.145145,583
2017-07-07,1844688,18743881,9.918304,9.918304,9.773157,9.821539,-0.145147,635
2017-07-10,2995126,30549764,9.773157,9.966686,9.724775,9.773157,-0.048382,686
2017-07-11,1453367,14755153,9.821539,9.918304,9.773157,9.821539,0.048382,441
2017-07-12,2324959,23484886,9.869921,9.918304,9.676394,9.724775,-0.096764,699
2017-07-13,929901,9418951,9.821539,9.869921,9.773157,9.773157,0.048382,346
2017-07-14,904906,9151760,9.773157,9.869921,9.724775,9.724775,-0.048382,354
2017-07-17,9912569,102098361,9.821539,10.208595,9.676394,10.111831,0.387056,2083
2017-07-18,3050049,31396546,10.063449,10.111831,9.869921,9.918304,-0.193527,1106
2017-07-19,1794989,18429835,9.966686,10.015067,9.821539,9.821539,-0.096765,607
2017-07-20,1299741,13180182,9.869921,9.918304,9.773157,9.821539,0.0,490
2017-07-21,1678324,16882754,9.773157,9.821539,9.724775,9.724775,-0.096764,517
2017-07-24,1445207,14588270,9.724775,9.869921,9.724775,9.724775,0.0,511
2017-07-25,1804648,18193158,9.773157,9.869921,9.676394,9.773157,0.048382,598
2017-07-26,1316273,13252480,9.773157,9.821539,9.676394,9.724775,-0.048382,447
2017-07-27,9828792,101503307,9.773157,10.208595,9.724775,10.015067,0.290292,2091
2017-07-28,1871333,19143908,9.966686,9.966686,9.821539,9.966686,-0.048381,555
2017-07-31,1713203,17556420,9.918304,10.015067,9.821539,9.869921,-0.096765,526
2017-08-01,2336028,24091133,9.966686,10.063449,9.918304,9.918304,0.048383,656
2017-08-02,10879707,114221423,10.063449,10.256977,10.015067,10.063449,0.145145,1947
2017-08-03,2544916,26283234,10.015067,10.111831,9.869921,9.966686,-0.096763,603
2017-08-04,3778108,38441636,9.966686,10.015067,9.724775,9.821539,-0.145147,907
2017-08-07,1526899,15570021,9.821539,9.918304,9.821539,9.869921,0.048382,437
2017-08-08,2042779,20726562,9.869921,9.918304,9.773157,9.773157,-0.096764,521
2017-08-09,4664267,46687332,9.773157,9.773157,9.598982,9.598982,-0.174175,1112
2017-08-10,5095671,48930694,9.598982,9.676394,9.115163,9.163544,-0.435438,1229
2017-08-11,4318993,39742262,9.057104,9.066781,8.815195,8.815195,-0.348349,1218
2017-08-14,4218170,38105462,8.940987,8.989369,8.418463,8.515226,-0.299969,1203
2017-08-15,2582126,23133160,8.61199,8.74746,8.61199,8.650696,0.13547,722
2017-08-16,2643818,24203217,8.61199,8.979694,8.592638,8.911959,0.261263,933
2017-08-17,5655176,53830258,9.173221,9.357073,9.028075,9.289338,0.377379,1632
2017-08-18,1434003,13599885,9.105486,9.240956,9.095809,9.240956,-0.048382,615
2017-08-21,1192082,11332137,9.289338,9.289338,9.153868,9.192574,-0.048382,468
2017-08-22,1708542,16444094,9.250632,9.357073,9.250632,9.328043,0.135469,695
2017-08-23,2319231,22519024,9.415131,9.463513,9.289338,9.299014,-0.029029,748
2017-08-24,4592856,44949050,9.308691,9.628012,9.289338,9.502218,0.203204,1198
2017-08-25,1556000,15378975,9.560277,9.628012,9.531248,9.569953,0.067735,542
2017-08-28,5257636,52816420,9.57963,9.821539,9.57963,9.666717,0.096764,979
2017-08-29,1621815,16067073,9.676394,9.676394,9.482865,9.569953,-0.096764,507
2017-08-30,2517084,25120337,9.666717,9.724775,9.589306,9.598982,0.029029,567
2017-08-31,6453778,65392078,9.647364,9.918304,9.628012,9.676394,0.077412,1180
2017-09-01,1629682,16324311,9.676394,9.773157,9.666717,9.676394,0.0,538
2017-09-04,1270446,12630300,9.676394,9.676394,9.589306,9.589306,-0.087088,394
2017-09-05,2060370,20425825,9.598982,9.676394,9.540924,9.569953,-0.019353,638
2017-09-06,2681933,26164350,9.569953,9.598982,9.328043,9.434483,-0.13547,815
2017-09-07,1428254,13941160,9.47319,9.531248,9.347396,9.357073,-0.07741,485
2017-09-08,1911003,18748885,9.386101,9.57963,9.386101,9.482865,0.125792,543
2017-09-11,1453861,14240906,9.502218,9.598982,9.434483,9.502218,0.019353,442
2017-09-12,1110309,10932752,9.560277,9.57963,9.482865,9.502218,0.0,411
2017-09-13,7875005,79551864,9.511895,9.966686,9.511895,9.821539,0.319321,2072
2017-09-14,9469266,98226595,9.966686,10.160213,9.869921,9.869921,0.048382,2255
2017-09-15,2306845,23352841,9.869921,9.966686,9.724775,9.773157,-0.096764,637
2017-09-18,7024729,72540632,9.773157,10.063449,9.724775,9.869921,0.096764,1265
2017-09-19,1932500,19644624,9.918304,9.966686,9.724775,9.773157,-0.096764,559
2017-09-20,1223013,12294280,9.773157,9.821539,9.676394,9.676394,-0.096763,407
2017-09-21,6839814,70477550,9.676394,10.160213,9.647364,9.869921,0.193527,1526
2017-09-22,1758160,17705100,9.869921,9.869921,9.676394,9.724775,-0.145146,504
2017-09-25,3071396,30004905,9.724775,9.724775,9.308691,9.347396,-0.377379,943
2017-09-26,2043301,19641047,9.299014,9.47319,9.173221,9.192574,-0.154822,676
2017-09-27,1142515,10961840,9.250632,9.347396,9.231279,9.231279,0.038705,441
2017-09-28,861467,8248255,9.308691,9.308691,9.240956,9.240956,0.009677,341
2017-09-29,1860480,17479448,9.240956,9.240956,8.979694,9.066781,-0.174175,576
2017-09-30,711858,6759417,9.144192,9.240956,9.115163,9.173221,0.10644,243
2017-10-02,854414,8191896,9.192574,9.318367,9.192574,9.299014,0.125793,363
2017-10-03,1381336,13375665,9.328043,9.47319,9.328043,9.328043,0.029029,375
2017-10-05,629445,6065449,9.328043,9.376425,9.289338,9.328043,0.0,288
2017-10-06,1063088,10257220,9.386101,9.415131,9.279661,9.318367,-0.009676,331
2017-10-11,615101,5910964,9.376425,9.415131,9.202251,9.250632,-0.067735,252
2017-10-12,979155,9457436,9.299014,9.405455,9.299014,9.347396,0.096764,390
2017-10-13,2349712,23060841,9.386101,9.569953,9.357073,9.44416,0.096764,655
2017-10-16,879878,8637629,9.511895,9.531248,9.463513,9.511895,0.067735,351
2017-10-17,1150999,11208298,9.560277,9.569953,9.357073,9.357073,-0.154822,404
2017-10-18,765002,7401718,9.366749,9.434483,9.33772,9.357073,0.0,279
2017-10-19,1610636,15783412,9.44416,9.560277,9.405455,9.492542,0.135469,495
2017-10-20,672307,6550341,9.521571,9.521571,9.386101,9.44416,-0.048382,261
2017-10-23,566440,5540507,9.482865,9.531248,9.424808,9.44416,0.0,241
2017-10-24,10980132,110870127,9.531248,9.966686,9.511895,9.869921,0.425761,2470
2017-10-25,5439931,55757003,9.869921,10.111831,9.724775,9.773157,-0.096764,1367
2017-10-26,2413876,24300810,9.773157,9.869921,9.676394,9.724775,-0.048382,587
2017-10-27,8604160,88411620,9.773157,10.063449,9.773157,9.869921,0.145146,1832
2017-10-30,2938207,29911138,9.966686,10.063449,9.773157,9.821539,-0.048382,767
2017-10-31,3937385,40399674,9.821539,10.063449,9.724775,9.966686,0.145147,857
2017-11-01,31122696,336154808,10.015067,10.837561,9.966686,10.644032,0.677346,6465
2017-11-02,9623252,105289555,10.740797,10.837561,10.353741,10.450505,-0.193527,2680
2017-11-03,17287876,191283836,10.256977,10.982706,10.256977,10.644032,0.193527,4106
2017-11-06,12001983,135784352,10.740797,11.127853,10.740797,10.934324,0.290292,2868
2017-11-07,6999680,78216442,10.982706,11.079471,10.644032,10.740797,-0.193527,1915
2017-11-08,10300587,116571513,10.885943,11.127853,10.789179,10.789179,0.048382,2334
2017-11-09,8248956,90653014,10.934324,10.934324,10.353741,10.547269,-0.24191,1871
2017-11-10,4261200,46786054,10.547269,10.740797,10.450505,10.498887,-0.048382,1062
2017-11-13,6356390,66207726,10.402123,10.402123,9.869921,9.869921,-0.628966,1763
2017-11-14,11392326,116082078,9.676394,10.015067,9.676394,9.676394,-0.193527,1717
2017-11-15,5506641,54616605,9.724775,9.773157,9.502218,9.511895,-0.164499,1371
2017-11-16,4629987,45212103,9.521571,9.628012,9.386101,9.395778,-0.116117,1529
2017-11-17,4281875,42366124,9.589306,9.637688,9.521571,9.560277,0.164499,1406
2017-11-20,7261297,71422992,9.560277,9.637688,9.395778,9.434483,-0.125794,1586
2017-11-21,4470603,44518807,9.434483,9.773157,9.434483,9.676394,0.241911,1310
2017-11-22,4046068,40286162,9.724775,9.821539,9.531248,9.531248,-0.145146,1110
2017-11-23,1493170,14735255,9.560277,9.608659,9.511895,9.560277,0.029029,560
2017-11-24,6896968,69884366,9.65704,9.869921,9.637688,9.773157,0.21288,1438
2017-11-27,2620884,26275695,9.869921,9.869921,9.637688,9.647364,-0.125793,696
2017-11-28,3905187,39142928,9.676394,9.773157,9.608659,9.608659,-0.038705,818
2017-11-29,17206780,178193667,9.647364,10.305359,9.647364,10.015067,0.406408,3721
2017-11-30,7575728,78007022,9.869921,10.111831,9.869921,9.918304,-0.096763,1482
2017-12-01,3323081,33668210,10.015067,10.063449,9.676394,9.676394,-0.24191,891
2017-12-04,10085798,106041147,10.063449,10.353741,9.966686,10.063449,0.387055,2342
2017-12-05,4670417,48654093,10.063449,10.305359,9.918304,9.966686,-0.096763,1437
2017-12-06,9568577,98926134,9.918304,10.111831,9.821539,9.869921,-0.096765,1450
2017-12-07,4762837,48983817,9.918304,10.160213,9.773157,9.773157,-0.096764,1148
2017-12-08,2158691,21943735,9.918304,9.918304,9.773157,9.773157,0.0,686
2017-12-11,3121228,32334936,9.966686,10.111831,9.869921,9.966686,0.193529,930
2017-12-12,14192145,150267663,10.063449,10.450505,10.063449,10.160213,0.193527,2916
2017-12-13,4500480,47564762,10.256977,10.402123,10.111831,10.160213,0.0,1101
2017-12-14,4291840,45283220,10.305359,10.353741,10.111831,10.160213,0.0,920
2017-12-15,1845096,19198791,10.160213,10.208595,10.015067,10.063449,-0.096764,521
2017-12-18,4852750,51132346,10.111831,10.256977,10.063449,10.111831,0.048382,965
2017-12-19,2275104,23746819,10.208595,10.256977,10.015067,10.015067,-0.096764,765
2017-12-20,30726079,329569892,10.063449,10.498887,10.063449,10.450505,0.435438,4897
2017-12-21,11574571,126539883,10.450505,10.740797,10.402123,10.450505,0.0,2919
2017-12-22,5265459,56922707,10.450505,10.595651,10.353741,10.402123,-0.048382,1152
2017-12-25,7003748,76396733,10.498887,10.740797,10.402123,10.450505,0.048382,1865
2017-12-26,4541699,48658804,10.498887,10.547269,10.256977,10.305359,-0.145146,1037
2017-12-27,2270514,24187544,10.305359,10.402123,10.256977,10.305359,0.0,570
2017-12-28,4807654,51246963,10.402123,10.402123,10.208595,10.208595,-0.096764,811
2017-12-29,2535981,26801691,10.353741,10.353741,10.160213,10.256977,0.048382,959
2018-01-02,3064154,32662852,10.305359,10.402123,10.208595,10.402123,0.145146,873
2018-01-03,3537670,37764548,10.402123,10.498887,10.256977,10.256977,-0.145146,1025
2018-01-04,3505619,37465058,10.305359,10.450505,10.256977,10.305359,0.048382,968
2018-01-05,2823098,30168643,10.353741,10.402123,10.256977,10.402123,0.096764,657
2018-01-08,15197261,167187364,10.450505,10.789179,10.402123,10.547269,0.145146,2803
2018-01-09,4495620,48615579,10.547269,10.692415,10.305359,10.402123,-0.145146,1015
2018-01-10,5918318,62774920,10.402123,10.402123,10.111831,10.111831,-0.290292,1354
2018-01-11,6311295,66619578,10.111831,10.305359,10.063449,10.111831,0.0,1045
2018-01-12,2669696,27937629,10.160213,10.208595,10.063449,10.063449,-0.048382,684
2018-01-15,2437027,25356325,10.111831,10.208595,10.015067,10.015067,-0.048382,662
2018-01-16,8439916,89284610,10.015067,10.305359,10.015067,10.208595,0.193528,1292
2018-01-17,2115324,22211530,10.160213,10.256977,10.111831,10.111831,-0.096764,584
2018-01-18,2248365,23492722,10.208595,10.208595,10.015067,10.015067,-0.096764,618
2018-01-19,1834604,19074965,10.063449,10.111831,10.015067,10.015067,0.0,473
2018-01-22,3827710,39268151,10.063449,10.111831,9.821539,9.869921,-0.145146,910
2018-01-23,2310700,23568767,9.869921,9.966686,9.821539,9.821539,-0.048382,604
2018-01-24,1888913,19223469,9.821539,9.966686,9.773157,9.821539,0.0,519
2018-01-25,2133714,21805193,9.869921,9.966686,9.821539,9.869921,0.048382,501
2018-01-26,1429541,14616387,9.966686,9.966686,9.821539,9.869921,0.0,363
2018-01-29,1190870,12182675,9.918304,9.966686,9.869921,9.869921,0.0,375
2018-01-30,2974008,30792530,9.918304,10.111831,9.918304,10.063449,0.193528,689
2018-01-31,1538140,15837175,9.966686,10.015067,9.918304,9.918304,-0.145145,358
2018-02-01,2539563,26235992,9.966686,10.111831,9.918304,9.918304,0.0,495
2018-02-02,1011844,10366990,9.966686,9.966686,9.869921,9.918304,0.0,277
2018-02-05,2020148,20177354,9.724775,9.724775,9.57963,9.676394,-0.24191,632
2018-02-06,7074455,65530907,9.482865,9.521571,8.708754,8.757136,-0.919258,1656
2018-02-07,2240545,20791508,8.950664,9.076457,8.8539,8.902282,0.145146,758
2018-02-08,2220217,20115775,8.902282,8.96034,8.670048,8.728107,-0.174175,614
2018-02-09,3422608,28908113,7.88626,8.408786,7.88626,8.321698,-0.406409,1034
2018-02-12,1955820,17428569,8.466844,8.805518,8.418463,8.766812,0.445114,715
2018-02-21,1610457,14928323,8.8539,9.047428,8.8539,9.018399,0.251587,563
2018-02-22,1111606,10377206,8.950664,9.115163,8.911959,9.076457,0.058058,481
2018-02-23,1902578,17942366,9.124839,9.211926,8.999046,9.095809,0.019352,719
2018-02-26,1576567,15019332,9.202251,9.289338,9.144192,9.192574,0.096765,556
2018-02-27,1569150,15154440,9.482865,9.482865,9.221603,9.269985,0.077411,577
2018-03-01,1153449,10954819,9.144192,9.240956,9.124839,9.231279,-0.038706,406
2018-03-02,784084,7416740,9.134516,9.192574,9.115163,9.153868,-0.077411,316
2018-03-05,1095500,10267651,9.182898,9.221603,8.999046,9.008722,-0.145146,464
2018-03-06,856869,8073975,9.134516,9.182898,9.076457,9.105486,0.096764,349
2018-03-07,3166247,30252442,9.028075,9.376425,9.028075,9.173221,0.067735,832
2018-03-08,970633,9266679,9.221603,9.289338,9.192574,9.221603,0.048382,339
2018-03-09,3170550,30735048,9.260308,9.44416,9.260308,9.328043,0.10644,756
2018-03-12,841273,8106739,9.453836,9.453836,9.260308,9.289338,-0.038705,319
2018-03-13,7613254,75229424,9.308691,9.676394,9.308691,9.531248,0.24191,1717
2018-03-14,1135982,11217105,9.531248,9.637688,9.502218,9.540924,0.009676,408
2018-03-15,6377867,64404504,9.637688,9.869921,9.57963,9.676394,0.13547,1329
2018-03-16,1944914,19290032,9.724775,9.724775,9.540924,9.540924,-0.13547,558
2018-03-19,1210582,11850214,9.540924,9.5506,9.415131,9.47319,-0.067734,387
2018-03-20,739430,7182198,9.386101,9.434483,9.366749,9.376425,-0.096765,278
2018-03-21,769820,7518617,9.424808,9.482865,9.415131,9.453836,0.077411,327
2018-03-22,1219910,11883221,9.492542,9.531248,9.308691,9.308691,-0.145145,467
2018-03-23,1932830,18166773,9.066781,9.163544,9.047428,9.095809,-0.212882,609
2018-03-26,736851,6930604,9.057104,9.182898,9.018399,9.115163,0.019354,410
2018-03-27,2212920,21425510,9.260308,9.434483,9.240956,9.405455,0.290292,780
2018-03-28,827464,8035759,9.405455,9.434483,9.357073,9.386101,-0.019354,455
2018-03-29,5906784,59086034,9.57963,9.773157,9.492542,9.511895,0.125794,1329
2018-03-30,1149561,11337462,9.637688,9.647364,9.482865,9.482865,-0.02903,481
2018-03-31,412432,4044248,9.618335,9.618335,9.463513,9.463513,-0.019352,217
2018-04-02,1006090,9828191,9.492542,9.492542,9.405455,9.405455,-0.058058,423
2018-04-03,901396,8739812,9.289338,9.482865,9.289338,9.386101,-0.019354,384
2018-04-09,783382,7600076,9.57963,9.57963,9.299014,9.318367,-0.067734,555
2018-04-10,908597,8763937,9.33772,9.386101,9.279661,9.289338,-0.029029,573
2018-04-11,1044607,10139493,9.386101,9.453836,9.347396,9.405455,0.116117,502
2018-04-12,6473588,64434229,9.482865,9.821539,9.434483,9.676394,0.270939,1577
2018-04-13,6310669,64494621,9.773157,10.063449,9.773157,9.773157,0.096763,1587
2018-04-16,1931587,19240500,9.773157,9.821539,9.57963,9.598982,-0.174175,672
2018-04-17,1663832,16418774,9.676394,9.676394,9.482865,9.492542,-0.10644,708
2018-04-18,1308331,12904522,9.560277,9.589306,9.492542,9.511895,0.019353,463
2018-04-19,1934390,19348133,9.608659,9.821539,9.589306,9.676394,0.164499,757
2018-04-20,1780422,17739676,9.666717,9.666717,9.608659,9.647364,-0.02903,533
2018-04-23,1446404,14199631,9.589306,9.647364,9.395778,9.395778,-0.251586,485
2018-04-24,1753401,16727328,9.647364,9.647364,9.018399,9.173221,-0.222557,635
2018-04-25,899500,8478664,9.095809,9.231279,8.931311,9.124839,-0.048382,345
2018-04-26,1266046,11867955,9.163544,9.182898,8.999046,8.999046,-0.125793,463
2018-04-27,822383,7630826,9.095809,9.095809,8.940987,8.950664,-0.048382,299
2018-04-30,952663,8994280,9.095809,9.211926,9.086134,9.124839,0.174175,372
2018-05-02,2732961,25967280,9.134516,9.318367,9.095809,9.095809,-0.02903,654
2018-05-03,585501,5510735,9.095809,9.134516,9.076457,9.124839,0.02903,285
2018-05-04,540300,5073094,9.124839,9.124839,9.066781,9.076457,-0.048382,207
2018-05-07,1368568,12920596,9.124839,9.202251,9.066781,9.105486,0.029029,333
2018-05-08,5300315,50664412,9.076457,9.299014,9.076457,9.192574,0.087088,981
2018-05-09,606113,5745292,9.240956,9.279661,9.134516,9.144192,-0.048382,221
2018-05-10,885880,8417770,9.221603,9.231279,9.124839,9.192574,0.048382,282
2018-05-11,4245293,40723874,9.240956,9.366749,9.173221,9.192574,0.0,793
2018-05-14,1641168,15488803,9.211926,9.289338,9.028075,9.057104,-0.13547,455
2018-05-15,2923484,27240505,8.999046,9.144192,8.911959,8.911959,-0.145145,806
2018-05-16,1421622,12966274,8.902282,8.902282,8.776489,8.795842,-0.116117,558
2018-05-17,796634,7266208,8.824871,8.8539,8.805518,8.834547,0.038705,255
2018-05-18,1469893,13335997,8.824871,8.834547,8.728107,8.737783,-0.096764,543
2018-05-21,2304717,21217851,8.776489,9.008722,8.766812,8.882929,0.145146,605
2018-05-22,765469,7009541,8.892605,8.96034,8.824871,8.8539,-0.029029,272
2018-05-23,923239,8449089,8.882929,8.902282,8.824871,8.824871,-0.029029,312
2018-05-24,951277,8737535,8.863577,8.921635,8.844224,8.882929,0.058058,430
2018-05-25,1050543,9650025,8.873252,8.979694,8.824871,8.8539,-0.029029,325
2018-05-28,1453200,13392954,8.863577,8.989369,8.824871,8.931311,0.077411,502
2018-05-29,3548130,33314343,8.950664,9.173221,8.931311,9.047428,0.116117,736
2018-05-30,842748,7812495,9.008722,9.028075,8.921635,8.940987,-0.106441,284
2018-05-31,2161665,20202242,8.970017,9.115163,8.970017,9.028075,0.087088,725
2018-06-01,2697199,25402042,9.028075,9.192574,8.970017,9.095809,0.067734,797
2018-06-04,2691780,25838061,9.202251,9.366749,9.202251,9.250632,0.154823,824
2018-06-05,13376653,131805499,9.289338,9.724775,9.221603,9.395778,0.145146,2677
2018-06-06,4164501,41342291,9.395778,9.724775,9.395778,9.57963,0.183852,1259
2018-06-07,2756564,27373322,9.666717,9.724775,9.531248,9.589306,0.009676,977
2018-06-08,11901768,121267160,9.57963,10.015067,9.540924,9.773157,0.183851,2396
2018-06-11,6958601,71269586,9.773157,10.111831,9.598982,10.063449,0.290292,1710
2018-06-12,11114697,117748898,10.015067,10.498887,10.015067,10.256977,0.193528,2760
2018-06-13,6204919,64760367,10.256977,10.402123,9.821539,9.918304,-0.338673,1598
2018-06-14,5089750,52831148,9.869921,10.208595,9.773157,10.063449,0.145145,1189
2018-06-15,2031917,21192636,10.063449,10.208595,10.015067,10.063449,0.0,643
2018-06-19,2101735,21475158,10.063449,10.063449,9.821539,9.869921,-0.193528,564
2018-06-20,3444327,34542470,9.821539,9.869921,9.608659,9.724775,-0.145146,866
2018-06-21,1282394,12940540,9.821539,9.821539,9.676394,9.724775,0.0,377
2018-06-22,7049150,71868650,9.676394,10.063449,9.598982,9.724775,0.0,1500
2018-06-25,1581855,15875550,9.724775,9.821539,9.637688,9.724775,0.0,458
2018-06-26,2057563,20464788,9.647364,9.724775,9.531248,9.65704,-0.067735,580
2018-06-27,1332034,13305046,9.773157,9.773157,9.598982,9.608659,-0.048381,336
2018-06-28,2110594,20762841,9.608659,9.676394,9.415131,9.44416,-0.164499,916
2018-06-29,1104486,10902344,9.511895,9.666717,9.482865,9.560277,0.116117,374
2018-07-02,742018,7353406,9.569953,9.666717,9.502218,9.560277,0.0,255
2018-07-03,2473817,24010751,9.608659,9.628012,9.144192,9.366749,-0.193528,757
2018-07-04,847676,8123646,9.318367,9.366749,9.240956,9.260308,-0.106441,273
2018-07-05,1953031,18468796,9.482865,9.482865,8.950664,8.970017,-0.290291,620
2018-07-06,1892092,17355875,9.076457,9.076457,8.737783,8.950664,-0.019353,540
2018-07-09,836912,7867509,8.950664,9.192574,8.950664,9.057104,0.10644,331
2018-07-10,653505,6137834,9.192574,9.202251,9.057104,9.057104,0.0,255
2018-07-11,19128231,185908342,9.047428,9.560277,9.008722,9.231279,0.174175,2686
2018-07-12,1576209,14997534,9.279661,9.289338,9.124839,9.134516,-0.096763,510
2018-07-13,994520,9488970,9.308691,9.328043,9.192574,9.231279,0.096763,323
2018-07-16,809618,7704446,9.231279,9.328043,9.173221,9.211926,-0.019353,270
2018-07-17,1580562,14913374,9.240956,9.240956,9.095809,9.153868,-0.058058,396
2018-07-18,1352834,12810330,9.163544,9.221603,9.095809,9.192574,0.038706,385
2018-07-19,873380,8295331,9.192574,9.240956,9.134516,9.134516,-0.058058,285
2018-07-20,1135848,10704299,9.192574,9.231279,9.018399,9.115163,-0.019353,369
2018-07-23,672662,6303784,9.163544,9.163544,9.037752,9.086134,-0.029029,236
2018-07-24,662041,6229661,9.124839,9.153868,9.057104,9.144192,0.058058,275
2018-07-25,747046,7074900,9.105486,9.211926,9.105486,9.144192,0.0,259
2018-07-26,3151120,30425998,9.153868,9.531248,9.144192,9.415131,0.270939,928
2018-07-27,2259293,22149664,9.308691,9.531248,9.308691,9.521571,0.10644,615
2018-07-30,1442107,14150399,9.569953,9.589306,9.424808,9.482865,-0.038706,422
2018-07-31,1224773,11994554,9.482865,9.521571,9.434483,9.482865,0.0,368
2018-08-01,1057959,10402468,9.531248,9.540924,9.482865,9.492542,0.009677,406
2018-08-02,1376701,13498897,9.502218,9.569953,9.424808,9.502218,0.009676,521
2018-08-03,1330786,13153134,9.511895,9.637688,9.502218,9.560277,0.058059,475
2018-08-06,3575204,35813900,9.647364,9.773157,9.57963,9.724775,0.164498,928
2018-08-07,2326539,23375929,9.676394,9.966686,9.628012,9.628012,-0.096763,629
2018-08-08,1533864,15414761,9.676394,9.773157,9.65704,9.773157,0.145145,565
2018-08-09,3298736,33634581,9.966686,9.966686,9.773157,9.773157,0.0,777
2018-08-10,13177782,137509626,9.821539,10.305359,9.821539,10.111831,0.338674,2654
2018-08-13,9710430,99754405,10.111831,10.256977,9.57963,9.918304,-0.193527,2387
2018-08-14,32321184,354629798,10.111831,10.885943,10.111831,10.885943,0.967639,6354
2018-08-15,57735364,690320394,11.224616,11.950346,11.176235,11.8052,0.919257,13208
2018-08-16,50831811,638009543,11.8052,12.627694,11.611672,12.579311,0.774111,12833
2018-08-17,64252125,898168110,12.966367,13.837243,12.966367,13.837243,1.257932,15943
2018-08-20,85509179,1218697306,14.417826,14.466208,13.305041,13.740478,-0.096765,19264
2018-08-21,86715412,1297104840,13.740478,15.095174,13.595333,14.804882,1.064404,23084
2018-08-22,15678939,236085585,14.51459,15.046792,14.224299,14.562973,-0.241909,5782
2018-08-23,18493862,289467333,14.950028,15.48223,14.804882,15.48223,0.919257,7430
2018-08-24,15171117,232525455,15.48223,15.48223,14.51459,14.562973,-0.919257,6118
2018-08-27,13577288,202731742,14.901646,14.901646,14.224299,14.611354,0.048381,4690
2018-08-28,9826872,149518602,14.7565,14.853264,14.466208,14.708118,0.096764,3603
2018-08-29,18176476,290293366,14.901646,15.72414,14.901646,15.578993,0.870875,6583
2018-08-30,12148730,196814376,15.772522,15.966049,15.385466,15.48223,-0.096763,4836
2018-08-31,13574676,223453837,15.578993,16.159577,15.578993,16.159577,0.677347,5184
2018-09-03,13583655,218048775,16.159577,16.159577,15.095174,15.143556,-1.016021,5272
2018-09-04,10398459,164861444,15.385466,15.675757,14.901646,15.530611,0.387055,4101
2018-09-05,87289909,1399649308,15.530611,16.643397,14.611354,14.611354,-0.919257,25732
2018-09-06,55961302,832326983,14.659736,14.950028,13.837243,14.224299,-0.387055,14332
2018-09-07,39699023,582143674,14.321062,14.659736,13.788861,13.982389,-0.24191,11076
2018-09-10,39166459,526064034,14.175917,14.175917,12.627694,12.627694,-1.354695,9408
2018-09-11,41168410,554610540,12.627694,13.498569,12.28902,13.450187,0.822493,10872
2018-09-12,33725819,449745658,13.353423,13.546951,12.482547,12.772839,-0.677348,9223
2018-09-13,25856195,336287120,12.627694,13.01475,12.240638,12.772839,0.0,7239
2018-09-14,35870655,495482120,13.159895,13.692097,13.01475,13.546951,0.774112,9808
2018-09-17,16432099,221678731,13.063131,13.256659,12.917985,13.063131,-0.48382,4959
2018-09-18,13050342,175161278,12.772839,13.256659,12.724458,12.869603,-0.193528,3779
2018-09-19,13993242,186660805,13.111513,13.256659,12.627694,12.627694,-0.241909,4306
2018-09-20,33605033,419158464,12.821221,12.821221,11.611672,11.853582,-0.774112,8302
2018-09-21,14872922,187688623,12.28902,12.385784,12.04711,12.04711,0.193528,4184
2018-09-25,13501030,166703618,11.950346,12.192255,11.708436,12.143874,0.096764,3846
2018-09-26,6080591,75387816,12.143874,12.143874,11.901964,11.901964,-0.24191,1710
2018-09-27,15149165,189817375,11.756818,12.337402,11.756818,11.901964,0.0,4038
2018-09-28,7244658,88931240,11.901964,12.04711,11.708436,11.901964,0.0,2244
2018-10-01,5437337,67630243,11.950346,12.143874,11.853582,12.095492,0.193528,1607
2018-10-02,7737661,95047964,12.095492,12.192255,11.756818,11.8052,-0.290292,1950
2018-10-03,23717898,276247983,11.8052,11.853582,10.934324,11.079471,-0.725729,6636
2018-10-04,17073875,199871116,11.127853,11.611672,11.079471,11.127853,0.048382,4624
2018-10-05,17609435,193157399,10.982706,10.982706,10.256977,10.692415,-0.435438,4409
2018-10-08,6842389,76108234,10.740797,10.982706,10.547269,10.789179,0.096764,2150
2018-10-09,5407177,59165608,10.837561,10.837561,10.353741,10.498887,-0.290292,1677
2018-10-11,13141420,129835011,9.598982,9.821539,9.453836,9.453836,-1.045051,3518
2018-10-12,9730320,99157212,9.366749,10.160213,9.366749,10.063449,0.609613,2834
2018-10-15,6591294,68693622,9.918304,10.305359,9.869921,9.966686,-0.096763,1723
2018-10-16,9995157,105577189,9.966686,10.402123,9.918304,10.111831,0.145145,2859
2018-10-17,6612928,69377605,10.305359,10.450505,9.918304,10.015067,-0.096764,1634
2018-10-18,3482113,35858869,10.015067,10.111831,9.869921,9.918304,-0.096763,928
2018-10-19,5769942,57698580,9.676394,9.821539,9.57963,9.676394,-0.24191,1608
2018-10-22,6641062,67663884,9.676394,9.966686,9.676394,9.918304,0.24191,1606
2018-10-23,3641515,36769150,9.821539,9.869921,9.676394,9.724775,-0.193529,971
2018-10-24,5561100,55845069,9.724775,9.918304,9.5506,9.724775,0.0,1527
2018-10-25,6644560,63844017,9.33772,9.482865,9.095809,9.124839,-0.599936,2019
2018-10-26,5220601,48932292,9.328043,9.33772,8.863577,8.931311,-0.193528,1641
2018-10-29,3955501,36285398,9.057104,9.076457,8.786165,8.805518,-0.125793,1168
2018-10-30,12630108,122533506,8.950664,9.647364,8.911959,9.540924,0.735406,4671
2018-10-31,9627050,97136567,9.5506,9.966686,9.5506,9.869921,0.328997,2597
2018-11-01,15098220,158372849,9.869921,10.547269,9.773157,10.305359,0.435438,4226
2018-11-02,11257400,118577289,10.402123,10.498887,9.869921,9.966686,-0.338673,3128
2018-11-05,4444414,45805000,9.918304,10.111831,9.821539,10.063449,0.096763,1215
2018-11-06,6567752,67992019,10.111831,10.256977,9.773157,9.821539,-0.24191,1834
2018-11-07,7070503,73925829,9.918304,10.256977,9.918304,10.256977,0.435438,1928
2018-11-08,8728321,94291585,10.450505,10.789179,10.160213,10.160213,-0.096764,2414
2018-11-09,3315203,34564020,10.063449,10.208595,9.966686,10.111831,-0.048382,1058
2018-11-12,4228034,44877007,10.111831,10.402123,10.063449,10.305359,0.193528,1420
2018-11-13,5891031,62305931,10.063449,10.450505,9.869921,10.450505,0.145146,1667
2018-11-14,15606003,180088080,10.692415,11.466527,10.644032,11.466527,1.016022,3674
2018-11-15,59572746,736061498,11.56329,12.434166,11.56329,12.095492,0.628965,14859
2018-11-16,36916838,481917094,12.240638,13.01475,12.240638,12.579311,0.483819,10466
2018-11-19,21442530,282470593,12.869603,13.111513,12.434166,12.724458,0.145147,6499
2018-11-20,13690639,176480488,12.530929,12.724458,12.28902,12.530929,-0.193529,4003
2018-11-21,11838022,153416186,12.482547,12.676076,12.337402,12.676076,0.145147,3322
2018-11-22,17187270,216451937,12.724458,12.772839,11.756818,11.901964,-0.774112,4932
2018-11-23,13308999,165537334,12.04711,12.28902,11.853582,11.998728,0.096764,3547
2018-11-26,9672355,122443146,12.337402,12.530929,12.04711,12.143874,0.145146,2909
2018-11-27,11160000,142113950,12.143874,12.482547,12.095492,12.482547,0.338673,3040
2018-11-28,11689994,149950261,12.482547,12.530929,12.28902,12.385784,-0.096763,2581
2018-11-29,24385771,301986076,12.385784,12.482547,11.708436,11.708436,-0.677348,6415
2018-11-30,10901482,134553776,11.901964,12.095492,11.8052,11.901964,0.193528,2639
2018-12-03,22231805,286976115,12.240638,12.724458,12.192255,12.434166,0.532202,5242
2018-12-04,19816202,262373654,12.627694,13.063131,12.385784,12.772839,0.338673,5689
2018-12-05,19861098,264604300,12.434166,13.305041,12.385784,13.305041,0.532202,5696
2018-12-06,52352319,709850577,13.740478,14.079152,11.998728,12.095492,-1.209549,14424
2018-12-07,34326287,456933842,12.482547,13.305041,12.434166,13.305041,1.209549,9127
2018-12-10,86785234,1196496406,13.063131,13.788861,12.917985,13.159895,-0.145146,19964
2018-12-11,31541946,414360099,13.063131,13.305041,12.385784,12.482547,-0.677348,9163
2018-12-12,16947264,219387317,12.627694,12.772839,12.28902,12.482547,0.0,4607
2018-12-13,19883161,248676420,12.579311,12.579311,11.853582,11.853582,-0.628965,5614
2018-12-14,21597683,264482685,11.708436,12.192255,11.418144,12.192255,0.338673,6198
2018-12-17,8362243,104377113,12.095492,12.337402,11.901964,11.901964,-0.290291,2615
2018-12-18,6945358,86701186,11.998728,12.240638,11.950346,12.04711,0.145146,2569
2018-12-19,4684607,58105711,12.095492,12.240638,11.901964,11.901964,-0.145146,1549
2018-12-20,10664833,133647555,11.901964,12.28902,11.853582,12.192255,0.290291,3769
2018-12-21,19240094,247885143,12.095492,12.772839,11.950346,12.772839,0.580584,5696
2018-12-22,11513794,151715945,12.579311,12.966367,12.385784,12.821221,0.048382,3897
2018-12-24,13036299,173009931,12.869603,13.111513,12.676076,12.724458,-0.096763,3684
2018-12-25,22429703,297471448,12.385784,13.063131,12.192255,13.063131,0.338673,6452
2018-12-26,17416044,233112331,13.159895,13.256659,12.676076,12.821221,-0.24191,5455
2018-12-27,28281447,382424861,13.063131,13.353423,12.627694,12.627694,-0.193527,7540
2018-12-28,8783221,114629273,12.676076,12.821221,12.482547,12.676076,0.048382,2654
2019-01-02,9355142,124044712,12.917985,13.01475,12.676076,12.724458,0.048382,2898
2019-01-03,11408037,152762695,12.724458,13.063131,12.724458,13.01475,0.290292,3035
2019-01-04,12882510,170087280,12.966367,12.966367,12.530929,12.676076,-0.338674,3629
2019-01-07,55460733,777163350,13.01475,13.934007,12.917985,13.934007,1.257931,11548
2019-01-08,46242598,667359771,14.224299,14.272681,13.692097,14.079152,0.145145,11896
2019-01-09,24747209,350938501,14.127534,14.127534,13.498569,13.546951,-0.532201,6850
2019-01-10,21409698,293490575,13.546951,13.692097,12.966367,13.01475,-0.532201,6394
2019-01-11,10306939,138193982,13.111513,13.208277,12.821221,12.917985,-0.096765,3253
2019-01-14,8265076,109884009,13.01475,13.063131,12.724458,13.01475,0.096765,2528
2019-01-15,40245215,561536064,13.063131,13.934007,13.063131,13.208277,0.193527,11035
2019-01-16,20301204,280895430,13.159895,13.643715,13.01475,13.450187,0.24191,7287
2019-01-17,12644012,176129609,13.546951,13.740478,13.256659,13.305041,-0.145146,3930
2019-01-18,6563375,90583368,13.450187,13.450187,13.208277,13.450187,0.145146,1974
2019-01-21,14082473,197671572,13.788861,13.837243,13.353423,13.450187,0.0,4305
2019-01-22,26265810,352124738,13.450187,13.498569,12.676076,12.676076,-0.774111,6037
2019-01-23,7958177,104538851,12.579311,12.917985,12.434166,12.917985,0.241909,2733
2019-01-24,4791054,63832860,12.917985,13.01475,12.821221,12.821221,-0.096764,1732
2019-01-25,5129404,67814726,12.869603,12.917985,12.676076,12.724458,-0.096763,1603
2019-01-28,4517173,60015222,12.966367,12.966367,12.724458,12.821221,0.096763,1509
2019-01-29,3313800,43913633,12.821221,12.917985,12.676076,12.821221,0.0,1269
2019-01-30,3924296,52108051,12.869603,12.966367,12.772839,12.821221,0.0,1154
2019-02-11,4249520,56681405,13.01475,13.01475,12.821221,12.966367,0.145146,1479
2019-02-12,13912713,190793549,12.966367,13.498569,12.917985,13.450187,0.48382,4277
2019-02-13,15144312,210696351,13.546951,13.740478,13.159895,13.208277,-0.24191,4152
2019-02-14,33667129,478198505,13.353423,14.079152,13.353423,13.643715,0.435438,9063
2019-02-15,21751867,311883422,14.03077,14.175917,13.595333,13.643715,0.0,6591
2019-02-18,13481528,192920764,14.079152,14.127534,13.643715,13.643715,0.0,3740
2019-02-19,24650160,357183643,13.692097,14.369444,13.643715,13.934007,0.290292,7367
2019-02-20,15160713,218425131,14.127534,14.224299,13.740478,13.740478,-0.193529,4261
2019-02-21,11270352,158010310,13.837243,13.837243,13.401805,13.546951,-0.193527,3619
2019-02-22,7127661,100266400,13.498569,13.740478,13.450187,13.595333,0.048382,2132
2019-02-25,7718652,108938478,13.692097,13.837243,13.450187,13.643715,0.048382,2708
2019-02-26,11901413,169320369,13.740478,13.982389,13.546951,13.546951,-0.096764,3381
2019-02-27,6076062,84177294,13.595333,13.643715,13.256659,13.353423,-0.193528,1948
2019-03-04,6868956,95923525,13.401805,13.740478,13.256659,13.740478,0.387055,2342
2019-03-05,7963660,112698235,13.692097,13.934007,13.546951,13.546951,-0.193527,2693
2019-03-06,4506026,63362914,13.546951,13.692097,13.498569,13.595333,0.048382,1459
2019-03-07,8547418,119185879,13.546951,13.788861,13.256659,13.256659,-0.338674,2795
2019-03-08,4795079,65160562,13.159895,13.256659,13.063131,13.159895,-0.096764,1536
2019-03-11,6885326,93804018,13.111513,13.256659,13.063131,13.159895,0.0,1666
2019-03-12,4154746,56605183,13.208277,13.305041,13.063131,13.063131,-0.096764,1464
2019-03-13,5500742,74136385,13.063131,13.159895,12.966367,12.966367,-0.096764,1649
2019-03-14,4147906,55993126,13.01475,13.208277,12.966367,13.01475,0.048383,1465
2019-03-15,8637629,118687449,13.159895,13.401805,13.159895,13.305041,0.290291,2277
2019-03-18,9696411,134886346,13.498569,13.595333,13.305041,13.401805,0.096764,2862
2019-03-19,4220537,58609466,13.450187,13.546951,13.353423,13.353423,-0.048382,1367
2019-03-20,33533508,481570698,13.450187,14.175917,13.401805,13.837243,0.48382,9008
2019-03-21,12911137,184451326,13.885625,13.982389,13.692097,13.692097,-0.145146,3461
2019-03-22,17165116,244608372,13.788861,14.127534,13.498569,13.643715,-0.048382,4182
2019-03-25,7133615,97950503,13.353423,13.401805,13.208277,13.305041,-0.338674,2120
2019-03-26,8734472,119077802,13.353423,13.401805,13.063131,13.111513,-0.193528,2577
2019-03-27,5675904,76639765,13.159895,13.208277,12.966367,13.063131,-0.048382,1883
2019-03-28,9641161,126772592,13.01475,13.01475,12.579311,12.627694,-0.435437,2960
2019-03-29,5103303,67472937,12.724458,12.917985,12.676076,12.821221,0.193527,1627
2019-04-01,10192345,136858814,12.869603,13.159895,12.869603,12.966367,0.145146,2679
2019-04-02,8947804,120810781,13.01475,13.256659,12.869603,12.869603,-0.096764,2747
2019-04-03,26357863,367137308,13.208277,13.692097,13.159895,13.498569,0.628966,6825
2019-04-08,41082067,610326408,13.788861,14.804882,13.740478,14.804882,1.306313,9319
2019-04-09,54149937,840637715,15.48223,15.772522,14.224299,14.321062,-0.48382,13914
2019-04-10,15993541,237819070,14.562973,14.659736,14.127534,14.127534,-0.193528,5089
2019-04-11,15378235,220960221,14.417826,14.417826,13.595333,13.692097,-0.435437,4426
2019-04-12,14121821,200158002,13.837243,14.127534,13.401805,13.450187,-0.24191,4244
2019-04-15,9347088,131530919,13.643715,13.788861,13.498569,13.546951,0.096764,2832
2019-04-16,8999970,127779017,13.595333,13.885625,13.595333,13.740478,0.193527,2428
2019-04-17,14184155,199957393,13.788861,13.934007,13.450187,13.498569,-0.241909,4728
2019-04-18,11812429,162328919,13.595333,13.595333,13.01475,13.111513,-0.387056,3625
2019-04-19,8111496,110712865,13.159895,13.401805,13.063131,13.208277,0.096764,2438
2019-04-22,4858246,66869453,13.305041,13.450187,13.208277,13.305041,0.096764,1575
2019-04-23,9685410,131356532,13.401805,13.450187,12.966367,13.063131,-0.24191,2618
2019-04-24,10720284,142594225,13.111513,13.111513,12.676076,12.821221,-0.24191,3060
2019-04-25,4058350,54275420,12.821221,13.01475,12.772839,12.966367,0.145146,1413
2019-04-26,5214970,68757651,12.869603,12.917985,12.676076,12.724458,-0.241909,1565
2019-04-29,12300245,155914370,12.772839,12.869603,12.04711,12.095492,-0.628966,3471
2019-04-30,6596147,81555262,11.998728,12.095492,11.853582,12.095492,0.0,2029
2019-05-02,7325231,93384384,12.143874,12.579311,12.095492,12.530929,0.435437,2403
2019-05-03,4995588,64580794,12.482547,12.627694,12.385784,12.530929,0.0,1421
2019-05-06,4424210,55616874,12.28902,12.337402,11.998728,11.998728,-0.532201,1428
2019-05-07,3662912,46243797,12.095492,12.28902,12.095492,12.143874,0.145146,1147
2019-05-08,2984809,37414579,11.950346,12.28902,11.901964,12.28902,0.145146,1020
2019-05-09,5861095,72017498,12.240638,12.240638,11.708436,11.708436,-0.580584,1832
2019-05-10,8121075,97102678,11.611672,11.901964,11.272998,11.369762,-0.338674,2420
2019-05-13,5175714,59848637,11.224616,11.514909,10.982706,11.031088,-0.338674,1491
2019-05-14,5540011,62583722,10.740797,11.176235,10.547269,11.127853,0.096765,1704
2019-05-15,7953604,95155597,11.224616,11.756818,11.176235,11.756818,0.628965,2673
2019-05-16,6979354,83163939,11.756818,11.756818,11.369762,11.369762,-0.387056,2067
2019-05-17,13529015,162976630,11.514909,11.901964,11.369762,11.514909,0.145147,3918
2019-05-20,9216230,104322063,11.466527,11.466527,10.644032,10.740797,-0.774112,2994
2019-05-21,9471726,103068719,10.547269,10.789179,10.256977,10.740797,0.0,2953
2019-05-22,4036530,45385433,10.789179,11.031088,10.789179,10.885943,0.145146,1288
2019-05-23,4908083,53338383,10.740797,10.740797,10.402123,10.450505,-0.435438,1716
2019-05-24,5122906,55589884,10.402123,10.644032,10.402123,10.402123,-0.048382,1389
2019-05-27,2777451,29896952,10.498887,10.547269,10.353741,10.353741,-0.048382,891
2019-05-28,2638082,28516193,10.450505,10.547269,10.353741,10.498887,0.145146,840
2019-05-29,2963941,32133653,10.402123,10.595651,10.353741,10.547269,0.048382,1009
2019-05-30,5480908,60788322,10.498887,10.837561,10.498887,10.740797,0.193528,1448
2019-05-31,3817552,42525276,10.692415,10.837561,10.644032,10.740797,0.0,1351
2019-06-03,2959100,32272450,10.644032,10.692415,10.450505,10.547269,-0.193528,930
2019-06-04,1957410,21346285,10.547269,10.644032,10.498887,10.498887,-0.048382,610
2019-06-05,2751857,30135942,10.644032,10.740797,10.498887,10.547269,0.048382,754
2019-06-06,1394900,15097564,10.547269,10.595651,10.402123,10.402123,-0.145146,519
2019-06-10,3573646,38784221,10.450505,10.644032,10.402123,10.498887,0.096764,976
2019-06-11,19820731,231495795,10.595651,11.514909,10.498887,11.514909,1.016022,5025
2019-06-12,12539644,146525682,11.418144,11.514909,11.127853,11.272998,-0.241911,3422
2019-06-13,9453771,111078805,11.32138,11.466527,11.176235,11.369762,0.096764,2109
2019-06-14,3344594,39201486,11.369762,11.466527,11.272998,11.272998,-0.096764,833
2019-06-17,3599356,41713823,11.272998,11.369762,11.079471,11.127853,-0.145145,1207
2019-06-18,1865426,21358431,11.127853,11.224616,11.031088,11.031088,-0.096765,573
2019-06-19,12589183,149933605,11.272998,11.8052,11.224616,11.466527,0.435439,3551
2019-06-20,5780035,69203313,11.466527,11.660054,11.466527,11.56329,0.096763,1796
2019-06-21,4359493,52133865,11.756818,11.756818,11.466527,11.466527,-0.096763,1106
2019-06-24,3137776,37214912,11.514909,11.611672,11.369762,11.611672,0.145145,728
2019-06-25,11283903,137183792,11.950346,12.04711,11.418144,11.418144,-0.193528,2990
2019-06-26,7798532,90523667,11.418144,11.466527,11.127853,11.127853,-0.290291,1892
2019-06-27,8029541,94526756,11.176235,11.514909,11.176235,11.369762,0.241909,2020
2019-06-28,3774995,44145291,11.466527,11.466527,11.224616,11.272998,-0.096764,1141
2019-07-01,11412076,137438152,11.611672,11.853582,11.514909,11.56329,0.290292,2697
2019-07-02,4796198,57529126,11.514909,11.660054,11.514909,11.660054,0.096764,1286
2019-07-03,3456723,41106943,11.611672,11.660054,11.418144,11.418144,-0.24191,953
2019-07-04,2741980,32691608,11.514909,11.611672,11.466527,11.611672,0.193528,966
2019-07-05,8746651,106003442,11.853582,11.901964,11.56329,11.660054,0.048382,2466
2019-07-08,2209550,26392167,11.611672,11.660054,11.514909,11.514909,-0.145145,738
2019-07-09,2384804,28272486,11.56329,11.56329,11.418144,11.514909,0.0,884
2019-07-10,4570410,55041420,11.611672,11.756818,11.56329,11.660054,0.145145,1303
2019-07-11,5596109,67737816,11.756818,11.8052,11.611672,11.8052,0.145146,1690
2019-07-12,7341799,89881201,11.950346,11.998728,11.708436,11.756818,-0.048382,2208
2019-07-15,29147222,367424337,11.950346,12.385784,11.853582,12.240638,0.48382,7928
2019-07-16,14348997,182708811,12.143874,12.482547,12.04711,12.482547,0.241909,5981
2019-07-17,28467221,375044134,12.385784,12.966367,12.28902,12.869603,0.387056,7268
2019-07-18,14107724,187393562,12.917985,13.063131,12.627694,12.627694,-0.241909,4372
2019-07-19,9495399,125604837,12.724458,12.966367,12.579311,12.627694,0.0,2558
2019-07-22,12398959,165851288,12.772839,13.159895,12.676076,13.159895,0.532201,3417
2019-07-23,8500699,113800209,13.111513,13.111513,12.772839,12.821221,-0.338674,2473
2019-07-24,11161454,145112453,12.821221,12.917985,12.385784,12.530929,-0.290292,2888
2019-07-25,28234831,382202741,12.772839,13.305041,12.724458,12.966367,0.435438,6490
2019-07-26,9759333,131427606,12.966367,13.159895,12.821221,13.063131,0.096764,2516
2019-07-29,34587600,483766025,13.256659,13.788861,13.256659,13.401805,0.338674,7853
2019-07-30,20196822,275011959,13.546951,13.595333,12.821221,12.966367,-0.435438,5637
2019-07-31,10720801,141998291,12.772839,13.063131,12.627694,13.01475,0.048383,3706
2019-08-01,10255674,134459212,12.772839,12.966367,12.530929,12.627694,-0.387056,3222
2019-08-02,14420807,180133073,12.434166,12.434166,11.8052,11.853582,-0.774112,3937
2019-08-05,8256118,99974803,11.853582,11.998728,11.56329,11.56329,-0.290292,2052
2019-08-06,9684115,114089862,10.934324,11.901964,10.934324,11.901964,0.338674,2889
2019-08-07,6670001,81191512,11.756818,11.901964,11.660054,11.708436,-0.193528,1944
2019-08-08,9405336,117488430,11.8052,12.28902,11.756818,12.28902,0.580584,3215
2019-08-12,5005543,63296630,12.192255,12.434166,12.04711,12.095492,-0.193528,1722
2019-08-13,7195130,88245022,11.901964,11.998728,11.756818,11.756818,-0.338674,1982
2019-08-14,7150071,89263472,11.950346,12.240638,11.950346,11.950346,0.193528,2209
2019-08-15,16798580,210405568,11.611672,12.530929,11.514909,12.482547,0.532201,4632
2019-08-16,10239007,131707336,12.434166,12.724458,12.240638,12.385784,-0.096763,3345
2019-08-19,8549818,110427424,12.482547,12.676076,12.337402,12.385784,0.0,2288
2019-08-20,6580189,84560080,12.530929,12.627694,12.28902,12.28902,-0.096764,1983
2019-08-21,9253337,120362544,12.28902,12.772839,12.28902,12.724458,0.435438,2667
2019-08-22,22515001,301552008,12.869603,13.159895,12.724458,13.063131,0.338673,4965
2019-08-23,6535000,86664800,13.01475,13.01475,12.724458,12.724458,-0.338673,1824
2019-08-26,9530509,121148936,12.337402,12.530929,12.143874,12.337402,-0.387056,2499
2019-08-27,5674690,73510479,12.434166,12.676076,12.434166,12.434166,0.096764,1535
2019-08-28,4309466,56044059,12.530929,12.724458,12.434166,12.482547,0.048381,1275
2019-08-29,27976762,374736509,12.579311,13.159895,12.530929,13.01475,0.532203,6111
2019-08-30,65523646,935854957,13.305041,14.272681,13.111513,13.982389,0.967639,15068
2019-09-02,46422255,675894662,14.127534,14.321062,13.788861,14.321062,0.338673,11118
2019-09-03,29755764,429521875,14.03077,14.079152,13.837243,13.982389,-0.338673,8401
2019-09-04,60831556,909981380,14.127534,14.7565,14.127534,14.611354,0.628965,16874
2019-09-05,51829365,770250223,14.417826,14.659736,14.224299,14.272681,-0.338673,10590
2019-09-06,27263276,394761181,14.272681,14.321062,13.837243,14.079152,-0.193529,6752
2019-09-09,14715969,214412548,14.079152,14.272681,13.982389,14.079152,0.0,3268
2019-09-10,13388463,194907086,14.03077,14.224299,13.934007,14.079152,0.0,3085
2019-09-11,36330767,541719808,14.175917,14.7565,14.079152,14.708118,0.628966,7352
2019-09-12,26350737,396464605,14.7565,14.7565,14.369444,14.562973,-0.145145,5619
2019-09-16,49365722,753330030,14.659736,14.950028,14.562973,14.611354,0.048381,10412
2019-09-17,19312567,289366205,14.51459,14.659736,14.321062,14.51459,-0.096764,4816
2019-09-18,10009600,149378755,14.51459,14.562973,14.369444,14.369444,-0.145146,2799
2019-09-19,17744345,260264679,14.466208,14.51459,14.03077,14.03077,-0.338674,4233
2019-09-20,9551274,139735347,13.982389,14.272681,13.982389,14.224299,0.193529,2386
2019-09-23,11590767,171994022,14.175917,14.51459,14.127534,14.321062,0.096763,2842
2019-09-24,8991327,131885586,14.321062,14.417826,14.03077,14.079152,-0.24191,2256
2019-09-25,7383050,106382364,14.03077,14.127534,13.837243,13.885625,-0.193527,2077
2019-09-26,6449604,92301544,14.03077,14.079152,13.692097,13.740478,-0.145147,1856
2019-09-27,10325824,142767928,13.643715,13.740478,13.159895,13.353423,-0.387055,2730
2019-10-01,7725765,109127383,13.498569,13.788861,13.450187,13.740478,0.387055,1956
2019-10-02,4102630,57920182,13.643715,13.788861,13.546951,13.692097,-0.048381,1108
2019-10-03,4735651,66540627,13.450187,13.837243,13.450187,13.643715,-0.048382,1191
2019-10-04,6027451,84542864,13.740478,13.788861,13.450187,13.450187,-0.193528,1603
2019-10-07,3881808,54252500,13.595333,13.692097,13.450187,13.450187,0.0,1055
2019-10-08,2931137,40576624,13.498569,13.595333,13.256659,13.305041,-0.145146,984
2019-10-09,4348000,59602748,13.353423,13.450187,13.159895,13.159895,-0.145146,1188
2019-10-14,14341200,203495934,13.353423,14.03077,13.353423,13.788861,0.628966,3758
2019-10-15,18020781,263075100,13.982389,14.321062,13.837243,14.224299,0.435438,4699
2019-10-16,11151331,161760727,14.224299,14.321062,13.837243,13.934007,-0.290292,3161
2019-10-17,5577031,81151195,13.934007,14.175917,13.885625,14.079152,0.145145,1473
2019-10-18,4023155,58498096,14.03077,14.127534,13.982389,14.079152,0.0,976
2019-10-21,10331200,152854523,14.175917,14.417826,14.127534,14.272681,0.193529,2518
2019-10-22,11692580,172833027,14.321062,14.466208,14.079152,14.079152,-0.193529,2631
2019-10-23,10151585,149599686,14.127534,14.417826,14.079152,14.224299,0.145147,2683
2019-10-24,8202430,121298466,14.369444,14.417826,14.175917,14.272681,0.048382,1911
2019-10-25,9004626,133276397,14.321062,14.417826,14.175917,14.321062,0.048381,2297
2019-10-28,17835107,266985032,14.417826,14.611354,14.321062,14.417826,0.096764,4397
2019-10-29,14576600,214534848,14.51459,14.611354,13.885625,13.982389,-0.435437,3863
2019-10-30,22348609,333622715,14.079152,14.659736,13.934007,14.51459,0.532201,5569
2019-10-31,69523116,1086332117,14.708118,15.578993,14.708118,14.853264,0.338674,18105
2019-11-01,21463335,323026587,14.804882,14.901646,14.369444,14.417826,-0.435438,5418
2019-11-04,14485121,213699253,14.562973,14.562973,14.127534,14.127534,-0.290292,3403
2019-11-05,7030436,103493130,14.127534,14.369444,14.079152,14.224299,0.096765,1915
2019-11-06,8040002,117114476,14.224299,14.272681,13.982389,13.982389,-0.24191,2210
2019-11-07,13685759,193236087,13.982389,13.982389,13.450187,13.692097,-0.290292,3423
2019-11-08,3674282,52016274,13.740478,13.837243,13.546951,13.692097,0.0,1280
2019-11-11,10243708,141643474,13.740478,13.740478,13.159895,13.159895,-0.532202,2605
2019-11-12,6814860,94979792,13.256659,13.595333,13.256659,13.595333,0.435438,1825
2019-11-13,5334050,74715500,13.595333,13.740478,13.401805,13.546951,-0.048382,1634
2019-11-14,5060738,70923306,13.692097,13.692097,13.450187,13.546951,0.0,1531
2019-11-15,30853122,458841100,13.595333,14.7565,13.595333,14.417826,0.870875,7375
2019-11-18,22593983,342311189,14.611354,14.853264,14.466208,14.659736,0.24191,5207
2019-11-19,43482874,676006664,14.708118,15.337084,14.659736,14.901646,0.24191,10499
2019-11-20,44277706,698706618,15.240319,15.530611,14.950028,15.191938,0.290292,11646
2019-11-21,54215257,874605983,15.046792,16.256341,14.853264,16.014431,0.822493,14062
2019-11-22,77308256,1286876022,16.159577,16.691779,15.48223,15.627375,-0.387056,18444
2019-11-25,52706820,875085667,15.917667,16.449869,15.72414,15.72414,0.096765,13439
2019-11-26,29758594,479566026,15.820904,15.869285,15.337084,15.627375,-0.096765,7744
2019-11-27,24977893,400623288,15.627375,15.772522,15.337084,15.578993,-0.048382,6430
2019-11-28,18540568,291721373,15.433848,15.48223,15.095174,15.095174,-0.483819,5136
2019-11-29,20797942,326357798,15.046792,15.385466,14.950028,14.99841,-0.096764,5964
2019-12-02,20080426,305602801,14.99841,15.095174,14.321062,14.99841,0.0,5458
2019-12-03,10943255,170408836,14.853264,15.191938,14.7565,15.191938,0.193528,3155
2019-12-04,8295529,128858450,15.046792,15.240319,14.853264,15.046792,-0.145146,2405
2019-12-05,7026569,110049842,15.191938,15.240319,15.046792,15.191938,0.145146,1977
2019-12-06,39065579,635445551,15.288701,15.966049,15.288701,15.820904,0.628966,10109
2019-12-09,19907856,326136098,15.869285,16.159577,15.675757,15.772522,-0.048382,4372
2019-12-10,15683622,255881753,15.675757,16.014431,15.578993,16.014431,0.241909,3416
2019-12-11,27820998,463253464,16.159577,16.353105,15.917667,15.966049,-0.048382,6228
2019-12-12,14956174,246689025,16.062813,16.256341,15.772522,15.772522,-0.193527,3269
2019-12-13,16024146,258407466,16.062813,16.062813,15.337084,15.433848,-0.338674,3978
2019-12-16,7072281,114588528,15.48223,15.820904,15.48223,15.72414,0.290292,2187
2019-12-17,10398954,170430754,15.966049,16.062813,15.627375,15.72414,0.0,2904
2019-12-18,11800073,187736586,15.72414,15.72414,15.143556,15.240319,-0.483821,3624
2019-12-19,4788258,75544149,15.288701,15.385466,15.143556,15.288701,0.048382,1741
2019-12-20,7539553,118255997,15.288701,15.385466,14.99841,15.240319,-0.048382,2025
2019-12-23,8943871,138368771,15.288701,15.288701,14.804882,14.804882,-0.435437,2326
2019-12-24,4512751,69795438,14.853264,15.095174,14.804882,15.095174,0.290292,1538
2019-12-25,5143104,80654772,15.095174,15.337084,14.99841,15.288701,0.193527,1486
2019-12-26,12968495,208353464,15.385466,15.72414,15.288701,15.675757,0.387056,3418
2019-12-27,33556668,558154811,15.772522,16.353105,15.72414,16.207959,0.532202,7866
2019-12-30,41676219,708749640,16.401487,16.885307,16.014431,16.256341,0.048382,10910
2019-12-31,13187906,218920731,16.111196,16.353105,15.869285,16.111196,-0.145145,3426
2020-01-02,19526186,329330467,16.304723,16.498251,16.014431,16.304723,0.193527,4297
2020-01-03,19736931,334751686,16.353105,16.740161,16.062813,16.304723,0.0,4674
2020-01-06,38021337,653506084,16.159577,16.933689,16.014431,16.836924,0.532201,8489
2020-01-07,40533784,695745961,17.127216,17.320745,16.159577,16.498251,-0.338673,9500
2020-01-08,23874857,403345643,16.062813,16.740161,15.869285,16.595015,0.096764,5255
2020-01-09,49358512,877559427,16.691779,17.7078,16.595015,17.7078,1.112785,12250
2020-01-10,40643981,725290096,17.514272,17.562654,16.982071,17.22398,-0.48382,11012
2020-01-13,49370645,897377500,17.46589,18.046474,17.175598,17.272363,0.048383,13075
2020-01-14,28436947,517771514,17.320745,17.804564,17.320745,17.804564,0.532201,6913
2020-01-15,16837707,307113107,17.804564,17.901328,17.417508,17.514272,-0.290292,4310
2020-01-16,19922320,355618339,17.562654,17.659419,17.030453,17.127216,-0.387056,5392
2020-01-17,23427517,416942995,17.127216,17.562654,16.885307,17.417508,0.290292,5868
2020-01-20,9837601,177271228,17.562654,17.611036,17.320745,17.417508,0.0,3094
2020-01-30,19331378,317549723,15.966049,16.353105,15.675757,15.675757,-1.741751,4703
2020-01-31,30953399,474846405,15.72414,15.917667,14.321062,14.804882,-0.870875,8212
2020-02-03,28824277,411297229,14.224299,14.321062,13.401805,13.885625,-0.919257,6505
2020-02-04,25811484,386711360,14.175917,14.804882,14.127534,14.51459,0.628965,6902
2020-02-05,36927804,541815987,14.51459,14.7565,13.788861,13.934007,-0.580583,8364
2020-02-06,26992263,401011440,14.224299,14.562973,14.175917,14.466208,0.532201,5995
2020-02-07,19535085,282998223,14.224299,14.272681,13.837243,13.837243,-0.628965,4937
2020-02-10,17778319,249133921,13.208277,13.934007,13.063131,13.934007,0.096764,4789
2020-02-11,17788709,261106074,14.03077,14.369444,13.885625,14.369444,0.435437,5055
2020-02-12,45610130,702024408,14.466208,15.143556,14.369444,14.99841,0.628966,10581
2020-02-13,20873126,322950032,15.046792,15.191938,14.7565,14.7565,-0.24191,6152
2020-02-14,25271822,395875801,14.804882,15.337084,14.7565,15.240319,0.483819,6877
2020-02-17,13224208,206247613,14.99841,15.240319,14.950028,15.046792,-0.193527,3927
2020-02-18,14397628,223716344,15.046792,15.240319,14.853264,15.191938,0.145146,3558
2020-02-19,10515163,165429590,15.191938,15.337084,15.095174,15.191938,0.0,2898
2020-02-20,12615829,199882745,15.337084,15.48223,15.191938,15.337084,0.145146,3123
2020-02-21,18127320,290581620,15.433848,15.772522,15.288701,15.578993,0.241909,4967
2020-02-24,16677923,264014781,15.385466,15.627375,15.095174,15.143556,-0.435437,5607
2020-02-25,14791066,231778356,14.950028,15.433848,14.853264,15.433848,0.290292,4087
2020-02-26,22431643,354359389,15.288701,15.578993,14.950028,14.950028,-0.48382,6317
2020-02-27,18510383,282202412,15.288701,15.288701,14.224299,14.321062,-0.628966,5589
2020-03-02,18340567,275781427,13.788861,14.99841,13.788861,14.99841,0.677348,4902
2020-03-03,72452698,1215002790,15.627375,16.498251,15.433848,16.498251,1.499841,16558
2020-03-04,79330376,1383501898,16.401487,17.272363,16.304723,17.175598,0.677347,20370
2020-03-05,70968815,1291111159,17.369126,17.94971,17.22398,17.901328,0.72573,19800
2020-03-06,90367886,1750691220,17.7078,19.691461,17.659419,19.449551,1.548223,24021
2020-03-09,101160416,2013988072,19.110877,20.562336,17.998092,18.046474,-1.403077,29875
2020-03-10,105569580,2107222827,19.497933,19.836607,18.627057,19.836607,1.790133,24827
2020-03-11,127124131,2796165382,20.223662,21.820267,19.981753,21.384829,1.548222,32329
2020-03-12,96654753,2013005584,20.6591,21.288066,19.256023,19.256023,-2.128806,26848
2020-03-13,150321414,3021524958,17.756182,21.14292,17.7078,21.14292,1.886897,44102
2020-03-16,126848081,2670078327,20.707482,21.191302,19.159259,19.159259,-1.983661,40430
2020-03-17,124317141,2559848171,19.449551,20.707482,19.110877,19.401169,0.24191,39182
2020-03-18,126738996,2501663661,19.93337,20.223662,17.94971,18.481912,-0.919257,37172
2020-03-19,79039168,1412529333,18.578676,18.820586,16.643397,16.643397,-1.838515,21151
2020-03-20,82948693,1513173774,17.514272,18.240002,17.078834,17.417508,0.774111,23526
2020-03-23,34068394,585354893,16.159577,17.22398,15.72414,17.175598,-0.24191,10708
2020-03-24,45026557,839747424,18.094856,18.336765,17.611036,18.240002,1.064404,14310
2020-03-25,62705436,1251203554,19.110877,19.836607,18.917349,19.546314,1.306312,19661
2020-03-26,61706205,1273754666,20.078517,20.320426,19.546314,20.320426,0.774112,18361
2020-03-27,103776635,2341392662,20.997774,22.352469,20.949392,22.352469,2.032043,26240
2020-03-30,99038777,2290705995,22.400851,22.884671,21.771885,22.836289,0.48382,27836
2020-03-31,114790042,2817824642,23.029816,25.061859,22.739525,23.465255,0.628966,36283
2020-04-01,94746762,2338480800,23.900692,24.432894,23.174963,24.33613,0.870875,28378
2020-04-06,42114949,1120357049,24.674804,26.610082,24.529657,26.029498,1.693368,15685
2020-04-07,37475803,1069542820,26.610082,28.255069,26.610082,27.432576,1.403078,14241
2020-04-08,59970671,1636495515,27.529339,28.061541,25.448915,25.642443,-1.790133,22924
2020-04-09,61952918,1628470683,25.835971,26.851992,24.287748,24.529657,-1.112786,23221
2020-04-10,63446199,1679717032,24.965095,26.174645,24.771567,25.545679,1.016022,22429
2020-04-13,58271404,1556504476,25.545679,26.464936,25.061859,25.932735,0.387056,20074
2020-04-14,76599739,2136183013,26.223027,27.819631,26.126262,27.819631,1.886896,27115
2020-04-15,93591007,2623521172,28.109924,28.448597,26.126262,26.900374,-0.919257,34059
2020-04-16,68254228,1917472545,26.416554,27.964777,26.174645,27.674485,0.774111,27286
2020-04-17,108519820,3082587263,28.738889,28.738889,26.416554,26.900374,-0.774111,34692
2020-04-20,54617179,1523746250,26.948756,27.529339,26.31979,26.80361,-0.096764,19240
2020-04-21,62272358,1713531317,26.706846,27.287429,25.835971,26.174645,-0.628965,21369
2020-04-22,65718111,1815572122,25.981117,27.432576,25.690824,27.432576,1.257931,22129
2020-04-23,64128780,1815773943,27.480958,27.77125,26.900374,27.577721,0.145145,21322
2020-04-24,30677520,874807281,27.577721,27.964777,27.287429,27.722868,0.145147,10743
2020-04-27,92325981,2773053130,28.061541,30.48064,27.577721,30.48064,2.757772,30861
2020-04-28,110921482,3566788263,30.916077,31.883716,30.23873,30.23873,-0.24191,41158
2020-04-29,65953814,2115454398,30.335493,31.786953,30.190348,31.061223,0.822493,24102
2020-04-30,63422149,2089846867,31.690189,32.561064,31.157987,31.980481,0.919258,22885
2020-05-04,57196042,1898289578,31.061223,33.093265,30.529022,32.94812,0.967639,21519
2020-05-05,67734356,2297301482,33.286794,33.770613,31.932098,31.932098,-1.016022,25056
2020-05-06,62669622,2048531716,32.319154,32.899738,30.383875,31.109605,-0.822493,23096
2020-05-07,38434121,1265180829,31.641807,32.415919,31.109605,32.415919,1.306314,15318
2020-05-08,32549272,1086865565,32.899738,32.899738,31.835334,32.125627,-0.290292,11645
2020-05-11,57759179,1962271744,32.802974,33.673849,32.174008,32.174008,0.048381,20634
2020-05-12,49472659,1679018601,32.125627,33.383557,31.641807,33.383557,1.209549,16365
2020-05-13,87764602,3008705867,33.383557,34.157669,32.512682,32.512682,-0.870875,30277
2020-05-14,51710107,1731483051,32.174008,33.286794,31.206369,31.496661,-1.016021,19021
2020-05-15,55141242,1849319322,32.70621,33.093265,31.448279,32.996502,1.499841,20665
2020-05-18,51164687,1685609519,32.996502,33.141648,31.061223,31.254751,-1.741751,20360
2020-05-19,39194697,1296011889,31.883716,32.4643,31.351515,32.415919,1.161168,14057
2020-05-20,30696285,1015199757,32.415919,32.657828,31.448279,31.641807,-0.774112,11455
2020-05-21,49379190,1661759958,31.835334,33.093265,31.835334,32.561064,0.919257,15936
2020-05-22,61150536,2074603812,32.70621,33.528704,32.270772,32.270772,-0.290292,21209
2020-05-25,48457369,1582522268,32.512682,32.657828,30.819314,32.077245,-0.193527,17185
2020-05-26,92024485,3281727433,33.19003,35.270454,32.657828,35.270454,3.193209,26650
2020-05-27,139864442,5345588417,36.576767,38.270137,35.4156,35.705892,0.435438,53793
2020-05-28,53547863,1994393581,36.576767,37.012206,35.028544,35.802656,0.096764,20790
2020-05-29,63323782,2360334663,35.802656,36.867059,35.270454,36.044566,0.24191,21972
2020-06-01,43971585,1650888850,36.141329,36.770295,35.89942,36.576767,0.532201,14711
2020-06-02,49572792,1830448262,37.012206,37.012206,34.835017,34.93178,-1.644987,19483
2020-06-03,53625716,1890758693,35.076927,35.318836,33.480321,34.109287,-0.822493,21995
2020-06-04,31243863,1107387755,34.399579,34.786635,33.867377,33.867377,-0.24191,12215
2020-06-05,25500186,896184810,34.109287,34.447961,33.722231,33.867377,0.0,11003
2020-06-08,31767550,1099128545,34.060905,34.254433,32.802974,32.851356,-1.016021,13158
2020-06-09,54507136,1873620024,33.044884,34.206051,32.174008,32.802974,-0.048382,22235
2020-06-10,40029853,1331462199,32.802974,32.802974,31.883716,32.028863,-0.774111,15964
2020-06-11,45661404,1525985670,32.028863,32.899738,31.835334,32.657828,0.628965,17089
2020-06-12,39325572,1285425408,31.448279,32.22239,31.254751,31.399897,-1.257931,14771
2020-06-15,39517359,1250337513,31.399897,31.593425,30.045202,30.141966,-1.257931,15766
2020-06-16,68383710,2284628800,30.964459,33.141648,30.819314,33.141648,2.999682,21617
2020-06-17,82958420,2811855645,33.867377,33.964141,32.077245,32.125627,-1.016021,29951
2020-06-18,42038553,1390329667,32.077245,32.657828,31.351515,32.077245,-0.048382,17650
2020-06-19,25225449,839287645,32.22239,32.512682,31.835334,32.22239,0.145145,10007
2020-06-22,33143187,1077248615,32.22239,32.415919,31.012841,31.012841,-1.209549,13115
2020-06-23,31463336,997710539,31.109605,31.399897,30.287112,30.625785,-0.387056,13310
2020-06-24,29198775,927744800,30.625785,31.109605,30.335493,30.964459,0.338674,10860
2020-06-29,22075853,709273574,30.625785,31.399897,30.432258,31.061223,0.096764,8687
2020-06-30,70514471,2385502815,31.786953,33.577086,31.545042,32.512682,1.451459,28380
2020-07-01,39722104,1343686377,32.996502,33.19003,32.319154,32.319154,-0.193528,16795
2020-07-02,20309271,677221688,32.754592,32.754592,32.028863,32.125627,-0.193527,8236
2020-07-03,69771458,2405941445,32.754592,34.012523,32.512682,33.383557,1.25793,28163
2020-07-06,60550707,2148746083,34.109287,34.980162,33.867377,34.012523,0.628966,22575
2020-07-07,39160599,1339340425,34.351197,34.544725,32.561064,32.609446,-1.403077,16284
2020-07-08,23778246,806408352,32.22239,33.286794,32.174008,33.093265,0.483819,9903
2020-07-09,22044354,751042438,33.480321,33.577086,32.561064,32.561064,-0.532201,8261
2020-07-10,48849565,1640310339,32.561064,33.480321,31.061223,32.802974,0.24191,17050
2020-07-13,107713832,3880463091,34.351197,35.65751,33.625468,35.318836,2.515862,39504
2020-07-14,47528397,1706408585,35.028544,35.222072,34.399579,34.496343,-0.822493,18257
2020-07-15,120560652,4483856984,34.980162,37.060587,34.883399,35.367218,0.870875,45369
2020-07-16,94867996,3600275194,36.38324,37.544407,35.89942,37.544407,2.177189,36624
2020-07-17,136942718,5366939592,38.221755,38.85072,36.770295,36.867059,-0.677348,51435
2020-07-20,118327885,4734992616,37.737934,40.544089,36.963823,40.544089,3.67703,45432
2020-07-21,82736818,3484789057,40.544089,41.463346,39.673213,40.447324,-0.096765,34820
2020-07-22,78096928,3336756616,40.302179,42.382603,40.205415,40.931145,0.483821,32469
2020-07-23,60815337,2641540791,41.221436,42.52775,41.221436,42.334221,1.403076,24759
2020-07-24,69587199,2964280107,42.576132,42.818041,40.157033,40.205415,-2.128806,27306
2020-07-27,54191990,2326807800,41.124672,42.52775,40.544089,40.785998,0.580583,22552
2020-07-28,51750983,2191163259,41.318201,41.80202,39.818359,41.124672,0.338674,20676
2020-07-29,56844873,2355835266,41.753638,41.898784,39.237775,39.237775,-1.886897,22829
2020-07-30,41959561,1714733604,39.189394,40.157033,38.802338,39.479686,0.241911,17244
2020-07-31,31569101,1277822188,39.528067,39.866741,38.705574,38.995866,-0.48382,12635
2020-08-03,32897640,1343844865,38.802338,40.157033,38.463664,39.866741,0.870875,14245
2020-08-04,33340916,1355878375,39.963505,40.205415,38.947483,39.044248,-0.822493,14164
2020-08-05,67830560,2852877284,39.189394,41.753638,38.995866,41.318201,2.273953,30786
2020-08-06,39038912,1634708371,41.318201,41.414964,40.011887,40.060269,-1.257932,17190
2020-08-07,36904076,1558887936,40.253797,41.318201,40.011887,40.737617,0.677348,16238
2020-08-10,90083652,3988093499,41.463346,44.463028,41.366582,42.189076,1.451459,38194
2020-08-11,46416161,2038044843,42.189076,43.156715,41.753638,42.430985,0.241909,20502
2020-08-12,111962140,5208835852,42.576132,46.640216,42.576132,46.640216,4.209231,44271
2020-08-13,202510741,10238934020,47.94653,50.801066,46.059633,50.510774,3.870558,85219
2020-08-14,123761636,6470239582,49.446371,52.833108,48.043294,51.38165,0.870876,55639
2020-08-17,67740684,3633016886,51.188122,53.026637,50.41401,51.38165,0.0,29906
2020-08-18,80124887,4387643009,52.058997,54.671623,51.38165,54.381331,2.999681,36368
2020-08-19,81333702,4612425308,54.187804,55.929554,53.316929,54.768387,0.387056,35988
2020-08-20,126271051,6857397636,54.574859,56.510138,49.349607,50.510774,-4.257613,52723
2020-08-21,66865340,3786231990,53.510456,55.542498,52.833108,55.542498,5.031724,25051
2020-08-24,160446262,9293684055,56.80043,58.735709,53.026637,53.413692,-2.128806,68682
2020-08-25,72457804,3962951016,53.897512,54.574859,51.671941,52.252525,-1.161167,31600
2020-08-26,64454405,3535631510,52.833108,54.381331,52.058997,52.155761,-0.096764,29355
2020-08-27,59432546,3250322330,52.155761,53.994275,51.575177,53.316929,1.161168,26862
2020-08-28,68387708,3621624971,53.60722,53.800748,50.026954,50.123718,-3.193211,30664
2020-08-31,31244552,1625707952,50.607538,51.284885,49.639899,49.736662,-0.387056,13883
2020-09-01,51624258,2715686379,49.930191,52.349289,49.059315,51.38165,1.644988,25518
2020-09-02,45176851,2427948967,51.38165,52.833108,50.704302,52.058997,0.677347,20852
2020-09-03,36246647,1980952157,52.833108,53.800748,52.058997,52.155761,0.096764,16793
2020-09-04,31728300,1705910429,50.41401,53.026637,50.026954,53.026637,0.870876,15029
2020-09-07,41435436,2206273579,53.316929,53.800748,49.156079,50.123718,-2.902919,19020
2020-09-08,30178027,1551796950,50.801066,51.188122,48.67226,48.962551,-1.161167,14627
2020-09-09,36180127,1842676501,48.962551,50.123718,47.994912,49.059315,0.096764,15594
2020-09-10,30569893,1536025890,49.543135,49.930191,47.94653,48.091676,-0.967639,13878
2020-09-11,22999634,1138278635,47.898148,48.769023,47.269182,47.269182,-0.822494,10817
2020-09-14,19168260,955652040,47.70462,48.769023,47.70462,47.994912,0.72573,9274
2020-09-15,28008519,1393269493,47.898148,49.059315,47.511092,47.559474,-0.435438,13599
2020-09-16,22068822,1096818957,47.898148,48.865787,47.656238,47.656238,0.096764,10330
2020-09-17,29669637,1441065672,47.656238,47.994912,46.446689,46.930508,-0.72573,13928
2020-09-18,19147228,936129503,47.027272,47.801384,46.688598,47.801384,0.870876,9218
2020-09-21,15025431,732923734,47.559474,47.94653,46.640216,46.640216,-1.161168,7397
2020-09-22,19884690,946427696,46.543453,46.930508,45.479049,45.769341,-0.870875,9464
2020-09-23,17902594,837627826,46.204779,46.398307,44.608174,44.801702,-0.967639,8395
2020-09-24,33909803,1590134341,44.366264,46.156397,44.124354,45.479049,0.677347,15200
2020-09-25,59360863,2668521622,46.349925,46.640216,41.269818,42.52775,-2.951299,27687
2020-09-28,24242255,1081231217,43.253479,44.027591,42.092312,43.059951,0.532201,10958
2020-09-29,22640246,1022181725,43.834062,44.317882,42.672895,43.882444,0.822493,10660
2020-09-30,20694612,918955407,43.930826,44.027591,42.430985,43.156715,-0.725729,10493
2020-10-05,13013275,586373451,42.914805,44.075973,42.866424,43.882444,0.725729,6436
2020-10-06,18461979,855158102,44.463028,45.285522,44.317882,45.043612,1.161168,9269
2020-10-07,28616831,1320848226,45.043612,45.624196,44.124354,44.366264,-0.677348,14496
2020-10-08,17299200,800885799,44.559792,45.285522,44.172736,44.704938,0.338674,8265
2020-10-12,13249463,608697706,44.850084,45.188758,43.882444,43.930826,-0.774112,6053
2020-10-13,10674792,484128486,44.414647,44.414647,43.398625,43.930826,0.0,5422
2020-10-14,23240790,1086120685,43.930826,45.962869,43.785681,45.817723,1.886897,11720
2020-10-15,21306561,988441956,45.817723,45.817723,44.463028,44.463028,-1.354695,10914
2020-10-16,23735157,1108439272,44.51141,45.769341,44.51141,44.850084,0.387056,13915
2020-10-19,106577905,5348477494,45.866105,49.252843,45.817723,49.252843,4.402759,37104
2020-10-20,70447904,3561143462,49.156079,49.639899,48.188439,49.543135,0.290292,32765
2020-10-21,42725531,2133920097,49.543135,49.639899,47.269182,47.365946,-2.177189,20427
2020-10-22,25262932,1226380718,47.414328,47.753002,46.446689,46.495071,-0.870875,13380
2020-10-23,16617608,794765283,46.833745,46.882127,45.962869,46.059633,-0.435438,9001
2020-10-26,24400414,1138825711,46.108015,46.253161,44.51141,44.608174,-1.451459,12297
2020-10-27,19592002,897426574,44.124354,44.99523,43.737299,44.317882,-0.290292,9447
2020-10-28,23922674,1069222835,44.317882,44.366264,42.672895,43.108333,-1.209549,12487
2020-10-29,18982977,836764667,41.705256,43.592152,41.318201,43.495389,0.387056,8678
2020-10-30,12839800,569738659,43.205097,43.640535,42.237458,42.52775,-0.967639,6516
2020-11-02,13044773,566336605,42.672895,43.059951,41.414964,41.80202,-0.72573,6099
2020-11-03,12628060,560833865,42.382603,43.447007,41.995547,43.398625,1.596605,6572
2020-11-04,15255424,688906656,44.027591,44.172736,43.108333,43.688917,0.290292,7703
2020-11-05,12506699,559802648,44.027591,44.027591,42.914805,42.963187,-0.72573,6029
2020-11-06,11406393,511096567,43.301861,44.027591,42.866424,42.866424,-0.096763,5648
2020-11-09,15184793,676479775,43.205097,43.737299,42.382603,43.447007,0.580583,7700
2020-11-10,13593518,606004765,43.592152,43.930826,42.479368,42.576132,-0.870875,6697
2020-11-11,10421094,456242231,42.672895,43.011569,42.092312,42.237458,-0.338674,5937
2020-11-12,12395947,549385477,42.52775,43.350243,42.382603,43.011569,0.774111,6388
2020-11-13,6426754,283178684,42.866424,43.011569,42.382603,42.672895,-0.338674,3262
2020-11-16,10703369,475369017,42.866424,43.301861,42.576132,42.914805,0.24191,5689
2020-11-17,24581315,1120276453,43.301861,44.75332,43.156715,43.979208,1.064403,12851
2020-11-18,35372153,1654556683,43.979208,46.253161,43.930826,45.914487,1.935279,18516
2020-11-19,43424840,2094330351,46.398307,47.365946,46.011251,46.059633,0.145146,22817
2020-11-20,16097418,773619617,46.108015,46.882127,46.059633,46.398307,0.338674,8977
2020-11-23,22457737,1093808862,47.317564,47.849765,46.543453,46.930508,0.532201,10650
2020-11-24,85225353,4374225247,49.156079,50.801066,48.575495,49.639899,2.709391,36756
2020-11-25,55288881,2858224434,50.801066,51.478414,48.478731,48.575495,-1.064404,27914
2020-11-26,44312119,2249982958,48.67226,50.317246,47.559474,48.865787,0.290292,22615
2020-11-27,23820972,1222284525,49.349607,50.123718,48.865787,50.123718,1.257931,12088
2020-11-30,27933765,1456243902,51.091358,51.478414,49.833427,49.930191,-0.193527,13639
2020-12-01,16351672,828819835,50.123718,50.317246,48.478731,48.865787,-1.064404,8730
2020-12-02,15966729,801943678,49.156079,49.736662,47.994912,48.140057,-0.72573,8337
2020-12-03,20338624,1017801227,48.381968,49.446371,47.124037,49.156079,1.016022,10545
2020-12-04,15787655,787774324,49.156079,49.156079,47.849765,47.898148,-1.257931,8265
2020-12-07,17304514,870160900,48.091676,49.833427,47.607856,48.478731,0.580583,8741
2020-12-08,56405769,2942448194,49.059315,51.38165,48.67226,50.510774,2.032043,26106
2020-12-09,39546758,2093640140,51.284885,52.155761,50.123718,50.317246,-0.193528,20537
2020-12-10,19756701,1008977611,50.317246,50.89783,48.236821,48.67226,-1.644986,10781
2020-12-11,18520759,938586635,49.059315,50.123718,48.043294,49.639899,0.967639,9761
2020-12-14,27156102,1421918094,50.41401,51.478414,49.446371,50.607538,0.967639,13720
2020-12-15,54919816,2914430648,51.188122,52.446052,50.026954,50.026954,-0.580584,26371
2020-12-16,100559194,5549358785,51.188122,54.961915,50.801066,54.478096,4.451142,43518
2020-12-17,77378121,4359372448,54.671623,55.736027,53.316929,53.510456,-0.96764,37123
2020-12-18,40785010,2292071204,53.994275,55.252207,53.510456,54.381331,0.870875,17967
2020-12-21,50126004,2871288474,55.639263,56.80043,54.478096,54.865152,0.483821,23320
2020-12-22,46619179,2528154192,54.865152,55.155443,49.543135,49.833427,-5.031725,24029
2020-12-23,24709153,1285963843,51.284885,51.38165,49.833427,50.026954,0.193527,13183
2020-12-24,13712380,711293753,50.510774,50.89783,49.833427,50.123718,0.096764,7791
2020-12-25,16605259,849262472,50.41401,50.607538,48.67226,49.252843,-0.870875,8965
2020-12-28,15970470,808016698,49.349607,49.639899,48.478731,48.962551,-0.290292,8781
2020-12-29,14008381,705401883,49.059315,49.252843,48.381968,48.67226,-0.290291,7674
2020-12-30,12360290,629120612,48.67226,49.833427,48.478731,49.252843,0.580583,6545
2020-12-31,7491524,379008560,49.059315,49.543135,48.575495,48.865787,-0.387056,4208
2021-01-04,19610282,1015199711,48.865787,50.994594,48.575495,50.220483,1.354696,10320
2021-01-05,20017139,1049989250,50.317246,51.478414,49.543135,51.188122,0.967639,10116
2021-01-06,34018251,1829308668,51.768706,53.026637,50.89783,52.639581,1.451459,17602
2021-01-07,46121341,2558763237,53.703984,54.671623,52.349289,53.026637,0.387056,22301
2021-01-08,28733303,1563594018,54.284567,54.381331,50.994594,51.091358,-1.935279,15199
2021-01-11,17725753,909653635,50.317246,50.607538,49.156079,49.639899,-1.451459,9347
2021-01-12,13390125,693252082,49.446371,50.801066,49.059315,50.220483,0.580584,6973
2021-01-13,40191512,2190563851,50.220483,54.187804,50.123718,53.994275,3.773792,20100
2021-01-14,85650772,5038044030,54.381331,59.219528,53.60722,56.703666,2.709391,41116
2021-01-15,77001582,4597577077,58.058361,60.864515,54.574859,55.348971,-1.354695,38506
2021-01-18,41619107,2393628756,56.897194,57.574542,54.187804,54.187804,-1.161167,21554
2021-01-19,17863561,988708815,54.478096,54.768387,52.446052,53.1234,-1.064404,9960
2021-01-20,23280734,1229570041,52.929873,53.703984,50.026954,50.123718,-2.999682,11629
2021-01-21,17328952,906490697,50.704302,51.478414,50.026954,50.220483,0.096765,8942
2021-01-22,14879620,782067375,50.317246,51.575177,50.123718,51.575177,1.354694,6869
2021-01-25,15117758,787193221,51.188122,51.188122,49.833427,50.41401,-1.161167,7437
2021-01-26,13107207,692290787,50.41401,51.768706,50.220483,50.89783,0.48382,7018
2021-01-27,26074529,1421360401,52.058997,53.703984,51.865469,52.542817,1.644987,13425
2021-01-28,18951710,1029108527,51.38165,53.510456,51.091358,52.252525,-0.290292,9697
2021-01-29,14549315,780078488,53.316929,53.510456,50.220483,50.41401,-1.838515,7541
2021-02-01,10999299,566699864,50.801066,51.188122,48.865787,50.026954,-0.387056,6013
2021-02-02,6092895,317016007,50.510774,50.801066,50.026954,50.607538,0.580584,3365
2021-02-03,8442685,439511226,50.801066,51.284885,49.833427,50.123718,-0.48382,4514
2021-02-04,7158795,374145194,49.736662,51.091358,49.543135,50.89783,0.774112,3626
2021-02-05,7679911,404527451,50.89783,51.575177,50.317246,50.704302,-0.193528,3885
2021-02-17,21054653,1159676697,52.252525,54.865152,51.38165,53.316929,2.612627,10566
2021-02-18,16927165,928863370,53.60722,54.381331,52.349289,52.929873,-0.387056,8347
2021-02-19,30736290,1715494420,52.736344,55.348971,52.542817,53.413692,0.483819,14085
2021-02-22,14991790,831546887,53.994275,54.574859,53.026637,53.510456,0.096764,7911
2021-02-23,9437737,516168770,53.703984,53.703984,52.349289,52.833108,-0.677348,5068
2021-02-24,22491469,1255317664,53.026637,54.574859,53.026637,54.381331,1.548223,10234
2021-02-25,31183761,1765914086,55.058679,56.510138,53.510456,54.09104,-0.290291,15500
2021-02-26,12079840,658327778,52.542817,53.413692,52.349289,52.446052,-1.644988,6672
2021-03-02,41050875,2323890513,53.220164,55.736027,52.736344,55.058679,2.612627,19502
2021-03-03,37407620,2100735083,56.026319,56.31661,52.929873,54.187804,-0.870875,17746
2021-03-04,35117698,1978444555,54.187804,55.929554,52.639581,53.413692,-0.774112,16662
2021-03-05,27093783,1527291839,52.736344,55.542498,52.736344,55.542498,2.128806,13561
2021-03-08,59101955,3464394415,55.83279,57.864833,55.155443,56.606902,1.064404,29933
2021-03-09,36774148,2104068821,56.606902,57.187486,54.187804,54.284567,-2.322335,19422
2021-03-10,13775740,778117079,54.961915,55.445735,53.703984,53.994275,-0.290292,7191
2021-03-11,12505420,705642034,54.574859,55.348971,53.800748,55.348971,1.354696,6635
2021-03-12,17380893,999643766,55.639263,56.897194,54.768387,54.961915,-0.387056,9302
2021-03-15,5830023,330611803,54.865152,55.639263,54.381331,54.768387,-0.193528,3473
2021-03-16,8744599,491021154,55.058679,55.348971,53.703984,54.187804,-0.580583,5415
2021-03-17,12787171,705802545,54.478096,54.478096,53.026637,53.413692,-0.774112,8000
2021-03-18,8831734,488764690,53.800748,53.994275,53.220164,53.60722,0.193528,5254
2021-03-19,8973968,491147362,53.316929,53.60722,52.542817,53.1234,-0.48382,5095
2021-03-22,6056431,329604616,52.833108,53.1234,52.252525,52.736344,-0.387056,3492
2021-03-23,17296086,964537903,53.510456,54.671623,53.316929,53.413692,0.677348,8858
2021-03-24,7729774,426746000,53.220164,54.09104,52.833108,53.994275,0.580583,3865
2021-03-25,8653633,479323244,53.994275,54.478096,53.1234,53.1234,-0.870875,4308
2021-03-26,8099766,444818689,53.510456,53.703984,52.833108,53.220164,0.096764,4186
2021-03-29,9601300,528035770,53.413692,53.897512,52.929873,52.929873,-0.290291,4793
2021-03-30,9179888,503321065,53.026637,53.510456,52.736344,53.413692,0.483819,4701
2021-03-31,14178128,790954598,53.800748,54.381331,53.413692,54.381331,0.967639,6419
2021-04-01,14053313,791223405,55.348971,55.348971,53.316929,53.316929,-1.064402,7211
2021-04-06,10169537,558598824,53.800748,53.897512,52.833108,53.220164,-0.096765,5578
2021-04-07,7787344,429697484,53.413692,53.703984,53.1234,53.413692,0.193528,4838
2021-04-08,14964319,841308531,53.703984,54.961915,53.413692,54.478096,1.064404,7854
2021-04-09,12061866,673382766,54.865152,54.865152,53.316929,53.800748,-0.677348,5883
2021-04-12,7001158,387383972,53.897512,54.284567,53.220164,53.316929,-0.483819,4458
2021-04-13,10650423,577600927,53.413692,53.413692,51.284885,51.575177,-1.741752,6030
2021-04-14,18470344,956500704,51.575177,51.768706,48.188439,50.41401,-1.161167,9803
2021-04-15,8596461,454846769,50.510774,51.768706,50.123718,51.575177,1.161167,4667
2021-04-16,9897978,536543788,51.575177,53.316929,51.091358,52.736344,1.161167,5468
2021-04-19,8575727,469443171,52.736344,53.413692,52.155761,53.220164,0.48382,4663
2021-04-20,8156147,452722868,53.316929,54.284567,52.639581,53.800748,0.580584,4512
2021-04-21,13786831,774944086,53.316929,55.058679,53.316929,53.994275,0.193527,6484
2021-04-22,11067330,613881051,54.381331,54.961915,52.349289,52.736344,-1.257931,5425
2021-04-23,17437750,981101178,53.026637,54.961915,52.736344,54.961915,2.225571,8096
2021-04-26,29292732,1693038719,56.510138,56.993958,55.155443,55.736027,0.774112,14412
2021-04-27,17691494,987337901,55.736027,55.736027,53.220164,53.413692,-2.322335,9849
2021-04-28,13562334,743948490,53.897512,54.381331,52.542817,52.639581,-0.774111,7306
2021-04-29,7319263,401914468,52.639581,53.800748,52.446052,53.1234,0.483819,3613
2021-05-03,10601414,562349221,53.1234,53.220164,50.704302,50.704302,-2.419098,4950
2021-05-04,15261941,757994734,51.188122,51.284885,46.156397,47.027272,-3.67703,7821
2021-05-05,8461530,416449416,47.027272,48.769023,45.962869,47.849765,0.822493,3955
2021-05-06,7049267,346365834,47.849765,48.285204,46.882127,47.027272,-0.822493,3265
2021-05-07,5062689,250391612,47.511092,48.381968,47.124037,48.381968,1.354696,2696
2021-05-10,6720902,335887175,48.769023,49.639899,47.70462,49.349607,0.967639,3364
2021-05-11,18731027,880089917,48.333586,48.333586,44.414647,44.99523,-4.354377,8369
2021-05-12,16791176,725997375,45.188758,45.188758,40.495706,40.495706,-4.499524,7072
2021-05-13,19897612,840080767,37.447643,43.156715,37.399261,42.430985,1.935279,8122
2021-05-14,22445916,1028084886,43.930826,45.866105,43.059951,44.414647,1.983662,9961
2021-05-17,25272968,1171076711,42.189076,47.849765,42.189076,46.688598,2.273951,11246
2021-05-18,37084381,1850110356,46.833745,50.89783,45.575814,48.865787,2.177189,18168
2021-05-19,22082692,1117783040,48.769023,50.123718,47.898148,49.156079,0.290292,9939
2021-05-20,13803357,690421155,48.769023,49.736662,47.269182,47.559474,-1.596605,6382
2021-05-21,17251038,881849286,49.446371,50.89783,48.333586,49.349607,1.790133,8711
2021-05-24,13266313,688750743,48.962551,50.704302,48.865787,50.704302,1.354695,6011
2021-05-25,30015433,1614499916,51.284885,53.413692,50.801066,51.962233,1.257931,12377
2021-05-26,14727351,785386732,51.962233,52.639581,50.801066,51.38165,-0.580583,6797
2021-05-27,10212783,532502470,50.994594,51.284885,49.639899,50.801066,-0.580584,5185
2021-05-28,9933599,524575986,51.671941,51.768706,50.510774,51.38165,0.580584,5099
2021-05-31,22835457,1251035224,52.833108,54.09104,51.575177,53.413692,2.032042,10445
2021-06-01,33459091,1902085098,54.284567,55.929554,54.187804,55.252207,1.838515,17443
2021-06-02,22893039,1307320361,55.348971,56.026319,54.187804,55.542498,0.290291,12762
2021-06-03,14236704,818455144,56.123082,56.413374,54.961915,55.736027,0.193529,7409
2021-06-04,47501139,2713001308,56.123082,57.864833,53.1234,53.800748,-1.935279,24433
2021-06-07,18034241,1015039763,53.994275,55.639263,52.446052,55.252207,1.451459,8967
2021-06-08,17444979,1006355695,55.348971,56.510138,54.574859,56.123082,0.870875,9123
2021-06-09,21385026,1234766364,55.736027,57.28425,54.381331,55.155443,-0.967639,10404
2021-06-10,53990860,3228772134,55.445735,59.50982,54.865152,59.50982,4.354377,26762
2021-06-11,44091213,2621308821,59.50982,59.703348,56.219846,56.80043,-2.70939,21525
2021-06-15,18558561,1104470016,57.381013,58.445417,56.897194,57.671305,0.870875,9156
2021-06-16,13842032,818271817,57.768069,58.155125,56.413374,56.993958,-0.677347,6684
2021-06-17,8442078,498624174,57.090721,57.574542,56.510138,57.381013,0.387055,4541
2021-06-18,28619320,1709189720,57.864833,59.413056,56.219846,56.31661,-1.064403,13588
2021-06-21,52602082,3225318439,55.929554,61.73539,55.542498,60.187167,3.870557,25862
2021-06-22,59566690,3763196169,62.896557,64.057725,58.735709,59.219528,-0.967639,31071
2021-06-23,39979865,2606527027,59.896876,65.122128,59.219528,65.122128,5.9026,17126
2021-06-24,71852995,4762063337,65.605948,65.605948,62.219211,64.44478,-0.677348,34207
2021-06-25,56083832,3888845703,65.799476,69.670033,65.122128,65.315657,0.870877,31428
2021-06-28,36563509,2523712499,67.250935,68.895922,64.928601,66.283295,0.967638,18647
2021-06-29,24877389,1683774465,65.799476,66.863879,63.864197,66.380059,0.096764,14014
2021-06-30,19321487,1309041085,66.089768,67.444463,64.735072,64.735072,-1.644987,10357
2021-07-01,14880382,992344587,64.928601,65.799476,63.380378,64.735072,0.0,7751
2021-07-02,10632750,713144378,64.735072,65.605948,64.154489,65.122128,0.387056,5516
2021-07-05,20901511,1449060501,65.702712,68.799158,65.315657,66.767115,1.644987,12125
2021-07-06,16127696,1130181648,67.154171,69.186214,66.476824,68.218574,1.451459,9485
2021-07-07,37142792,2706568404,67.831518,73.153535,67.250935,69.186214,0.96764,22289
2021-07-08,42301482,3210496807,69.670033,75.862925,68.702394,75.379105,6.192891,24480
2021-07-09,33885918,2642807293,73.540591,77.798204,72.960007,74.604994,-0.774111,20644
2021-07-12,33418456,2684332613,75.475869,80.507594,75.475869,77.411148,2.806154,19232
2021-07-13,29380256,2371053563,78.959371,80.89465,74.798522,76.927328,-0.48382,18091
2021-07-14,15470650,1231619063,78.475551,79.056135,74.99205,77.507912,0.580584,8972
2021-07-15,24486803,1902631035,78.282023,78.282023,73.250299,75.379105,-2.128807,13616
2021-07-16,16289100,1251292918,73.830883,76.153216,73.056771,74.895285,-0.48382,9972
2021-07-19,12797994,978698376,74.50823,75.862925,73.056771,73.056771,-1.838514,7366
2021-07-20,14508406,1075545091,72.089132,73.153535,70.734437,72.476187,-0.580584,8266
2021-07-21,10521188,788056144,73.056771,74.217939,71.121493,71.605312,-0.870875,6125
2021-07-22,15225328,1154033570,73.056771,74.798522,71.79884,73.153535,1.548223,9192
2021-07-23,8956277,667553932,73.540591,73.927647,71.121493,71.31502,-1.838515,5735
2021-07-26,10381942,778771293,71.79884,73.734118,70.153853,73.347062,2.032042,6074
2021-07-27,11891506,879768201,73.347062,74.798522,69.670033,70.637672,-2.70939,7439
2021-07-28,11088855,791071895,70.153853,71.31502,66.089768,69.863561,-0.774111,6414
2021-07-29,10075227,731432253,71.218256,72.089132,68.60563,70.153853,0.290292,5960
2021-07-30,6435418,468002418,70.347381,71.79884,69.186214,69.186214,-0.967639,3969
2021-08-02,8675215,621647604,70.250617,70.831201,67.250935,70.250617,1.064403,4955
2021-08-03,5788975,423222530,70.250617,71.605312,70.057089,70.444145,0.193528,3502
2021-08-04,26065016,1940867801,71.121493,74.99205,70.057089,70.540909,0.096764,15560
2021-08-05,8779090,634050915,71.199291,72.185432,70.607608,70.607608,0.066699,5222
2021-08-06,5420012,390073440,71.002064,71.988203,69.621468,71.002064,0.394456,3344
2021-08-09,10622852,756598457,71.002064,72.678501,68.536715,68.832556,-2.169508,5740
2021-08-10,9246018,634362827,69.522854,69.522854,66.663049,66.663049,-2.169507,5139
2021-08-11,9412697,630941538,67.156119,68.043644,64.1977,65.775523,-0.887526,5227
2021-08-12,4497886,300253909,66.071365,66.465821,64.789383,65.775523,0.0,2788
2021-08-13,10476953,668525305,66.071365,66.268593,60.844824,62.126806,-3.648717,5473
2021-08-16,6049972,374121013,61.633736,62.71849,59.957298,60.943438,-1.183368,3374
2021-08-17,7368695,441490172,61.73235,61.73235,57.590563,57.590563,-3.352875,4262
2021-08-18,15478679,949420896,56.308582,63.310173,55.716897,63.310173,5.71961,8920
2021-08-19,13346456,840969769,61.633736,63.901858,61.042052,61.23928,-2.070893,8497
2021-08-20,33471323,2251106302,61.830964,67.353347,60.548982,67.353347,6.114067,11978
2021-08-23,42300121,2883772159,68.4381,68.536715,65.972751,67.451961,0.098614,22349
2021-08-24,42428765,3028225251,68.240873,72.678501,67.156119,70.90345,3.451489,25402
2021-08-25,27828504,2023400752,71.100678,72.974344,70.508994,72.579888,1.676438,16761
2021-08-26,22008301,1583810984,72.382659,73.368799,69.621468,70.015924,-2.563964,13325
2021-08-27,26499411,1808525577,69.029784,69.621468,65.972751,66.071365,-3.944559,16333
2021-08-30,25129554,1747184394,66.367207,69.522854,66.367207,69.227012,3.155647,13520
2021-08-31,33599383,2422988942,69.128398,72.481274,69.029784,72.481274,3.254262,21254
2021-09-01,24494971,1789138096,71.790976,73.763255,70.804836,72.87573,0.394456,14684
2021-09-02,23404217,1709420794,73.072957,73.960483,70.213152,70.804836,-2.070894,15482
2021-09-03,15389709,1105882608,70.607608,71.790976,69.522854,71.790976,0.98614,9139
2021-09-06,11455452,817167651,71.790976,71.790976,69.325627,70.015924,-1.775052,6481
2021-09-07,18823303,1300314709,70.508994,71.39652,66.564435,66.564435,-3.451489,11237
2021-09-08,21258631,1376029344,65.775523,66.071365,62.422648,62.521261,-4.043174,12056
2021-09-09,28008785,1893289888,64.099085,68.635328,63.704629,68.043644,5.522383,16145
2021-09-10,22500048,1582463756,67.057505,70.508994,67.057505,70.41038,2.366736,13690
2021-09-13,33509937,2277633554,69.522854,69.522854,65.874137,65.874137,-4.536243,20296
2021-09-14,17223455,1150930878,64.887997,67.057505,64.690769,66.169979,0.295842,10126
2021-09-15,10086214,680814339,65.676909,67.451961,65.183839,66.958891,0.788912,6290
2021-09-16,9863235,668345463,66.860276,67.550575,65.874137,67.156119,0.197228,5714
2021-09-17,70673383,5135711111,67.94503,73.861869,67.550575,72.974344,5.818225,37782
2021-09-22,29061594,2108021432,71.593747,72.974344,70.213152,72.974344,0.0,18100
2021-09-23,75870558,5799626958,74.650781,77.806428,72.974344,74.157711,1.183367,40872
2021-09-24,39548221,2957520516,74.946623,76.129991,71.988203,72.185432,-1.972279,22922
2021-09-27,47061454,3211509071,68.043644,68.339486,65.874137,66.860276,-5.325156,26357
2021-09-28,45827866,3049300238,65.381067,67.353347,64.394927,67.353347,0.493071,24091
2021-09-29,28621199,1888529686,65.578295,66.860276,63.507402,63.507402,-3.845945,15981
2021-09-30,18133240,1181700955,64.1977,65.479681,63.112946,64.099085,0.591683,10442
2021-10-01,20738896,1308407921,63.507402,65.085225,60.055912,61.140666,-2.958419,11515
2021-10-04,13773981,855398473,62.126806,62.521261,60.253141,60.253141,-0.887525,7519
2021-10-05,20698343,1317709911,58.773931,64.986612,58.280861,64.394927,4.141786,12102
2021-10-06,19649629,1251306612,64.099085,64.789383,60.844824,61.042052,-3.352875,11029
2021-10-07,18487906,1210213760,62.521261,65.381067,62.521261,65.282453,4.240401,9663
2021-10-08,23231369,1564927138,65.972751,67.94503,64.592156,66.268593,0.98614,13666
2021-10-12,7901128,526893919,65.775523,66.761663,64.986612,65.578295,-0.690298,5326
2021-10-13,9306784,601924987,66.071365,66.465821,62.324034,62.619876,-2.958419,6459
2021-10-14,7200125,463338840,64.000471,64.789383,62.521261,62.71849,0.098614,4813
2021-10-15,10025781,661712412,64.592156,65.775523,64.394927,64.493541,1.775051,5788
2021-10-18,7138327,462167073,65.085225,65.479681,62.71849,63.112946,-1.380595,4517
2021-10-19,14051984,929102767,63.310173,66.564435,63.310173,64.296313,1.183367,7944
2021-10-20,8160731,534776469,65.085225,65.775523,63.606015,64.690769,0.394456,5173
2021-10-21,9578185,626321026,64.690769,65.775523,63.310173,64.493541,-0.197228,5384
2021-10-22,33750183,2317031470,64.690769,69.91731,64.296313,68.536715,4.043174,18242
2021-10-25,30262806,2024105050,67.94503,67.94503,64.690769,66.663049,-1.873666,15322
2021-10-26,19130032,1287281910,66.860276,68.043644,65.085225,65.183839,-1.47921,11170
2021-10-27,19935588,1325172370,65.578295,66.761663,64.690769,65.578295,0.394456,12402
2021-10-28,13489345,894924617,65.381067,66.268593,64.789383,65.183839,-0.394456,8829
2021-10-29,11746918,783496204,65.578295,66.564435,65.085225,65.479681,0.295842,6515
2021-11-01,9429696,629047590,66.071365,66.367207,65.085225,65.874137,0.394456,5792
2021-11-02,33781752,2315313398,66.465821,69.128398,65.972751,67.747803,1.873666,18903
2021-11-03,12963068,888463797,67.057505,68.832556,66.367207,68.240873,0.49307,8427
2021-11-04,27137803,1928222243,69.029784,71.39652,68.635328,69.522854,1.281981,16149
2021-11-05,12240558,864543636,69.720082,71.002064,68.733942,68.832556,-0.690298,7725
2021-11-08,10049830,699407574,69.42424,70.015924,67.550575,67.94503,-0.887526,5619
2021-11-09,21136273,1510467099,68.832556,71.495134,68.733942,70.41038,2.46535,11620
2021-11-10,15755516,1097630083,69.91731,70.015924,68.043644,68.339486,-2.070894,9633
2021-11-11,10473296,737881473,68.339486,70.311766,68.339486,69.325627,0.986141,5271
2021-11-12,26577398,1938704425,69.029784,73.467413,69.029784,71.88959,2.563963,14975
2021-11-15,34436631,2620722583,72.777115,76.524447,72.777115,76.031377,4.141787,22335
2021-11-16,19676812,1499045977,76.031377,76.721674,73.467413,75.045237,-0.98614,13237
2021-11-17,15663881,1191260279,75.439693,75.834149,73.861869,75.538306,0.493069,10121
2021-11-18,27612772,2116851969,76.425833,78.891182,73.270186,73.270186,-2.26812,16702
2021-11-19,29032705,2110611868,73.368799,74.749395,70.015924,71.002064,-2.268122,16378
2021-11-22,14822622,1060031892,71.790976,72.185432,69.818696,70.213152,-0.788912,9066
2021-11-23,10581261,745343559,70.114538,70.90345,68.536715,68.536715,-1.676437,6366
2021-11-24,12403146,875067585,68.931171,70.90345,68.142259,70.706222,2.169507,7146
2021-11-25,8247757,585804359,70.213152,71.199291,69.325627,69.621468,-1.084754,5241
2021-11-26,11011895,763711210,70.015924,70.607608,67.254732,67.649188,-1.97228,6865
2021-11-29,8326370,575960773,66.564435,69.227012,66.367207,69.227012,1.577824,5496
2021-11-30,21764121,1580891323,70.41038,73.270186,70.015924,70.90345,1.676438,13036
2021-12-01,23191528,1712404159,70.508994,73.960483,70.213152,73.763255,2.859805,13724
2021-12-02,26302731,1964885197,73.763255,75.341079,71.988203,72.382659,-1.380596,18798
2021-12-03,8882294,651768146,73.467413,73.467413,71.790976,72.086818,-0.295841,6574
2021-12-06,7098593,511320680,72.481274,72.481274,70.508994,70.508994,-1.577824,4595
2021-12-07,7781045,559553090,71.297906,72.382659,70.114538,70.41038,-0.098614,4458
2021-12-08,6419147,462882897,71.495134,71.988203,70.508994,70.706222,0.295842,3922
2021-12-09,28111849,2074867975,72.382659,74.157711,70.804836,70.804836,0.098614,16107
2021-12-10,8244879,594505333,71.593747,71.790976,70.706222,70.804836,0.0,6649
2021-12-13,7921799,565213350,71.002064,71.495134,69.818696,69.818696,-0.98614,4696
2021-12-14,6760119,474111404,69.720082,70.41038,68.635328,68.733942,-1.084754,4480
2021-12-15,3483844,246220197,69.128398,70.311766,68.832556,70.213152,1.47921,2445
2021-12-16,9570506,693147509,71.002064,71.988203,70.311766,71.88959,1.676438,6104
2021-12-17,8607983,621036437,71.495134,72.382659,70.508994,70.804836,-1.084754,5430
2021-12-20,3219278,231906025,71.199291,71.790976,70.41038,71.100678,0.295842,2431
2021-12-21,23179665,1726419783,72.086818,74.256325,72.086818,73.763255,2.662577,14248
2021-12-22,30683026,2342158407,74.256325,76.425833,73.763255,75.735535,1.97228,20761
2021-12-23,27542157,2132848598,76.721674,77.707814,74.946623,75.045237,-0.690298,19835
2021-12-24,44716674,3539236580,76.327218,79.581479,75.834149,78.398112,3.352875,28039
2021-12-27,66975864,5352451531,80.469006,83.032969,75.636921,75.735535,-2.662577,43656
2021-12-28,18956774,1437545631,76.62306,76.62306,74.157711,74.256325,-1.47921,10959
2021-12-29,9466171,722258986,74.946623,75.932762,74.453553,75.932762,1.676437,6627
2021-12-30,8730454,666272371,75.538306,76.425833,74.749395,74.946623,-0.986139,5472
2022-01-03,20953171,1643911020,75.735535,78.398112,75.636921,77.313359,2.366736,13011
2022-01-04,27614137,2198512899,78.299498,79.778708,77.017516,78.693954,1.380595,23354
2022-01-05,14180720,1106133553,78.792568,79.187023,75.735535,75.834149,-2.859805,9615
2022-01-06,8874446,673227077,74.946623,75.538306,74.354939,74.650781,-1.183368,5360
2022-01-07,13507703,996156109,74.650781,74.848009,71.495134,72.777115,-1.873666,8597
2022-01-10,4634309,342059488,71.988203,73.467413,71.495134,73.368799,0.591684,3163
2022-01-11,6869938,502292014,72.974344,73.270186,71.39652,71.988203,-1.380596,4056
2022-01-12,5740595,419730585,72.974344,73.072957,71.593747,72.086818,0.098615,2643
2022-01-13,4708732,346804476,72.284045,73.368799,72.086818,72.382659,0.295841,2818
2022-01-14,10385468,755586422,72.382659,73.763255,70.015924,73.566027,1.183368,5873
2022-01-17,59931128,4815499127,74.157711,80.863462,73.960483,80.764847,7.19882,28349
2022-01-18,107650713,9124383052,81.849601,85.498318,80.173164,85.30109,4.536243,64002
2022-01-19,49471136,4228395511,83.427425,87.470598,81.849601,87.27337,1.97228,30172
2022-01-20,30707828,2621133118,85.399704,86.28723,82.934355,83.032969,-4.240401,25977
2022-01-21,31437283,2539810051,81.553759,82.342671,78.299498,78.693954,-4.339015,17414
2022-01-24,23510153,1850855389,78.59534,80.07455,76.425833,77.313359,-1.380595,16901
2022-01-25,27998857,2154249795,77.6092,78.398112,73.566027,73.566027,-3.747332,18917
2022-01-26,17863743,1343297769,73.763255,75.143851,72.777115,74.256325,0.690298,10177
2022-02-07,21888741,1717247091,75.439693,78.891182,75.242465,78.10227,3.845945,13822
2022-02-08,26994391,2192705891,77.214744,81.356531,77.214744,81.159303,3.057033,18534
2022-02-09,18456549,1513975509,80.370391,81.652374,79.680094,80.863462,-0.295841,12057
2022-02-10,23718487,1929471696,81.159303,83.032969,78.496726,79.187023,-1.676439,17131
2022-02-11,12286613,994426703,78.59534,80.764847,78.398112,79.384252,0.197229,7533
2022-02-14,10665054,857161274,77.905042,79.975935,77.6092,79.778708,0.394456,7491
2022-02-15,11099249,892937521,80.271777,80.469006,78.299498,78.59534,-1.183368,11546
2022-02-16,16808459,1382058079,80.271777,81.849601,79.975935,81.060689,2.465349,11864
2022-02-17,16808943,1390814224,81.159303,82.835741,79.877322,80.56762,-0.493069,13181
2022-02-18,8692755,711654948,80.370391,81.652374,79.680094,81.159303,0.591683,9343
2022-02-21,23425267,1935399783,81.849601,82.835741,80.370391,80.370391,-0.788912,16198
2022-02-22,15523784,1237717938,80.370391,80.863462,77.017516,78.003656,-2.366735,11312
2022-02-23,12342489,1001540470,78.792568,81.553759,78.200884,81.455145,3.451489,8172
2022-02-24,15479067,1265527589,80.07455,81.948215,79.08841,79.778708,-1.676437,10532
2022-02-25,19476263,1590826099,81.356531,82.342671,79.384252,79.581479,-0.197229,14721
2022-03-01,18829427,1568310498,80.56762,83.328811,80.07455,81.849601,2.268122,11903
2022-03-02,13204154,1080345650,81.060689,82.441285,79.581479,80.863462,-0.986139,13584
2022-03-03,9896779,810419759,81.849601,82.145443,79.975935,80.07455,-0.788912,8538
2022-03-04,9341880,754450622,79.877322,80.863462,78.693954,78.792568,-1.281982,9678
2022-03-07,14950302,1141298257,78.003656,78.200884,73.763255,74.848009,-3.944559,13165
2022-03-08,14921064,1115151521,73.664642,76.524447,71.988203,71.988203,-2.859806,12997
2022-03-09,10118542,751589202,73.960483,74.256325,72.284045,73.467413,1.47921,9233
2022-03-10,10669845,824765499,75.439693,77.214744,75.242465,76.327218,2.859805,8542
2022-03-11,6132169,474678972,76.425833,76.918903,75.735535,76.425833,0.098615,5869
2022-03-14,5484803,421019072,77.017516,77.411972,74.848009,75.143851,-1.281982,3681
2022-03-15,7153527,530910812,74.749395,74.946623,72.284045,72.678501,-2.46535,5182
2022-03-16,12277527,892266685,73.861869,74.354939,70.41038,71.692362,-0.986139,9885
2022-03-17,15303047,1165064947,73.763255,76.918903,72.777115,76.918903,5.226541,8822
2022-03-18,17088813,1354759572,76.918903,79.08841,75.636921,79.08841,2.169507,11213
2022-03-21,12116069,983099108,79.877322,80.764847,79.08841,79.975935,0.887525,7997
2022-03-22,30508254,2524126814,78.891182,82.934355,78.10227,82.046829,2.070894,20106
2022-03-23,29853531,2513862697,82.835741,84.709406,81.652374,82.835741,0.788912,20114
2022-03-24,10361942,873086559,81.948215,83.821881,81.948215,83.427425,0.591684,7882
2022-03-25,13821685,1167019902,84.413565,85.005248,81.652374,83.131583,-0.295842,12700
2022-03-28,8391824,707188657,81.948215,83.920494,81.849601,82.934355,-0.197228,7296
2022-03-29,10401752,884223159,83.526038,84.808021,83.131583,83.723267,0.788912,6822
2022-03-30,22980866,2002871606,84.808021,87.27337,84.216337,86.28723,2.563963,15038
2022-03-31,14090685,1216989432,86.7803,87.27337,83.328811,83.821881,-2.465349,13163
2022-04-01,28601410,2533642843,82.934355,89.837333,82.835741,86.878914,3.057033,19958
2022-04-06,14157002,1242142793,87.470598,89.24565,85.30109,85.30109,-1.577824,14133
2022-04-07,9188372,781226575,84.808021,85.695546,82.539899,82.539899,-2.761191,7282
2022-04-08,13150564,1122539036,84.216337,85.991389,82.539899,83.131583,0.591684,9257
2022-04-11,11762729,957458892,83.427425,83.427425,79.08841,79.482866,-3.648717,7377
2022-04-12,8424624,685883931,79.187023,81.257918,78.496726,80.370391,0.887525,5120
2022-04-13,6621742,540721440,80.370391,81.553759,79.581479,81.553759,1.183368,4438
2022-04-14,7955743,666709413,82.342671,83.526038,81.356531,83.526038,1.972279,5084
2022-04-15,11907911,969055543,82.638513,82.737127,79.285638,79.285638,-4.2404,7749
2022-04-18,8857630,699132319,77.905042,79.482866,75.932762,77.905042,-1.380596,5103
2022-04-19,7328927,597528465,79.482866,81.159303,79.285638,80.764847,2.859805,4477
2022-04-20,9726893,812453857,81.356531,83.032969,80.764847,82.737127,1.97228,5922
2022-04-21,23158326,2019197201,83.723267,87.371984,83.328811,87.371984,4.634857,14150
2022-04-22,19998300,1693132357,85.79416,86.188616,82.046829,82.046829,-5.325155,12965
2022-04-25,16816227,1343052507,79.08841,80.863462,77.11613,77.11613,-4.930699,10010
2022-04-26,9102207,722799407,78.891182,79.187023,77.11613,77.806428,0.690298,5611
2022-04-27,16865764,1348748699,75.932762,81.356531,75.045237,81.060689,3.254261,10779
2022-04-28,17470241,1462300322,81.652374,84.019109,80.173164,83.230197,2.169508,11361
2022-04-29,17017908,1437007192,84.709406,85.79416,81.553759,81.849601,-1.380596,10349
2022-05-03,5113787,428327803,82.342671,83.526038,81.652374,82.441285,0.591684,3858
2022-05-04,8562938,725285297,83.032969,84.31495,82.441285,83.526038,1.084753,5579
2022-05-05,17533363,1513028940,85.30109,86.583072,83.821881,83.821881,0.295843,11855
2022-05-06,12195440,1003058798,82.539899,83.131583,80.173164,80.666233,-3.155648,8440
2022-05-09,13822186,1147868462,80.271777,82.934355,79.482866,82.342671,1.676438,7893
2022-05-10,16923918,1375196127,80.764847,81.159303,79.08841,80.863462,-1.479209,11034
2022-05-11,12611253,1042162958,81.356531,82.342671,80.07455,81.060689,0.197227,7482
2022-05-12,12352029,1026262256,80.370391,83.230197,80.271777,81.060689,0.0,7463
2022-05-13,27303325,2330935048,82.737127,85.991389,82.046829,84.31495,3.254261,16977
2022-05-16,20435535,1775063329,85.79416,86.681686,84.709406,84.906635,0.591685,12143
2022-05-17,10996257,942353502,84.808021,85.892774,83.032969,85.892774,0.986139,7920
2022-05-18,17798899,1543816426,86.385844,87.569212,84.216337,84.216337,-1.676437,13310
2022-05-19,11645213,967718935,82.638513,82.835741,81.455145,81.455145,-2.761192,8159
2022-05-20,9265262,762635021,82.046829,82.145443,80.469006,80.469006,-0.986139,5902
2022-05-23,5061933,417269271,81.356531,82.145443,80.666233,80.764847,0.295841,3693
2022-05-24,12866195,1035808057,81.060689,81.159303,78.299498,78.299498,-2.465349,8373
2022-05-25,8216301,655370749,78.693954,79.285638,78.003656,78.693954,0.394456,5310
2022-05-26,22957128,1790049705,78.989796,79.975935,74.650781,75.045237,-3.648717,16235
2022-05-27,13934273,1076465565,76.031377,77.214744,75.143851,76.524447,1.47921,9852
2022-05-30,12652165,1011936164,78.200884,79.778708,77.214744,79.778708,3.254261,8029
2022-05-31,10176380,826518140,79.778708,80.666233,78.891182,80.173164,0.394456,6757
2022-06-01,11509953,945324726,81.159303,81.948215,79.877322,79.877322,-0.295842,7907
2022-06-02,5372195,436609693,79.482866,80.764847,79.285638,79.975935,0.098613,3605
2022-06-06,6084679,487060117,80.370391,80.370391,78.398112,78.59534,-1.380595,5040
2022-06-07,2922468,233926027,78.891182,79.285638,78.398112,79.187023,0.591683,1922
2022-06-08,5149295,412840514,79.581479,79.975935,78.299498,78.693954,-0.493069,3257
2022-06-09,26541943,2202215044,80.271777,83.328811,80.07455,83.328811,4.634857,15639
2022-06-10,84120812,7558915846,82.737127,91.612385,82.342671,91.612385,8.283574,42955
2022-06-13,57340736,5334457687,90.626245,92.894367,89.935948,92.401297,0.788912,31856
2022-06-14,39014083,3528228102,92.006841,92.204068,86.583072,89.738719,-2.662578,27294
2022-06-15,22494362,2005251665,89.147036,90.527631,86.385844,86.385844,-3.352875,14263
2022-06-16,21962466,1891288030,87.76644,88.259509,81.948215,81.948215,-4.437629,13293
2022-06-17,27229644,2186276406,80.863462,81.356531,77.707814,78.59534,-3.352875,14541
2022-06-20,18224877,1446147343,79.187023,79.581479,76.524447,76.918903,-1.676437,11352
2022-06-21,13434217,1077947000,78.891182,80.469006,77.6092,79.778708,2.859805,7942
2022-06-22,9313829,740235707,79.877322,80.07455,77.017516,77.510586,-2.268122,6123
2022-06-23,10835201,870486767,78.792568,80.56762,78.398112,78.398112,0.887526,5844
2022-06-24,20452480,1710519967,80.370391,84.808021,80.173164,81.849601,3.451489,12949
2022-06-27,17888564,1514295645,83.674542,87.413622,82.461868,86.403059,4.553458,10341
2022-06-28,10596647,903290345,86.908341,87.413622,84.988273,85.392498,-1.010561,6183
2022-06-29,9258067,783741479,84.685104,86.605172,84.179823,85.392498,0.0,5756
2022-06-30,27718846,2176090856,84.887217,85.089329,76.903776,76.903776,-8.488722,16775
2022-07-01,34844051,2494659239,76.600607,77.004832,69.223504,69.223504,-7.680272,19465
2022-07-04,29719373,1969500605,67.909774,69.526673,64.170694,68.51611,-0.707394,15895
2022-07-05,32086673,2137089996,69.32456,70.638291,63.867525,67.404493,-1.111617,18346
2022-07-06,21013767,1406826963,67.606605,68.920335,66.292874,68.51611,1.111617,12642
2022-07-07,36891135,2499601709,68.718223,71.143572,64.675975,70.335123,1.819013,20974
2022-07-08,28139544,2011146981,70.537235,74.175258,69.526673,72.760472,2.425349,17672
2022-07-11,13807761,996592440,72.558359,73.973146,71.749909,73.771033,1.010561,8654
2022-07-12,10855673,762823677,72.356247,72.558359,69.930898,70.031954,-3.739079,7080
2022-07-13,17552130,1294060658,74.68054,76.297439,73.164697,73.568921,3.536967,10241
2022-07-14,27753667,2107044902,73.568921,78.823844,72.760472,78.823844,5.254923,17697
2022-07-15,20098413,1574820117,78.823844,80.339687,77.409057,78.9249,0.101056,13002
2022-07-18,12368396,969014512,79.834406,80.137575,77.712226,79.430181,0.505281,8851
2022-07-19,14665581,1171748750,80.339687,81.754474,79.73335,80.137575,0.707394,9392
2022-07-20,17220108,1418440490,82.866093,84.381935,82.158699,82.866093,2.728518,11971
2022-07-21,10771107,889029140,83.068205,84.179823,82.360811,83.573486,0.707393,7335
2022-07-22,9074246,754646208,84.179823,85.089329,83.068205,84.078767,0.505281,6672
2022-07-25,9997302,830311754,84.381935,85.796723,82.866093,82.866093,-1.212674,8103
2022-07-26,7275001,589190639,82.866093,82.866093,81.148136,81.451305,-1.414788,4993
2022-07-27,5514306,448318256,81.653418,83.068205,81.047081,82.866093,1.414788,3670
2022-07-28,11246938,914980366,83.674542,83.876654,80.440744,82.158699,-0.707394,8455
2022-07-29,6413151,526228354,83.371374,83.876654,81.85553,82.158699,0.0,5263
2022-08-01,3584336,290409580,82.259755,82.461868,81.249193,81.956586,-0.202113,2679
2022-08-02,5351286,428487910,80.946025,81.85553,79.834406,81.249193,-0.707393,3696
2022-08-03,6523695,523669428,81.047081,82.259755,80.238631,80.743912,-0.505281,4558
2022-08-04,24135071,1792540999,79.834406,79.834406,72.760472,72.760472,-7.98344,15549
2022-08-05,30767632,2214847838,71.952022,74.478427,70.941459,72.760472,0.0,19049
2022-08-08,17131147,1232863382,71.547797,74.68054,70.335123,74.68054,1.920068,9407
2022-08-09,27737954,2109795006,73.771033,78.520675,73.366808,78.318564,3.638024,15717
2022-08-10,29877409,2351778872,76.903776,81.451305,76.600607,80.137575,1.819011,17534
2022-08-11,16381129,1308073413,81.754474,82.057643,79.228069,79.834406,-0.303169,10233
2022-08-12,12807786,1014947335,80.844969,81.350249,79.025956,79.430181,-0.404225,7472
2022-08-15,11223087,901580619,80.137575,81.85553,79.834406,81.350249,1.920068,6762
2022-08-16,12001479,982889360,81.350249,83.573486,80.946025,83.169261,1.819012,7402
2022-08-17,11523346,952912400,83.876654,84.584048,82.562924,83.573486,0.404225,7173
2022-08-18,8574797,704512757,82.66398,84.280879,81.552361,83.876654,0.303168,5614
2022-08-19,9501627,794472641,83.876654,85.392498,83.775598,83.97771,0.101056,6347
2022-08-22,17172757,1432810458,83.97771,86.504116,82.66398,82.967149,-1.010561,10606
2022-08-23,6989087,573153326,82.259755,83.674542,82.158699,83.169261,0.202112,4124
2022-08-24,8724309,709100176,83.47243,84.179823,80.946025,81.148136,-2.021125,10299
2022-08-25,14900421,1248462244,82.66398,86.099891,82.158699,84.685104,3.536968,9712
2022-08-26,10260314,856382056,85.190385,85.59461,83.169261,84.280879,-0.404225,7087
2022-08-29,8764854,705131997,82.259755,82.461868,80.036519,81.350249,-2.93063,6512
2022-08-30,7708169,634365360,81.956586,84.584048,81.85553,82.967149,1.6169,5506
2022-08-31,7280656,604952186,82.967149,84.482992,82.66398,84.482992,1.515843,5314
2022-09-01,8152495,666719759,83.876654,84.078767,81.653418,81.85553,-2.627462,7136
2022-09-02,3923120,318484783,83.371374,83.371374,80.946025,80.946025,-0.909505,2866
2022-09-05,4918096,390470797,81.85553,82.158699,79.430181,79.430181,-1.515844,3927
2022-09-06,4914775,385502927,80.743912,81.148136,78.116451,78.520675,-0.909506,3625
2022-09-19,10515657,944445242,81.082134,84.122714,81.082134,81.174273,2.653598,8345
2022-09-20,13900539,1262195689,82.740632,84.951963,81.819244,83.938436,2.764163,10979
2022-09-21,21121409,1930348024,84.491269,86.334045,81.174273,86.334045,2.395609,15033
2022-09-22,13674896,1281584744,85.504796,87.531849,83.938436,87.531849,1.197804,9153
2022-09-23,34717422,3460181648,87.716127,95.82434,87.255433,93.981564,6.449715,22705
2022-09-26,22084343,2153517787,92.138788,93.060176,88.17682,89.374625,-4.606939,13847
2022-09-27,19719143,1882592852,89.835319,91.401678,85.873351,86.610461,-2.764164,13253
2022-09-28,15148982,1379279934,86.610461,87.531849,81.634967,82.187799,-4.422662,9036
2022-09-29,17942288,1577276176,83.385603,84.122714,78.778664,79.239358,-2.948441,11125
2022-09-30,31888886,2887930654,78.225831,87.163294,77.488721,85.504796,6.265438,19649
2022-10-03,22047983,2075002807,83.938436,88.361098,83.938436,86.426184,0.921388,13948
2022-10-04,19385683,1813849991,88.637514,89.374625,84.306991,85.596934,-0.82925,12360
2022-10-05,25898174,2452680282,86.610461,89.835319,84.491269,87.163294,1.56636,16134
2022-10-06,23008499,2193362382,88.913931,90.111735,86.426184,87.347571,0.184277,13626
2022-10-07,16325554,1525159796,86.979016,88.729653,83.385603,84.306991,-3.04058,10589
2022-10-11,14874073,1277973707,81.819244,81.819244,77.304443,78.410109,-5.896882,8997
2022-10-12,18876236,1658896687,78.502248,83.569881,77.488721,83.385603,4.975494,12909
2022-10-13,28616331,2580318913,83.201326,86.518322,79.423636,81.819244,-1.566359,19017
2022-10-14,26426736,2390772133,85.044102,85.596934,81.082134,81.082134,-0.73711,17757
2022-10-17,23342458,1965279343,80.897856,81.450689,74.079586,77.949415,-3.132719,15443
2022-10-18,13162407,1105118088,79.05508,79.147219,76.290917,76.475194,-1.474221,8908
2022-10-19,12457273,1050608645,77.304443,79.05508,76.475194,76.475194,0.0,8603
2022-10-20,16962553,1373870699,76.0145,76.290917,72.789643,75.830223,-0.644971,11222
2022-10-21,10291803,835659347,75.553806,76.751611,73.618892,73.618892,-2.211331,7145
2022-10-24,10831977,876779578,75.093113,76.198778,73.342476,73.711031,0.092139,6840
2022-10-25,10433119,824513257,74.171725,74.263863,71.960394,72.23681,-1.474221,6678
2022-10-26,11501307,890097366,72.421088,72.789643,70.025479,70.854728,-1.382082,7451
2022-10-27,16482488,1315451325,71.223283,75.093113,71.223283,75.093113,4.238385,9533
2022-10-28,12790350,1050383239,74.448141,76.935888,74.079586,75.645945,0.552832,8309
2022-10-31,12992998,1099963226,77.120166,78.870803,76.935888,78.870803,3.224858,8941
2022-11-01,14171005,1220999934,78.31797,80.529301,77.857276,79.700052,0.829249,9219
2022-11-02,8857150,775566715,79.700052,81.450689,79.239358,81.266411,1.566359,6052
2022-11-03,9397953,823251065,80.62144,81.450689,79.792191,80.897856,-0.368555,5910
2022-11-04,6162800,537385432,80.160746,81.450689,79.239358,81.174273,0.276417,4217
2022-11-07,7773836,688791931,82.464216,83.109187,80.62144,80.713579,-0.460694,5398
2022-11-08,21312272,1941816363,81.450689,86.057628,81.35855,82.187799,1.47422,13639
2022-11-09,14926599,1368434059,84.767685,85.504796,82.740632,84.767685,2.579886,10047
2022-11-10,15752799,1471311507,83.846297,87.071155,83.201326,86.610461,1.842776,10904
2022-11-11,25443228,2438794237,89.374625,91.954511,86.057628,86.610461,0.0,14922
2022-11-14,14742158,1429562769,87.531849,90.756707,87.163294,89.651041,3.04058,9970
2022-11-15,9466943,908477537,89.466764,90.111735,87.347571,88.084682,-1.566359,6237
2022-11-16,10670652,1032772139,89.098208,90.48029,87.716127,89.190347,1.105665,7191
2022-11-17,8136891,797569413,89.190347,91.033123,89.190347,90.940984,1.750637,5467
2022-11-18,17309773,1708285932,92.599482,93.52087,88.729653,89.466764,-1.47422,11136
2022-11-21,14215999,1411595722,89.466764,93.060176,89.098208,90.756707,1.289943,8425
2022-11-22,9104672,882099024,90.203874,90.48029,88.361098,89.466764,-1.289943,6067
2022-11-23,7199174,709363909,90.203874,91.401678,89.927457,90.940984,1.47422,5197
2022-11-24,8114324,813956006,91.493817,93.52087,91.401678,92.599482,1.658498,5259
2022-11-25,13516572,1354070517,94.902952,94.902952,90.296013,92.138788,-0.460694,8498
2022-11-28,5898433,598138032,91.678094,94.902952,91.217401,94.442258,2.30347,3514
2022-11-29,14758297,1460493196,93.060176,95.363646,89.651041,89.835319,-4.606939,9842
2022-11-30,6041850,590248752,90.019596,90.756707,89.374625,89.835319,0.0,4384
2022-12-01,10226642,1027385020,91.309539,93.981564,91.033123,92.599482,2.764163,6955
2022-12-02,5616605,558742611,92.599482,93.060176,90.848845,91.309539,-1.289943,3727
2022-12-05,6152315,611167012,92.04665,93.060176,90.388151,90.572429,-0.73711,3707
2022-12-06,4907754,484385519,90.572429,91.954511,90.203874,90.203874,-0.368555,3498
2022-12-07,7251869,693120221,89.466764,89.927457,86.610461,87.992543,-2.211331,5206
2022-12-08,2801541,266737503,87.347571,88.361098,86.886877,87.716127,-0.276416,2069
2022-12-09,2946382,282855228,88.729653,89.190347,87.900404,87.992543,0.276416,2032
2022-12-12,2315393,220128510,87.531849,88.361098,86.334045,87.992543,0.0,1556
2022-12-13,3053546,293328591,88.545376,89.374625,87.531849,87.531849,-0.460694,2183
2022-12-14,3600757,347122268,87.808265,89.466764,87.716127,89.374625,1.842776,2400
2022-12-15,2341662,226662813,89.374625,89.651041,88.821792,89.00607,-0.368555,1863
2022-12-16,10270001,965376718,88.17682,88.268959,84.951963,88.17682,-0.82925,6444
2022-12-19,2017904,192063357,87.071155,88.17682,86.979016,87.623988,-0.552832,1307
2022-12-20,4000916,374543514,87.347571,88.268959,84.583408,84.583408,-3.04058,2862
2022-12-21,3838318,350454169,85.320518,86.149767,83.109187,83.109187,-1.474221,3142
2022-12-22,5283914,475317470,84.306991,84.951963,82.003522,82.372077,-0.73711,3716
2022-12-23,3685355,323470013,81.542828,81.634967,80.068607,81.450689,-0.921388,2948
2022-12-26,1873773,166847574,81.911383,82.556354,81.174273,82.003522,0.552833,1498
2022-12-27,2311272,207351975,82.09566,83.017048,82.09566,82.648493,0.644971,1792
2022-12-28,7072483,613267407,82.648493,82.648493,78.410109,79.05508,-3.593413,5093
2022-12-29,2937293,253102935,78.594386,80.345023,77.949415,80.160746,1.105666,2176
2022-12-30,3812132,333620683,81.174273,81.911383,79.976468,79.976468,-0.184278,2688
2023-01-03,5622403,497853567,80.068607,82.832771,79.976468,82.187799,2.211331,3887
2023-01-04,8766689,768842834,82.003522,83.017048,79.239358,80.160746,-2.027053,6291
2023-01-05,9045776,778506362,80.805717,81.174273,78.502248,78.502248,-1.658498,6311
2023-01-06,7235159,629264084,78.410109,80.989995,78.041554,80.345023,1.842775,5294
2023-01-09,10911277,981284824,81.266411,83.938436,81.174273,83.846297,3.501274,7591
2023-01-10,7300548,669497491,83.846297,85.228379,83.385603,84.583408,0.737111,5307
2023-01-11,6596958,608880589,85.228379,86.334045,83.66202,83.754159,-0.829249,4880
2023-01-12,7426343,661948018,84.214853,84.306991,81.174273,81.634967,-2.119192,5663
2023-01-13,4204044,374458194,82.187799,82.648493,81.542828,82.279938,0.644971,3301
2023-01-16,6216929,551082503,82.187799,82.740632,80.345023,81.727105,-0.552833,4089
2023-01-17,3652669,321622431,81.727105,82.09566,80.713579,81.082134,-0.644971,2834
2023-01-30,5350088,473886983,82.556354,82.832771,81.082134,81.082134,0.0,3927
2023-01-31,8428794,733408811,81.082134,81.819244,79.147219,80.437162,-0.644972,6459
2023-02-01,12199062,1082957247,81.082134,82.648493,80.805717,82.09566,1.658498,9366
2023-02-02,17660124,1623419193,82.740632,86.149767,82.740632,86.149767,4.054107,11851
2023-02-03,11740080,1098295461,86.334045,87.255433,84.859824,86.057628,-0.092139,7496
2023-02-06,14727227,1327518011,85.412657,85.781212,82.003522,82.464216,-3.593412,9787
2023-02-07,11904102,1046936942,82.003522,82.003522,80.62144,81.082134,-1.382082,8000
2023-02-08,9200791,807868476,81.542828,81.819244,80.345023,80.897856,-0.184278,6752
2023-02-09,12974374,1124112562,80.62144,80.62144,79.515774,80.068607,-0.829249,7895
2023-02-10,12110926,1040722794,79.88433,80.805717,78.31797,78.410109,-1.658498,9005
2023-02-13,6998795,602288278,78.410109,79.792191,78.31797,79.700052,1.289943,5572
2023-02-14,4844130,420537002,79.88433,80.437162,79.423636,79.700052,0.0,3645
2023-02-15,5891026,512417850,79.700052,80.713579,79.515774,80.252885,0.552833,4012
2023-02-16,7723184,678980649,80.805717,81.634967,80.437162,81.174273,0.921388,5125
2023-02-17,7033766,611268096,80.62144,80.805717,79.515774,80.805717,-0.368556,4919
2023-02-20,15130610,1347990199,81.542828,82.92491,81.35855,81.542828,0.737111,9670
2023-02-21,12647470,1128782822,82.832771,83.385603,81.542828,81.634967,0.092139,8816
2023-02-22,7823731,680602982,80.62144,80.713579,79.423636,80.252885,-1.382082,5034
2023-02-23,9166057,812412656,80.713579,82.372077,80.529301,82.003522,1.750637,5451
2023-02-24,26274351,2397724693,82.92491,85.228379,82.279938,84.859824,2.856302,15552
2023-03-01,14069129,1287810405,84.859824,86.057628,82.740632,83.66202,-1.197804,8953
2023-03-02,7230365,649884929,83.846297,83.846297,82.003522,82.832771,-0.829249,4716
2023-03-03,6322163,574778456,83.569881,84.583408,83.017048,83.293465,0.460694,3923
2023-03-06,4786130,437307729,84.214853,84.951963,83.754159,83.754159,0.460694,3637
2023-03-07,11930839,1105419641,84.675547,85.96549,84.214853,85.689073,1.934914,8009
2023-03-08,6706270,621494685,85.873351,85.96549,84.675547,85.228379,-0.460694,4796
2023-03-09,17975928,1606710208,84.030575,84.214853,81.727105,82.372077,-2.856302,12910
2023-03-10,6675500,585480184,80.62144,81.819244,80.252885,80.805717,-1.56636,5081
2023-03-13,6414736,565914070,80.805717,82.279938,79.792191,82.279938,1.474221,4317
2023-03-14,4646809,413307441,81.542828,82.740632,81.174273,81.174273,-1.105665,3122
2023-03-15,3170856,281191251,82.187799,82.279938,81.082134,81.266411,0.092138,2060
2023-03-16,4872282,425018830,80.897856,81.450689,79.423636,79.976468,-1.289943,3359
2023-03-17,5342032,474215861,80.713579,82.464216,80.713579,82.464216,2.487748,3957
2023-03-20,5521763,495433176,82.556354,83.109187,81.911383,83.109187,0.644971,3752
2023-03-21,12476675,1147601849,84.030575,85.504796,83.66202,85.228379,2.119192,7765
2023-03-22,38065992,3636470139,86.057628,90.296013,85.781212,87.900404,2.672025,23393
2023-03-23,16767756,1583743606,87.808265,89.190347,85.13624,85.873351,-2.027053,10378
2023-03-24,9799316,918181247,85.873351,87.071155,85.13624,86.610461,0.73711,5918
2023-03-27,12757507,1231461858,86.886877,91.033123,86.334045,90.296013,3.685552,8176
2023-03-28,15838265,1549451054,89.190347,91.585956,88.913931,90.019596,-0.276417,10461
2023-03-29,11722328,1143427900,91.033123,91.954511,88.453237,89.098208,-0.921388,7956
2023-03-30,8762409,856584089,90.203874,90.664568,89.282486,90.111735,1.013527,5853
2023-03-31,6071015,594141808,90.940984,91.033123,89.651041,89.651041,-0.460694,3634
2023-04-06,10439007,985637111,90.019596,90.019596,85.96549,86.7026,-2.948441,7114
2023-04-07,8715258,828158960,87.531849,88.729653,86.426184,87.808265,1.105665,4966
2023-04-10,8640381,846872585,88.268959,91.954511,88.084682,91.033123,3.224858,5864
2023-04-11,18441813,1898660351,92.138788,97.667116,91.217401,94.902952,3.869829,12144
2023-04-12,13866358,1416527196,94.902952,95.82434,92.599482,94.442258,-0.460694,7262
2023-04-13,10222104,1025304880,95.873201,96.827164,94.728447,94.728447,0.286189,5730
2023-04-14,7938794,799043146,96.827164,98.258107,94.251466,94.633051,-0.095396,5497
2023-04-17,11997725,1231611919,96.350183,99.68905,95.873201,97.781126,3.148075,7480
2023-04-18,7134328,723935202,98.258107,98.258107,95.39622,96.827164,-0.953962,3852
2023-04-19,6694230,686830164,98.258107,99.68905,96.350183,96.827164,0.0,4482
2023-04-20,5457506,546383201,97.304145,97.304145,94.442258,95.39622,-1.430944,3938
2023-04-21,8416647,830531360,96.350183,96.350183,92.725126,93.679088,-1.717132,5460
2023-04-24,8208697,829404881,94.060673,97.781126,93.488296,96.827164,3.148076,4639
2023-04-25,10330845,1008441200,95.873201,96.827164,91.198787,91.961956,-4.865208,7198
2023-04-26,8764668,846511505,91.580371,94.442258,90.435617,93.869881,1.907925,5360
2023-04-27,5068361,497894108,93.869881,94.442258,92.248145,93.965277,0.095396,3161
2023-04-28,7848867,778499069,95.39622,96.350183,93.679088,94.060673,0.095396,4799
2023-05-02,3703008,364708501,94.442258,95.110032,93.297503,93.679088,-0.381585,2430
2023-05-03,5695517,554450519,93.965277,93.965277,92.248145,92.248145,-1.430943,3092
2023-05-04,7212909,694850139,92.057353,92.915919,90.912598,92.248145,0.0,4439
2023-05-05,7338074,720620521,92.343541,94.442258,92.343541,93.583692,1.335547,4944
2023-05-08,6429156,630901481,94.537654,95.205428,92.438937,92.725126,-0.858566,4658
2023-05-09,5815167,567783683,93.3929,94.156069,92.343541,92.820522,0.095396,3426
2023-05-10,5796655,559293605,93.679088,93.965277,91.389579,91.771164,-1.049358,4070
2023-05-11,4742083,453353662,92.343541,92.534334,90.626409,90.626409,-1.144755,3188
2023-05-12,9839804,925604986,89.290862,91.484975,87.287542,91.10339,0.476981,6543
2023-05-15,6973947,668748834,91.198787,92.343541,90.435617,92.248145,1.144755,4475
2023-05-16,7921285,758988120,92.62973,93.011315,90.626409,90.721806,-1.526339,5692
2023-05-17,14704405,1420705545,90.721806,93.965277,89.672447,93.3929,2.671094,8301
2023-05-18,29306819,2977387137,95.110032,99.68905,94.442258,98.735088,5.342188,17231
2023-05-19,52268879,5796936768,101.596975,108.27471,101.119994,108.27471,9.539622,25808
2023-05-22,37148556,4269528400,109.705653,113.044521,106.843767,108.27471,0.0,20235
2023-05-23,22121817,2467480362,109.228672,109.705653,104.458861,105.412823,-2.861887,11440
2023-05-24,15835902,1741844334,105.412823,106.843767,103.027918,106.366786,0.953963,9549
2023-05-25,41157372,4926776360,111.613578,116.86037,109.705653,116.86037,10.493584,20622
2023-05-26,32322317,4007350133,119.722256,121.630181,113.521502,115.906408,-0.953962,18624
2023-05-29,14512338,1762885848,118.768294,119.245275,113.521502,115.906408,0.0,9265
2023-05-30,18845321,2331217312,118.291313,120.199238,114.475464,119.245275,3.338867,11533
2023-05-31,14529746,1791652281,118.768294,119.722256,115.429427,116.383389,-2.861886,9010
2023-06-01,9554678,1180222804,116.86037,119.245275,115.906408,119.245275,2.861886,5761
2023-06-02,28127106,3592778414,120.199238,124.969049,118.291313,122.107162,2.861887,13773
2023-06-05,25540778,3374381369,123.061124,130.692822,120.199238,126.876973,4.769811,15575
2023-06-06,14539563,1895530344,126.876973,127.830935,122.107162,124.015086,-2.861887,8810
2023-06-07,20243045,2734732748,124.969049,131.646784,124.015086,128.307916,4.29283,13776
2023-06-08,15481125,2082577680,128.307916,130.692822,126.399992,126.876973,-1.430943,8800
2023-06-09,20155804,2794140120,128.784897,136.416595,126.876973,132.600746,5.723773,12843
2023-06-12,13818360,1878604564,133.077727,134.03169,126.876973,128.784897,-3.815849,8105
2023-06-13,13563606,1849833595,130.692822,132.600746,127.830935,129.73886,0.953963,8030
2023-06-14,7061141,955115276,129.261879,131.646784,127.353954,128.307916,-1.430944,5105
2023-06-15,24052806,3311869980,131.169803,135.462633,127.830935,131.646784,3.338868,14245
2023-06-16,16290650,2291969098,132.123765,137.370557,131.646784,133.077727,1.430943,10350
2023-06-19,13658856,1898710356,134.508671,135.462633,129.73886,133.554708,0.476981,8387
2023-06-20,28240055,4029027946,138.801501,141.186406,132.123765,135.462633,1.907925,15540
2023-06-21,8002383,1140900890,134.508671,138.324519,133.554708,135.462633,0.0,5219
2023-06-26,10147470,1409691231,133.554708,134.985652,130.692822,132.123765,-3.338868,6955
2023-06-27,9262071,1259569251,130.692822,132.600746,127.830935,128.784897,-3.338868,6308
2023-06-28,12433437,1719692136,129.73886,134.508671,129.261879,131.646784,2.861887,6993
2023-06-29,9169354,1272699305,132.600746,134.508671,130.215841,132.600746,0.953962,6316
2023-06-30,27262797,3935168180,132.123765,141.186406,132.123765,139.278482,6.677736,16824
2023-07-03,23636657,3593027410,140.709425,148.818104,139.278482,145.956217,6.677735,15759
2023-07-04,21670578,3367384119,145.956217,153.587915,143.571312,148.341123,2.384906,14662
2023-07-05,9215205,1429322016,148.341123,150.249047,145.956217,147.38716,-0.953963,6538
2023-07-06,13801917,2067647247,143.571312,145.956217,140.232444,142.140368,-5.246792,10006
2023-07-07,11859873,1765270478,141.186406,145.002255,138.324519,141.663387,-0.476981,7937
2023-07-10,12850606,1962787290,141.663387,148.341123,140.232444,147.864141,6.200754,8800
2023-07-11,24383793,3949653546,151.203009,157.880745,149.772066,155.97282,8.108679,16678
2023-07-12,19715854,3309848676,157.403763,162.173575,155.97282,162.173575,6.200755,13205
2023-07-13,24680198,4487288954,169.805272,177.913951,169.328291,171.713197,9.539622,16160
2023-07-14,17751891,3193824502,175.052064,176.483008,165.035461,173.621121,1.907924,13531
2023-07-17,9439359,1678577200,171.713197,173.621121,166.466404,168.374329,-5.246792,8240
2023-07-18,15997485,2847810890,168.85131,174.575083,164.081499,169.805272,1.430943,11961
2023-07-19,12038817,2088446564,172.190178,172.667159,162.173575,163.604518,-6.200754,9931
2023-07-20,12111487,2104349814,162.173575,169.805272,160.26565,167.420367,3.815849,8353
2023-07-21,17158618,3064237622,160.742631,176.483008,160.26565,172.667159,5.246792,12582
2023-07-24,22853169,4242623537,171.713197,184.114705,170.759234,179.821875,7.154716,17660
2023-07-25,21460581,3972357620,181.7298,185.545648,168.85131,168.85131,-10.970565,17807
2023-07-26,12400167,2184917618,169.328291,172.190178,165.512442,166.466404,-2.384906,9436
2023-07-27,17355920,3113379307,167.897348,177.43697,165.989423,167.897348,1.430944,12246
2023-07-28,7933800,1403419761,168.374329,170.759234,166.466404,170.282253,2.384905,5866
2023-07-31,16694927,2891378901,174.098102,174.575083,158.834707,161.696593,-8.58566,12208
2023-08-01,14729426,2446309833,162.173575,165.512442,155.495839,157.403763,-4.29283,8870
2023-08-02,14417855,2305535903,158.834707,159.311688,147.864141,150.249047,-7.154716,9927
2023-08-04,13895208,2196953889,151.67999,153.587915,148.818104,151.203009,0.953962,9082
2023-08-07,16675338,2774614157,151.67999,163.127537,149.772066,160.26565,9.062641,11640
2023-08-08,15129776,2577948555,161.696593,165.512442,158.357726,164.081499,3.815849,10849
2023-08-09,20879754,3707462792,162.173575,173.14414,160.26565,170.759234,6.677735,15344
2023-08-10,20550879,3464866906,168.374329,168.374329,155.97282,158.834707,-11.924527,14679
2023-08-11,24482994,4309365775,162.173575,171.236215,162.173575,170.282253,11.447546,16719
2023-08-14,15965293,2791352967,166.943386,171.713197,162.173575,165.512442,-4.769811,11490
2023-08-15,24340431,4389038785,170.759234,175.529045,167.897348,171.713197,6.200755,15936
2023-08-16,17269103,3170898094,169.328291,179.344894,168.85131,179.344894,7.631697,12927
2023-08-17,45372446,8984878023,179.344894,196.993195,176.959989,196.993195,17.648301,30511
2023-08-18,49021039,10171681509,197.947157,203.193949,189.838478,194.131308,-2.861887,34759
2023-08-21,14172823,2885376433,199.3781,200.809044,189.838478,192.223384,-1.907924,10833
2023-08-22,11275981,2300656356,197.947157,197.947157,191.746403,192.223384,0.0,8434
2023-08-23,19387426,4022442351,193.654327,202.716968,192.223384,199.3781,7.154716,13926
2023-08-24,26387423,5762532531,208.917722,215.118477,202.239987,206.532817,7.154717,19421
2023-08-25,13037332,2708773251,199.3781,202.239987,195.085271,197.470176,-9.062641,10705
2023-08-28,9697276,1969359835,198.424138,199.855082,189.838478,192.700365,-4.769811,7592
2023-08-29,9373768,1897049185,195.562252,198.424138,188.884516,191.746403,-0.953962,6858
2023-08-30,14686541,3060602764,196.993195,202.239987,194.131308,198.901119,7.154716,11055
2023-08-31,12560406,2665240125,196.516214,205.578855,196.039233,205.578855,6.677736,9797
2023-09-01,17472191,3592741111,206.532817,206.532817,190.315459,191.746403,-13.832452,14180
2023-09-04,8017781,1637575651,193.654327,197.470176,191.746403,196.516214,4.769811,6480
2023-09-05,9470331,1974829474,195.562252,201.286025,195.562252,198.424138,1.907924,7171
2023-09-06,22090559,4805853327,204.624893,212.733571,203.193949,206.532817,8.108679,16503
2023-09-07,7096079,1500261322,204.624893,206.532817,199.3781,199.855082,-6.677735,6475
2023-09-08,6153254,1277051001,198.424138,201.763006,194.131308,198.901119,-0.953963,5040
2023-09-11,10576497,2124007992,199.3781,199.3781,187.453573,189.838478,-9.062641,8510
2023-09-12,6080901,1220207629,190.792441,194.608289,187.453573,190.792441,0.953963,4655
2023-09-13,10644363,2065554496,189.838478,190.792441,182.206781,185.068667,-5.723774,8658
2023-09-14,8413763,1669253530,187.930554,192.223384,186.976592,190.315459,5.246792,6520
2023-09-15,8927488,1812766586,189.838478,196.039233,188.884516,194.131308,3.815849,6408
2023-09-18,9970321,1929821395,191.746403,191.746403,181.252819,184.114705,-10.016603,8099
2023-09-19,8469853,1621854471,186.02263,186.976592,179.821875,181.252819,-2.861886,6356
2023-09-20,7352864,1426765246,181.7298,186.976592,181.252819,184.591686,3.338867,5311
2023-09-21,7925962,1526014674,183.160743,186.976592,178.867913,186.02263,1.430944,6207
2023-09-22,8072225,1597611570,183.637724,191.746403,181.7298,191.746403,5.723773,6291
2023-09-25,23875976,5125744122,201.286025,209.871685,199.3781,201.286025,9.539622,17572
2023-09-26,12012813,2503107850,201.763006,204.147911,194.131308,194.608289,-6.677736,9609
2023-09-27,9783000,2043844841,196.039233,201.763006,195.562252,201.763006,7.154717,7569
2023-09-28,17406961,3800679634,202.239987,212.25659,202.239987,209.394704,7.631698,13953
2023-10-02,23017869,5139204997,219.411307,222.273193,205.578855,205.578855,-3.815849,16567
2023-10-03,19136929,4239526390,207.486779,216.54942,206.055836,208.917722,3.338867,13227
2023-10-04,11131894,2418473978,204.147911,211.302628,202.239987,210.825647,1.907925,7590
2023-10-05,9897800,2195300973,214.641496,214.641496,208.440741,212.25659,1.430943,7598
2023-10-06,7871712,1752766090,212.733571,216.54942,208.917722,210.825647,-1.430943,6342
2023-10-11,6843288,1509210129,213.687533,216.072439,207.009798,207.96376,-2.861887,5306
2023-10-12,7825308,1752554383,211.302628,216.54942,211.302628,213.210552,5.246792,6171
2023-10-13,8524386,1891261658,211.779609,214.641496,208.440741,212.733571,-0.476981,5779
2023-10-16,10840345,2320587934,208.440741,208.917722,199.3781,205.101874,-7.631697,7999
2023-10-17,8540986,1803659355,207.486779,207.486779,197.470176,197.947157,-7.154717,6819
2023-10-18,9184911,1851599872,195.562252,197.470176,189.361497,189.361497,-8.58566,6748
2023-10-19,7124590,1410969856,189.361497,191.269422,185.545648,188.407535,-0.953962,5003
2023-10-20,9278749,1780660502,187.453573,187.453573,179.821875,183.637724,-4.769811,7119
2023-10-23,4920623,949366667,182.683762,186.976592,180.298856,183.637724,0.0,3722
2023-10-24,6589950,1300990091,185.068667,192.223384,182.683762,192.223384,8.58566,5027
2023-10-25,4695630,945267606,193.654327,194.131308,189.838478,191.269422,-0.953962,3701
2023-10-26,7063485,1346752519,186.499611,186.976592,178.390932,178.390932,-12.87849,7053
2023-10-27,5039987,944875211,180.775837,181.252819,176.483008,177.913951,-0.476981,4207
2023-10-30,4172142,779028647,177.913951,180.298856,176.483008,176.959989,-0.953962,3338
2023-10-31,9720181,1742505797,178.867913,180.298856,165.989423,167.897348,-9.062641,7583
2023-11-01,6682602,1177019685,171.713197,171.713197,165.989423,168.85131,0.953962,4792
2023-11-02,7940213,1454726410,173.621121,177.43697,171.236215,175.529045,6.677735,5779
2023-11-03,11531685,2194664848,178.390932,184.114705,176.483008,180.298856,4.769811,7983
2023-11-06,8286035,1620589645,184.114705,188.884516,183.160743,188.407535,8.108679,4763
2023-11-07,10371459,2070061266,189.361497,194.131308,187.453573,190.792441,2.384906,6682
2023-11-08,9884813,2034445049,191.746403,199.3781,191.269422,199.3781,8.585659,7073
2023-11-09,9314642,1958270506,199.3781,205.101874,196.039233,205.101874,5.723774,6898
2023-11-10,29950599,6665917218,204.147911,220.84225,199.3781,210.348666,5.246792,21247
2023-11-13,8953271,1961827768,214.641496,216.54942,205.578855,207.009798,-3.338868,7087
2023-11-14,19092145,4410674000,212.733571,225.13508,212.733571,221.319231,14.309433,14394
2023-11-15,8947385,2065564178,223.704137,225.13508,216.54942,218.457344,-2.861887,6915
2023-11-16,11094428,2461665463,219.888288,219.888288,206.532817,210.348666,-8.108678,8613
2023-11-17,4387935,971036245,210.825647,212.25659,207.96376,211.302628,0.953962,3652
2023-11-20,3710376,827445836,212.25659,214.164515,208.917722,213.210552,1.907924,3059
2023-11-21,7948934,1798560952,219.888288,220.365269,212.25659,214.641496,1.430944,5858
2023-11-22,3217724,712623062,212.25659,213.210552,209.871685,210.825647,-3.815849,2552
2023-11-23,3680652,804845022,211.779609,212.25659,205.578855,205.578855,-5.246792,3650
2023-11-24,4830463,1050307517,207.009798,210.825647,204.147911,207.486779,1.907924,3530
2023-11-27,4207913,896931094,207.009798,207.486779,201.286025,201.763006,-5.723773,3471
2023-11-28,5196701,1125944064,200.332063,210.825647,199.855082,207.486779,5.723773,4066
2023-11-29,7596791,1704190264,207.96376,216.072439,207.96376,214.641496,7.154717,6030
2023-11-30,9210575,2110419198,214.641496,221.796212,212.733571,217.503382,2.861886,6698
2023-12-01,4318821,979493144,217.026401,220.365269,211.302628,218.934326,1.430944,3692
2023-12-04,6672533,1522444099,222.273193,224.181118,212.733571,213.687533,-5.246793,5189
2023-12-05,8653720,1857563300,211.779609,212.25659,201.286025,202.239987,-11.447546,7867
2023-12-06,6491722,1433710630,203.193949,215.118477,202.716968,213.210552,10.970565,5392
2023-12-07,8712313,1975427045,216.072439,219.888288,213.210552,214.164515,0.953963,6635
2023-12-08,16944640,4047183169,223.227156,232.289796,222.750174,227.043004,12.878489,13005
2023-12-11,12659719,2879452053,228.473948,228.950929,210.348666,210.348666,-16.694338,11376
2023-12-12,9712020,2140317133,212.733571,213.687533,207.486779,209.394704,-0.953962,6693
2023-12-13,5874439,1313692891,210.348666,216.54942,208.917722,213.210552,3.815848,4731
2023-12-14,8844156,1976430457,216.072439,220.365269,208.917722,209.871685,-3.338867,6672
2023-12-15,8486743,1832534204,210.825647,210.825647,203.67093,205.578855,-4.29283,7030
2023-12-18,2932266,631874255,205.101874,207.96376,203.193949,206.055836,0.476981,2528
2023-12-19,4891957,1044273021,206.055836,207.96376,201.286025,203.67093,-2.384906,4031
2023-12-20,5064171,1081106052,205.101874,207.486779,202.239987,203.67093,0.0,4369
2023-12-21,6585679,1380276615,200.332063,202.716968,197.470176,200.809044,-2.861886,5089
2023-12-22,4647894,1005338447,202.716968,208.440741,202.239987,207.009798,6.200754,3950
2023-12-25,4044002,870937851,209.394704,209.871685,203.193949,203.67093,-3.338868,3343
2023-12-26,4266303,910834370,204.147911,206.055836,201.286025,205.578855,1.907925,3543
2023-12-27,3791436,820111309,206.055836,208.440741,203.193949,207.009798,1.430943,2722
2023-12-28,5929010,1285519503,207.96376,211.779609,204.147911,204.624893,-2.384905,4408
2023-12-29,2887629,628867108,204.624893,209.394704,204.624893,207.96376,3.338867,2466
2024-01-02,5498701,1202000763,208.917722,210.825647,205.578855,207.96376,0.0,3967
2024-01-03,7506787,1625729303,205.101874,209.394704,200.809044,208.440741,0.476981,5260
2024-01-04,4597050,989522854,206.532817,208.440741,203.193949,203.193949,-5.246792,3637
2024-01-05,5621029,1171505847,204.147911,204.624893,196.039233,196.039233,-7.154716,5542
2024-01-08,5956051,1224294865,196.516214,200.809044,193.654327,195.085271,-0.953962,4844
2024-01-09,12332599,2451046333,193.654327,197.470176,186.499611,186.499611,-8.58566,9712
2024-01-10,6594735,1310650029,186.499611,191.746403,186.02263,190.792441,4.29283,4770
2024-01-11,5937500,1209970906,191.269422,198.424138,188.884516,196.516214,5.723773,4612
2024-01-12,5203177,1082032737,196.993195,200.332063,195.562252,198.424138,1.907924,4348
2024-01-15,6501317,1396052689,199.855082,207.486779,199.855082,206.055836,7.631698,5803
2024-01-16,5333679,1150792277,204.147911,208.440741,203.193949,204.624893,-1.430943,4280
2024-01-17,5572406,1186157598,206.055836,207.486779,198.901119,200.809044,-3.815849,4241
2024-01-18,8643026,1748078303,199.855082,200.332063,187.930554,191.269422,-9.539622,7393
2024-01-19,6375089,1301368521,194.608289,197.470176,192.700365,194.608289,3.338867,5192
2024-01-22,14512192,3170935904,203.193949,213.210552,201.286025,211.779609,17.17132,10592
2024-01-23,8115904,1793265176,211.779609,214.164515,206.055836,211.302628,-0.476981,6381
2024-01-24,5950940,1306979285,212.733571,212.733571,206.532817,206.532817,-4.769811,4275
2024-01-25,10832982,2422209007,209.394704,216.54942,208.917722,212.25659,5.723773,8331
2024-01-26,5613350,1230402893,210.348666,212.733571,206.532817,206.532817,-5.723773,3804
2024-01-29,6018216,1339140856,206.532817,214.641496,206.532817,214.164515,7.631698,4817
2024-01-30,21484715,5009796012,213.210552,229.42791,213.210552,223.227156,9.062641,15703
2024-01-31,10551612,2456831674,221.796212,227.043004,218.457344,218.457344,-4.769812,8603
2024-02-01,4359544,1004544458,218.457344,221.796212,216.072439,220.84225,2.384906,3757
2024-02-02,15669344,3771139385,228.473948,234.674702,224.181118,229.904891,9.062641,11761
2024-02-05,16298411,4036208497,232.766778,242.783381,228.950929,237.059607,7.154716,12701
2024-02-15,16717195,4548413842,255.66187,260.431681,253.276965,260.431681,23.372074,6021
2024-02-16,20146421,5489628059,263.293568,265.201492,249.938097,262.339606,1.907925,14805
2024-02-19,15461189,4180105925,260.431681,270.925266,248.507154,252.799984,-9.539622,12725
2024-02-20,11834908,3060636368,251.846022,252.799984,241.352437,249.461116,-3.338868,9734
2024-02-21,7007443,1819429929,244.691305,252.323003,243.260362,247.553192,-1.907924,5921
2024-02-22,13811578,3573399282,257.569795,257.569795,240.398475,243.737343,-3.815849,11273
2024-02-23,15501620,4084130261,248.984135,255.184889,246.122248,249.938097,6.200754,11598
2024-02-26,5741940,1498585449,249.938097,253.276965,246.122248,249.461116,-0.476981,4887
2024-02-27,8852202,2240900827,250.415078,251.846022,235.628664,240.875456,-8.58566,7600
2024-02-29,5996206,1526044992,240.875456,246.599229,238.01357,245.168286,4.29283,4422
2024-03-01,7111166,1872759837,248.984135,254.707908,248.030173,249.461116,4.29283,6072
2024-03-04,7399053,1936856886,253.753946,255.184889,246.599229,247.076211,-2.384905,5429
2024-03-05,6521164,1717078479,248.030173,254.707908,245.168286,253.276965,6.200754,5645
2024-03-06,8916182,2398958444,250.892059,261.862625,248.507154,261.862625,8.58566,7648
2024-03-07,20128317,5281514867,264.724511,267.109417,239.921494,240.875456,-20.987169,19167
2024-03-08,9525753,2390261967,242.3064,246.599229,232.766778,238.01357,-2.861886,8836
2024-03-11,5728922,1434429323,238.01357,244.214324,236.105645,236.582626,-1.430944,4984
2024-03-12,10101828,2450608330,234.674702,236.105645,227.996967,231.335834,-5.246792,9431
2024-03-13,14080675,3288924503,233.72074,234.197721,217.980363,218.457344,-12.87849,11972
2024-03-14,12182991,2717101567,220.84225,221.319231,209.871685,210.348666,-8.108678,10380
2024-03-15,14410298,3333546855,212.733571,227.043004,212.25659,221.796212,11.447546,11137
2024-03-18,8643873,2043268105,227.996967,229.904891,220.365269,227.043004,5.246792,7162
2024-03-19,9989417,2330169152,227.519985,229.42791,216.072439,218.934326,-8.108678,10044
2024-03-20,5733145,1325198059,221.319231,223.227156,218.457344,218.934326,0.0,4756
2024-03-21,6584963,1546386695,223.227156,226.566023,219.888288,222.750174,3.815848,5596
2024-03-22,14924651,3654485069,227.043004,238.490551,225.612061,236.105645,13.355471,12715
2024-03-25,7667678,1919469512,238.490551,241.829418,236.105645,236.105645,0.0,6358
2024-03-26,6005305,1481462536,238.01357,241.352437,229.42791,230.858853,-5.246792,5326
2024-03-27,14127989,3554087860,236.582626,245.645267,232.766778,239.444513,8.58566,11336
2024-03-28,7986815,1965352751,234.674702,238.490551,230.858853,233.243759,-6.200754,6376
2024-03-29,6770969,1681165288,233.243759,240.398475,231.335834,234.197721,0.953962,5004
2024-04-01,3800369,937049976,234.197721,237.536589,233.243759,233.72074,-0.476981,3401
2024-04-02,9661059,2292382981,234.197721,236.105645,222.273193,223.227156,-10.493584,9602
2024-04-03,7064139,1683383768,223.227156,229.904891,222.273193,229.904891,6.677735,6088
2024-04-08,8094228,1986788603,229.904891,239.444513,228.950929,231.335834,1.430943,6367
2024-04-09,5995468,1426310027,231.335834,231.335834,223.227156,226.089042,-5.246792,5670
2024-04-10,6425944,1510499324,227.043004,229.904891,219.888288,219.888288,-6.200754,5753
2024-04-11,4923132,1131486600,219.888288,222.273193,217.503382,218.934326,-0.953962,4507
2024-04-12,4135733,950190635,219.411307,221.796212,217.026401,218.934326,0.0,4115
2024-04-15,13931619,3009468264,217.026401,217.026401,201.286025,202.716968,-16.217358,12953
2024-04-16,12981649,2636631053,200.809044,201.286025,190.792441,192.223384,-10.493584,11379
2024-04-17,7778420,1571133637,196.993195,197.470176,190.792441,192.223384,0.0,7691
2024-04-18,6926532,1414610409,191.746403,198.901119,190.792441,195.562252,3.338868,6111
2024-04-19,7881603,1555459522,192.700365,195.562252,181.7298,186.976592,-8.58566,7934
2024-04-22,14710373,2735724530,187.453573,187.930554,173.14414,173.621121,-13.355471,11467
2024-04-23,10902414,2019980211,177.43697,179.821875,173.621121,179.344894,5.723773,7690
2024-04-24,8844493,1734158255,184.114705,190.315459,184.114705,187.453573,8.108679,7160
2024-04-25,7905490,1505933986,185.068667,186.976592,177.43697,178.390932,-9.062641,6751
2024-04-26,5880395,1138077714,182.206781,187.930554,182.206781,183.637724,5.246792,4812
2024-04-29,5885847,1160437128,187.453573,190.315459,185.545648,188.884516,5.246792,4542
2024-04-30,5683160,1130136623,189.838478,194.131308,186.976592,187.930554,-0.953962,5174
2024-05-02,3801233,743844837,185.068667,188.884516,183.160743,187.453573,-0.476981,3443
2024-05-03,5394046,1048103886,190.315459,190.315459,183.160743,183.160743,-4.29283,4894
2024-05-06,6407646,1228545859,187.453573,187.453573,180.775837,181.7298,-1.430943,4534
2024-05-07,3611084,688807071,182.206781,184.114705,179.344894,183.160743,1.430943,2712
2024-05-08,6050228,1179055960,185.068667,187.453573,183.160743,187.453573,4.29283,3844
2024-05-09,10046880,1994782123,186.976592,192.223384,186.02263,189.361497,1.907924,6323
2024-05-10,13048091,2514962840,192.700365,193.654327,179.821875,184.114705,-5.246792,9648
2024-05-13,5727415,1075021848,180.775837,182.206781,177.43697,178.867913,-5.246792,5529
2024-05-14,4783741,912335489,179.344894,185.545648,179.344894,181.7298,2.861887,3947
2024-05-15,10352618,2020616242,184.591686,190.792441,180.298856,186.499611,4.769811,7871
2024-05-16,22369364,4658012654,196.993195,205.101874,191.746403,194.131308,7.631697,15344
2024-05-17,7933341,1633759794,194.131308,198.424138,192.700365,196.993195,2.861887,6655
2024-05-20,5262770,1087916681,199.3781,199.3781,195.085271,196.993195,0.0,4205
2024-05-21,3568781,730986605,199.3781,199.3781,193.177346,194.131308,-2.861887,3652
2024-05-22,3684012,751866852,196.516214,196.516214,192.223384,196.039233,1.907925,3598
2024-05-23,7732654,1562032197,198.424138,199.3781,189.838478,192.223384,-3.815849,6658
2024-05-24,7741288,1565350676,192.700365,194.608289,189.838478,193.654327,1.430943,5714
2024-05-27,6041550,1236204400,195.562252,197.470176,192.700365,194.131308,0.476981,5123
2024-05-28,7055145,1438738949,195.085271,197.947157,192.700365,193.177346,-0.953962,5998
2024-05-29,5707044,1151285619,194.131308,194.131308,190.792441,191.746403,-1.430943,5170
2024-05-30,5818540,1188862620,190.792441,197.470176,189.838478,194.608289,2.861886,4992
2024-05-31,5759529,1163603834,196.993195,196.993195,189.838478,189.838478,-4.769811,5437
2024-06-03,3975594,807524888,192.700365,196.993195,191.746403,192.700365,2.861887,3341
2024-06-04,5132297,1029884137,193.654327,195.085271,188.884516,188.884516,-3.815849,4894
2024-06-05,4332042,849292468,190.315459,191.269422,185.068667,186.499611,-2.384905,4735
2024-06-06,2827001,558570128,188.407535,191.269422,186.499611,187.453573,0.953962,2875
2024-06-07,4786914,923408648,187.930554,188.407535,181.7298,183.160743,-4.29283,5448
2024-06-11,4734055,901012247,185.545648,186.02263,178.867913,178.867913,-4.29283,5408
2024-06-12,7086746,1362901981,180.775837,185.545648,180.298856,185.545648,6.677735,4776
2024-06-13,11304274,2149096814,186.976592,186.976592,179.344894,179.821875,-5.723773,11644
2024-06-14,7033134,1341247707,180.775837,183.637724,179.821875,183.160743,3.338868,5188
2024-06-17,4971404,948813636,184.114705,185.068667,179.821875,180.298856,-2.861887,6520
2024-06-18,5456472,1041727051,182.206781,186.02263,179.821875,182.206781,1.907925,5493
2024-06-19,5089138,966732862,183.637724,184.114705,179.821875,180.775837,-1.430944,5502
2024-06-20,7385828,1430371673,182.206781,186.499611,182.206781,186.499611,5.723774,6912
2024-06-21,11034188,2186147911,187.453573,193.177346,183.160743,190.792441,4.29283,9573
2024-06-24,18068735,3729288176,191.746403,200.809044,190.792441,195.085271,4.29283,16810
2024-06-25,7469755,1494950196,194.131308,194.608289,188.407535,190.792441,-4.29283,7167
2024-06-26,5561556,1118875715,192.700365,194.608289,189.838478,191.746403,0.953962,4846
2024-06-27,7426925,1446433028,189.804667,191.260969,187.377497,187.377497,-4.368906,7774
2024-06-28,15067147,3068464779,189.804667,200.969647,189.804667,200.969647,13.59215,12755
2024-07-01,11293419,2324439170,203.882251,204.367685,197.086176,197.57161,-3.398037,10436
2024-07-02,20569900,4385150869,198.542478,213.105496,197.57161,207.280289,9.708679,17285
2024-07-03,13573284,2922966838,208.251156,211.649194,207.280289,208.73659,1.456301,10756
2024-07-04,7807914,1694364852,212.620062,212.620062,208.251156,210.678326,1.941736,6822
2024-07-05,21601684,4915299900,211.649194,226.212212,211.16376,222.32874,11.650414,17825
2024-07-08,10952850,2494857679,223.299608,224.270476,216.503533,220.872439,-1.456301,10864
2024-07-09,12890434,2858641897,220.387005,222.814174,208.73659,217.474401,-3.398038,11799
2024-07-10,5297179,1174864860,218.445269,218.930703,213.105496,213.59093,-3.883471,5417
2024-07-11,7741523,1719376942,216.018099,219.416137,212.134628,213.59093,0.0,6582
2024-07-12,7346060,1600443447,211.649194,215.532665,208.73659,208.73659,-4.85434,6066
2024-07-15,9888738,2201182515,208.73659,218.930703,207.765723,216.988967,8.252377,8349
2024-07-16,11342690,2564752135,219.901571,224.270476,215.532665,216.988967,0.0,9703
2024-07-17,5132031,1153255166,217.959835,220.872439,213.59093,217.474401,0.485434,4554
2024-07-18,7210501,1551228166,212.620062,213.59093,205.823987,208.73659,-8.737811,7071
2024-07-19,6722707,1403913874,206.794855,207.765723,199.027912,199.513346,-9.223244,6733
2024-07-22,5188587,1039079679,199.99878,199.99878,190.290101,194.173572,-5.339774,4764
2024-07-23,6341500,1335123839,199.027912,207.765723,198.542478,205.823987,11.650415,5685
2024-07-26,5315940,1105182104,198.057044,205.823987,196.600742,203.882251,-1.941736,6416
2024-07-29,4846450,1014751874,206.794855,210.192892,198.057044,198.057044,-5.825207,4534
2024-07-30,5930609,1247396160,198.542478,208.73659,195.629874,208.73659,10.679546,5593
2024-07-31,9328148,2052352570,205.823987,216.503533,205.823987,213.105496,4.368906,8385
2024-08-01,14706810,3360816724,219.416137,225.726778,216.503533,221.357873,8.252377,11653
2024-08-02,13469468,2868404951,209.222024,214.076364,199.513346,201.455081,-19.902792,11474
2024-08-05,6652907,1260755010,191.746403,191.746403,181.55229,181.55229,-19.902791,7022
2024-08-06,10591125,1966394810,187.862931,188.348365,166.503838,183.008592,1.456302,8557
2024-08-07,9884282,2012428698,188.348365,200.969647,185.921196,200.969647,17.961055,5777
2024-08-08,15381991,3258550937,200.484214,211.16376,199.513346,202.911383,1.941736,11872
2024-08-09,12810833,2738655856,215.532665,216.503533,201.455081,201.940515,-0.970868,10030
2024-08-12,6672748,1394537497,203.396817,206.794855,200.969647,200.969647,-0.970868,5258
2024-08-13,6047373,1262130698,203.882251,206.794855,200.484214,201.455081,0.485434,4389
2024-08-14,5748048,1188748227,204.367685,204.853119,197.57161,200.484214,-0.970867,5019
2024-08-15,3170853,656652918,200.969647,203.396817,199.027912,200.484214,0.0,2834
2024-08-16,10438054,2235975869,204.853119,213.59093,202.911383,210.678326,10.194112,8515
2024-08-19,10555322,2318799627,211.16376,215.047231,209.707458,214.561798,3.883472,7653
2024-08-20,7610559,1653102424,216.018099,216.988967,207.280289,207.280289,-7.281509,6820
2024-08-21,3435138,731198186,206.794855,208.251156,205.338553,207.280289,0.0,3281
2024-08-22,3085915,654735512,208.251156,209.222024,203.882251,205.338553,-1.941736,2796
2024-08-23,2959293,630085982,203.396817,210.678326,202.911383,209.707458,4.368905,2852
2024-08-26,4478152,957889003,210.678326,211.649194,203.882251,203.882251,-5.825207,4393
2024-08-27,2562813,537856386,202.425949,205.823987,202.425949,204.853119,0.970868,2645
2024-08-28,3787018,790193750,205.823987,205.823987,200.969647,202.911383,-1.941736,3857
2024-08-29,3266494,689594172,199.99878,207.765723,199.027912,207.280289,4.368906,3040
2024-08-30,2093569,444325850,208.251156,208.73659,204.367685,204.853119,-2.42717,2098
2024-09-02,4220213,897184992,207.280289,209.707458,202.911383,202.911383,-1.941736,3728
2024-09-03,15209543,3329456998,203.396817,215.532665,203.396817,213.59093,10.679547,12105
2024-09-04,11210098,2379617219,203.882251,211.649194,197.57161,204.367685,-9.223245,9430
2024-09-05,8234798,1723164838,207.765723,209.222024,197.57161,199.99878,-4.368905,7222
2024-09-06,5345045,1096143760,200.484214,202.911383,196.600742,198.542478,-1.456302,5034
2024-09-09,4649233,940897874,194.173572,199.513346,193.202705,197.57161,-0.970868,4226
2024-09-10,7864132,1562476882,199.99878,200.969647,186.40663,190.775535,-6.796075,7684
2024-09-11,2411564,477617414,191.746403,193.688139,190.290101,192.717271,1.941736,2115
2024-09-12,4008583,822489185,197.57161,201.455081,197.086176,199.027912,6.310641,3530
2024-09-13,3528098,713747438,200.969647,201.455081,194.173572,196.600742,-2.42717,3336
2024-09-16,2566900,525899314,197.57161,200.484214,197.086176,199.513346,2.912604,2330
2024-09-18,3017467,605407475,198.057044,199.513346,192.717271,193.202705,-6.310641,3508
2024-09-19,2504078,508909507,193.202705,199.513346,193.202705,199.027912,5.825207,2541
2024-09-20,4451403,912468133,201.455081,202.911383,197.086176,197.57161,-1.456302,3464
2024-09-23,2816092,571504212,198.542478,199.513346,195.629874,196.115308,-1.456302,2638
2024-09-24,2501052,499793096,197.086176,197.086176,192.231837,195.14444,-0.970868,2865
2024-09-25,4137165,854165833,197.57161,202.911383,197.086176,200.969647,5.825207,3779
2024-09-26,2637000,538755476,199.99878,201.940515,196.115308,197.086176,-3.883471,2779
2024-09-27,4050185,831955025,199.99878,201.940515,197.086176,198.057044,0.970868,2977
2024-09-30,3126435,623503936,196.600742,197.086176,191.260969,192.231837,-5.825207,3379
2024-10-01,3374185,666809563,194.659006,195.629874,190.775535,191.260969,-0.970868,3124
2024-10-04,8108725,1541351735,190.290101,190.775535,182.037724,182.037724,-9.223245,8247
2024-10-07,2875799,554561826,184.950328,189.319233,184.464894,187.862931,5.825207,2853
2024-10-08,4513117,852455744,183.97946,186.40663,182.037724,184.464894,-3.398037,4257
2024-10-09,6081485,1143131988,184.950328,185.921196,179.610555,179.610555,-4.854339,6349
2024-10-11,4367659,817371864,179.610555,185.435762,179.610555,181.55229,1.941735,4187
2024-10-14,3918704,736524032,181.066856,184.950328,179.610555,184.950328,3.398038,3145
2024-10-15,4314350,814839959,186.40663,186.892063,181.55229,183.008592,-1.941736,4422
2024-10-16,2556328,479836005,181.066856,183.97946,180.095988,183.97946,0.970868,2380
2024-10-17,3563572,681447536,184.464894,187.377497,183.494026,187.377497,3.398037,3315
2024-10-18,3906445,752522993,190.290101,190.775535,183.494026,185.921196,-1.456301,3256
2024-10-21,7094464,1396063593,186.892063,193.688139,186.892063,192.231837,6.310641,5684
2024-10-22,6021626,1212431382,195.14444,197.086176,192.231837,197.086176,4.854339,4819
2024-10-23,2911228,585443550,198.057044,198.057044,193.688139,194.659006,-2.42717,2827
2024-10-24,2229890,442331658,195.14444,195.14444,190.775535,192.231837,-2.427169,2273
2024-10-25,2519250,497654824,193.202705,194.173572,189.804667,192.231837,0.0,2250
2024-10-28,3291930,646672353,191.746403,195.629874,188.833799,189.319233,-2.912604,2882
2024-10-29,2456902,474517421,189.319233,189.804667,184.950328,188.348365,-0.970868,2322
2024-10-30,3446479,654691357,188.348365,189.319233,182.523158,183.008592,-5.339773,3721
2024-11-01,4379884,815699694,179.610555,183.008592,177.668819,182.523158,-0.485434,5192
2024-11-04,2281975,430929427,182.523158,184.950328,180.581422,183.494026,0.970868,1904
2024-11-05,1685940,319437759,183.494026,185.921196,181.55229,184.464894,0.970868,1481
2024-11-06,4354427,824431466,184.464894,187.377497,182.037724,183.008592,-1.456302,3852
2024-11-07,4165721,784478912,183.008592,183.97946,181.55229,183.008592,0.0,3598
2024-11-08,11968389,2192378582,183.97946,184.464894,175.727083,176.212517,-6.796075,11739
2024-11-11,5455689,980453808,176.697951,178.154253,172.329046,174.756215,-1.456302,5144
2024-11-12,8333257,1450819514,171.358178,172.814479,167.474706,167.474706,-7.281509,7824
2024-11-13,6391900,1116339591,166.989272,173.785347,166.018404,172.329046,4.85434,5720
2024-11-14,6944584,1232689913,170.872744,175.241649,167.96014,174.756215,2.427169,5823
2024-11-15,8744397,1604678797,176.212517,181.066856,175.241649,176.697951,1.941736,6133
2024-11-18,3510056,625337011,176.212517,178.154253,170.872744,171.358178,-5.339773,3448
2024-11-19,1981392,350577660,171.358178,172.814479,170.38731,172.329046,0.970868,1771
2024-11-20,2573958,454019258,173.785347,173.785347,169.416442,170.38731,-1.941736,2274
2024-11-21,10251858,1908607125,169.901876,186.40663,169.901876,183.008592,12.621282,8630
2024-11-22,13446388,2613426510,186.892063,193.202705,185.435762,185.435762,2.42717,10798
2024-11-25,5795085,1123108345,186.892063,190.775535,185.921196,187.377497,1.941735,7559
2024-11-26,5632876,1085173461,186.892063,190.775535,184.464894,185.435762,-1.941735,6271
2024-11-27,2820261,531111650,184.950328,186.892063,181.066856,181.066856,-4.368906,2740
2024-11-28,3582657,657575029,180.581422,181.55229,175.241649,178.154253,-2.912603,3172
2024-11-29,2463540,455176983,176.697951,181.55229,175.241649,180.095988,1.941735,2120
2024-12-02,4255597,810840519,181.55229,187.377497,179.610555,185.921196,5.825208,3485
2024-12-03,4673292,899836016,189.319233,190.775535,184.464894,186.40663,0.485434,3883
2024-12-04,5881431,1153805661,186.40663,192.717271,184.950328,191.260969,4.854339,4875
2024-12-05,8518378,1705603550,195.14444,199.99878,190.290101,191.260969,0.0,6591
2024-12-06,3506140,688654750,191.260969,194.173572,187.862931,188.833799,-2.42717,3430
2024-12-09,9735015,1963761310,191.260969,198.542478,191.260969,198.057044,9.223245,8163
2024-12-10,3911700,789946622,197.086176,197.57161,193.202705,197.086176,-0.970868,3302
2024-12-11,23085916,4929160635,194.659006,213.105496,194.659006,211.649194,14.563018,18326
2024-12-12,34558276,7795612544,217.959835,224.270476,212.134628,214.076364,2.42717,25811
2024-12-13,31375990,7138327640,217.959835,225.241344,216.018099,225.241344,11.16498,21487
2024-12-16,47110820,11406498431,229.124816,243.2024,226.697646,233.493721,8.252377,34499
2024-12-17,25335092,5970942242,233.493721,234.950023,223.785042,227.18308,-6.310641,17844
2024-12-18,15732304,3667333038,226.212212,231.551985,219.416137,229.610249,2.427169,11194
2024-12-19,14501014,3323793237,220.387005,226.212212,218.445269,223.785042,-5.825207,10448
2024-12-20,13017715,3046076984,224.270476,233.008287,221.357873,223.785042,0.0,10079
2024-12-23,9812242,2260877255,226.697646,227.18308,220.387005,224.270476,0.485434,6868
2024-12-24,8999663,2064752017,228.639382,230.095683,218.445269,218.930703,-5.339773,7741
2024-12-25,11491402,2660440781,220.872439,228.153948,220.387005,226.697646,7.766943,8171
2024-12-26,11454371,2701418267,229.124816,231.066551,225.241344,228.639382,1.941736,9134
2024-12-27,19820596,4830998954,228.639382,240.77523,228.153948,237.377192,8.73781,16818
2024-12-30,13104693,3186728269,237.377192,242.231532,230.581117,233.493721,-3.883471,10305
2024-12-31,4850304,1164392537,231.551985,235.435457,230.095683,234.464589,0.970868,4139
2025-01-02,9779255,2338603569,234.950023,236.406324,228.153948,231.066551,-3.398038,7772
2025-01-03,5778824,1374015525,233.008287,233.493721,229.124816,230.095683,-0.970868,4530
2025-01-06,9229501,2172739452,234.950023,234.950023,224.75591,229.124816,-0.970867,7390
2025-01-07,4490753,1056736425,230.581117,231.066551,226.212212,228.153948,-0.970868,4061
2025-01-08,4336557,1022985447,228.153948,233.008287,226.212212,226.697646,-1.456302,3678
2025-01-09,16426012,3900948089,228.153948,237.862626,224.75591,224.75591,-1.941736,11798
2025-01-10,15821191,3589283696,221.357873,225.726778,216.018099,219.416137,-5.339773,11185
2025-01-13,20656491,4220552344,199.99878,203.396817,197.57161,197.57161,-21.844527,11724
2025-01-14,16686269,3430606620,197.57161,204.367685,192.717271,202.425949,4.854339,11569
2025-01-15,10227653,2103845270,200.969647,204.853119,195.14444,198.057044,-4.368905,7882
2025-01-16,6793846,1405488901,203.396817,205.338553,198.057044,198.542478,0.485434,5434
2025-01-17,11997353,2510714540,200.969647,207.280289,196.600742,205.823987,7.281509,8605
2025-01-20,6873750,1486004461,204.367685,213.59093,203.882251,213.59093,7.766943,5413
2025-01-21,5970502,1306972911,213.59093,215.532665,210.678326,212.620062,-0.970868,4660
2025-01-22,7452882,1653960286,215.532665,217.959835,211.16376,216.503533,3.883471,6048
2025-02-03,9360675,1996369672,198.057044,215.047231,198.057044,207.765723,-8.73781,6736
2025-02-04,5762420,1248557959,209.707458,214.561798,205.823987,209.707458,1.941735,4162
2025-02-05,5843066,1281919360,212.620062,216.503533,210.678326,211.649194,1.941736,4378
2025-02-06,3505793,772573928,215.047231,217.474401,211.649194,212.134628,0.485434,2919
2025-02-07,9774800,2214363981,214.561798,222.814174,214.561798,221.357873,9.223245,7678
2025-02-10,3968470,889300258,219.416137,220.872439,215.532665,215.532665,-5.825208,5288
2025-02-11,5049793,1123841662,217.474401,220.387005,213.59093,214.076364,-1.456301,3840
2025-02-12,3545981,783805248,215.532665,218.445269,212.134628,214.076364,0.0,2647
2025-02-13,4172595,944586566,216.503533,222.32874,215.047231,219.901571,5.825207,3836
2025-02-14,3440270,778496036,221.357873,221.843307,217.959835,219.416137,-0.485434,2778
2025-02-17,5672604,1291834782,222.32874,226.212212,216.988967,218.445269,-0.970868,4800
2025-02-18,14619726,3462513215,226.212212,233.979155,224.75591,229.610249,11.16498,11161
2025-02-19,10646462,2561231825,228.639382,236.891758,228.639382,233.493721,3.883472,9179
2025-02-20,6890927,1608173834,233.008287,233.493721,223.299608,225.241344,-8.252377,6526
2025-02-21,3538684,826867284,224.270476,228.639382,222.32874,228.153948,2.912604,3382
2025-02-24,7791754,1752885441,224.270476,225.241344,216.503533,216.988967,-11.164981,7437
2025-02-25,6843975,1494125924,213.105496,216.503533,209.707458,210.192892,-6.796075,6739
2025-02-26,6016974,1321939672,209.222024,216.503533,208.73659,215.532665,5.339773,4851
2025-02-27,4013673,891894125,216.018099,218.930703,214.076364,215.532665,0.0,3178
2025-03-03,3663117,798941120,211.16376,214.561798,209.707458,210.678326,-4.854339,3211
2025-03-04,3459130,754437368,208.73659,216.503533,204.853119,216.018099,5.339773,3204
2025-03-05,3083954,688465935,214.561798,218.930703,214.561798,217.474401,1.456302,2346
2025-03-06,9259545,2127351129,219.416137,226.212212,218.930703,221.357873,3.883472,7386
2025-03-07,6184497,1415821274,220.387005,225.726778,218.930703,221.357873,0.0,3919
2025-03-10,7262562,1641321525,224.270476,226.212212,213.59093,213.59093,-7.766943,6265
2025-03-11,9232091,1933667871,205.823987,208.73659,199.027912,202.911383,-10.679547,8046
2025-03-12,12551268,2755305871,209.707458,219.901571,208.251156,210.678326,7.766943,9542
2025-03-13,4633541,1015555971,211.649194,216.018099,210.192892,210.678326,0.0,4009
2025-03-14,8045436,1764182997,218.445269,218.930703,208.251156,210.192892,-0.485434,6126
2025-03-17,4110800,905676754,214.076364,215.047231,212.134628,214.561798,4.368906,3104
2025-03-18,8726429,1969295019,216.503533,223.785042,215.532665,216.503533,1.941735,6116
2025-03-19,6084145,1333270077,217.959835,218.445269,209.707458,209.707458,-6.796075,4465
2025-03-20,3983941,870519955,213.105496,214.561798,210.192892,213.105496,3.398038,3131
2025-03-21,3295985,727252130,213.105496,216.018099,211.649194,216.018099,2.912603,2442
2025-03-24,4675749,1024834189,218.445269,221.357873,207.765723,207.765723,-8.252376,4141
2025-03-25,2469099,537049790,211.649194,213.59093,208.73659,210.192892,2.427169,2018
2025-03-26,1643782,360269533,211.649194,214.076364,211.16376,212.620062,2.42717,1424
2025-03-27,2129199,461284732,209.707458,212.620062,207.765723,211.649194,-0.970868,1618
2025-03-28,7051353,1490990132,209.707458,211.16376,200.969647,205.338553,-6.310641,5199
2025-03-31,6548713,1319188449,196.600742,200.969647,190.775535,195.14444,-10.194113,4985
2025-04-01,10236963,2008643479,199.513346,199.513346,185.921196,193.202705,-1.941735,8265
2025-04-02,5463727,1071301850,192.231837,195.14444,187.377497,189.319233,-3.883472,4180
2025-04-07,228094,40030401,170.38731,170.38731,170.38731,170.38731,-18.931923,668
2025-04-08,1089069,172074933,153.397122,153.397122,153.397122,153.397122,-16.990188,1461
2025-04-09,8507963,1215979987,138.34867,141.746708,138.34867,138.34867,-15.048452,4623
2025-04-10,2304465,360648750,151.94082,151.94082,151.94082,151.94082,13.59215,626
2025-04-11,18051072,2915553197,148.542783,166.989272,143.688444,166.018404,14.077584,11928
2025-04-14,11737668,2108158632,172.814479,179.610555,169.416442,175.241649,9.223245,8977
2025-04-15,9233060,1719430904,174.756215,186.40663,171.358178,186.40663,11.164981,8313
2025-04-16,7500355,1391271539,180.581422,183.008592,177.668819,177.668819,-8.737811,6015
2025-04-17,4688043,858870459,176.697951,180.581422,175.241649,178.154253,0.485434,3892
2025-04-18,5384507,994494105,176.697951,182.037724,175.727083,179.125121,0.970868,3936
2025-04-21,4607326,854699654,179.125121,182.037724,177.183385,179.610555,0.485434,3120
2025-04-22,6423860,1168183095,174.270781,181.066856,171.843612,172.814479,-6.796076,5120
2025-04-23,6755532,1287361540,178.639687,189.319233,178.639687,187.862931,15.048452,5749
2025-04-24,6865695,1316051218,187.377497,189.319233,183.97946,183.97946,-3.883471,5103
2025-04-25,10447274,2062345618,190.775535,196.600742,187.377497,189.319233,5.339773,8199
2025-04-28,5826146,1135118577,192.717271,194.173572,186.40663,186.892063,-2.42717,4600
2025-04-29,5719682,1128433787,187.377497,193.688139,186.892063,192.717271,5.825208,4474
2025-04-30,4417980,853181669,191.746403,192.231837,184.950328,185.921196,-6.796075,4109
2025-05-02,11415036,2324840963,189.804667,203.882251,189.319233,203.396817,17.475621,11325
2025-05-05,12013303,2535193421,202.425949,210.192892,198.057044,209.707458,6.310641,10985
2025-05-06,10825444,2355243179,202.425949,217.959835,202.425949,214.561798,4.85434,8859
2025-05-07,7511539,1628026738,212.620062,216.018099,207.765723,208.251156,-6.310642,6168
2025-05-08,9069329,2008425729,210.192892,217.474401,210.192892,217.474401,9.223245,7253
2025-05-09,7611361,1713175943,218.445269,220.387005,215.532665,219.416137,1.941736,5647
2025-05-12,16299557,3757667340,228.153948,233.008287,218.445269,223.299608,3.883471,11008
2025-05-13,13366105,3027926640,229.610249,229.610249,215.532665,217.474401,-5.825207,10204
2025-05-14,9569547,2148756527,219.901571,220.387005,215.532665,219.416137,1.941736,5801
2025-05-15,10149662,2324267938,219.416137,225.726778,217.959835,222.814174,3.398037,6296
2025-05-16,4434315,1008700786,223.299608,224.75591,218.930703,218.930703,-3.883471,3564
2025-05-19,4927238,1099430396,215.532665,219.901571,213.59093,214.076364,-4.854339,3856
2025-05-20,3974260,881577523,217.474401,218.445269,213.105496,215.532665,1.456301,3432
2025-05-21,25266033,6017472911,218.930703,236.891758,218.445269,236.891758,21.359093,20648
2025-05-22,36426960,9069422416,236.891758,248.056739,235.920891,242.716966,5.825208,26642
2025-05-23,13465177,3301420789,241.260664,244.173267,234.464589,236.406324,-6.310642,10058
2025-05-26,16818279,4126561474,234.464589,243.2024,234.464589,235.920891,-0.485433,11541
2025-05-27,12043183,2947599382,233.979155,242.231532,233.979155,236.406324,0.485433,9001
2025-05-28,15341379,3775809426,241.260664,242.716966,235.435457,239.318928,2.912604,11238
2025-05-29,29753986,7591818276,242.716966,254.852814,238.833494,252.425644,13.106716,23108
2025-06-02,15918835,4098401184,249.027607,255.338248,246.115003,247.571305,-4.854339,12294
2025-06-03,23933500,6307378866,251.454776,260.678021,249.998475,260.678021,13.106716,18857
2025-06-04,17428848,4696019774,264.076059,266.988662,257.279984,260.192587,-0.485434,13959
2025-06-05,14648244,4026460070,262.619757,270.872134,260.192587,270.872134,10.679547,12690
2025-06-06,12510020,3400505140,267.95953,268.930398,260.678021,262.619757,-8.252377,10232
2025-06-09,14979575,4129203638,264.076059,272.813869,262.134323,270.3867,7.766943,12047
2025-06-10,12356910,3463613181,269.415832,277.182775,268.930398,273.299303,2.912603,11063
2025-06-11,10621429,3013045403,275.241039,281.55168,271.357568,274.270171,0.970868,9348
2025-06-12,7648866,2137874276,274.270171,276.697341,267.474096,270.3867,-3.883471,7274
2025-06-13,10426046,2882697424,268.444964,272.328435,265.046926,269.901266,-0.485434,7172
2025-06-16,5414420,1504743081,267.95953,272.328435,265.53236,271.357568,1.456302,4476
2025-06-17,13015921,3556611571,272.813869,275.726473,259.221719,261.163455,-10.194113,11336
2025-06-18,13653320,3618450579,260.678021,264.076059,252.425644,255.823682,-5.339773,11820
2025-06-19,9425114,2514498592,255.823682,265.046926,254.36738,256.309116,0.485434,9051
2025-06-20,7424003,1955697730,259.707153,259.707153,249.998475,258.736285,2.427169,5591
2025-06-23,6637177,1787885783,254.36738,265.046926,254.36738,261.648889,2.912604,6179
2025-06-24,9903457,2704761009,268.103226,275.550538,266.613763,272.075125,10.426236,7970
2025-06-25,7485239,2048058503,275.550538,276.543513,268.103226,270.089176,-1.985949,6103
2025-06-26,5467117,1478877244,272.571613,275.05405,265.124301,267.606738,-2.482438,5077
2025-06-27,6735165,1849461957,268.599713,275.05405,267.110251,274.061075,6.454337,6407
2025-06-30,26899628,7923331994,274.061075,301.367885,273.0681,292.927599,18.866524,23590
2025-07-01,12850352,3790092911,293.920573,298.388961,288.955699,292.431111,-0.496488,11443
2025-07-02,8977890,2613640730,289.948674,296.403011,284.983799,288.459211,-3.9719,8794
2025-07-03,7580902,2200865094,291.438136,291.438136,284.983799,287.962724,-0.496487,6222
2025-07-04,19594679,5858605956,289.948674,303.353835,289.452186,298.388961,10.426237,17333
2025-07-07,8693519,2594078350,297.395986,300.871398,291.934624,295.906523,-2.482438,7632
2025-07-08,24115431,7546801129,295.410036,317.255484,294.913548,313.283584,17.377061,21660
2025-07-09,19154002,6135398850,312.787097,321.227384,312.787097,320.730896,7.447312,16040
2025-07-10,13881309,4409960431,315.766022,322.220358,311.297634,311.794122,-8.936774,12943
2025-07-11,11320519,3485655308,313.283584,313.283584,299.878423,308.31871,-3.475412,11033
2025-07-14,12679766,3941679807,309.808172,316.758996,303.353835,307.822222,-0.496488,11125
2025-07-15,12100479,3809393455,308.815197,317.751971,305.339785,317.751971,9.929749,9942
2025-07-16,9858334,3142519842,317.751971,320.234409,312.290609,315.269534,-2.482437,8906
2025-07-17,6433490,2049826563,317.255484,318.744946,313.780072,317.255484,1.98595,5791
2025-07-18,13043645,4235014883,319.241434,327.68172,314.773047,327.68172,10.426236,12401
2025-07-21,10818111,3606573849,328.178208,337.114982,325.199283,330.164158,2.482438,10004
2025-07-22,18218534,6101819391,332.646595,343.569319,321.723871,324.206308,-5.95785,17323
2025-07-23,7099636,2330536795,328.674695,330.660645,322.716846,324.206308,0.0,6981
2025-07-24,14480370,4852817784,325.199283,342.576344,322.716846,328.674695,4.468387,12979
2025-07-25,6313307,2112694873,331.65362,335.62552,327.68172,335.129032,6.454337,6236
2025-07-28,9005897,3098118212,338.107957,347.044731,336.122007,342.576344,7.447312,8822
2025-07-29,8279832,2889843462,342.576344,351.016631,341.086882,347.044731,4.468387,8847
2025-07-30,9535871,3352886325,350.520143,355.485018,343.569319,351.016631,3.9719,8759
2025-07-31,14847173,5499638377,351.513118,377.330466,351.513118,371.869104,20.852473,14622
2025-08-01,15003505,5674451057,365.911254,380.805878,363.925305,375.344516,3.475412,12411
2025-08-04,9931924,3639867177,370.379642,372.365591,357.967455,359.456918,-15.887598,11733
2025-08-05,11336098,4200244281,366.407742,375.841004,360.449892,363.925305,4.468387,11375
2025-08-06,7012677,2580480893,363.925305,369.386667,362.435842,365.414767,1.489462,7037
2025-08-07,11090348,4077351120,367.897204,370.876129,357.967455,369.386667,3.9719,9614
2025-08-08,18306378,7400928057,377.826953,406.126738,377.826953,406.126738,36.740071,11368
2025-08-11,20668538,8987378373,420.524875,446.342222,420.028387,437.405448,31.27871,19912
2025-08-12,13752580,6212068210,440.88086,457.761434,438.398423,457.761434,20.355986,15600
2025-08-13,21053529,9767623491,471.663082,474.14552,446.83871,456.768459,-0.992975,23480
2025-08-14,12148575,5654036285,465.705233,471.663082,452.300072,462.726308,5.957849,12663
2025-08-15,9728986,4490529186,456.768459,463.719283,452.300072,462.229821,-0.496487,11749
2025-08-18,11951824,5668740347,464.712258,477.620932,463.222796,475.138495,12.908674,12992
2025-08-19,15169177,7268330033,481.592832,488.543656,464.215771,464.712258,-10.426237,16843
2025-08-20,15073419,6805365816,446.83871,459.747384,439.887885,440.384373,-24.327885,18437
2025-08-21,10383490,4696796356,445.845735,456.768459,441.873835,445.845735,5.461362,10811
2025-08-22,9334700,4294191866,450.314122,462.726308,448.824659,455.775484,9.929749,10196
2025-08-25,7520960,3507949670,470.670108,476.627957,454.782509,462.229821,6.454337,8328
2025-08-26,6309602,2894324430,464.215771,467.194695,446.83871,454.782509,-7.447312,8583
2025-08-27,12231982,5841897639,461.733333,483.578781,460.243871,472.656057,17.873548,13835
2025-08-28,7062569,3393419183,477.124444,483.578781,468.18767,482.585806,9.929749,7828
2025-08-29,12164015,6139159289,490.529606,510.389104,488.543656,501.45233,18.866524,14178
2025-09-01,14523977,6839831404,495.990968,495.990968,451.307097,453.293047,-48.159283,22038
2025-09-02,16843334,7411236999,462.726308,462.726308,425.489749,431.944086,-21.348961,20838
2025-09-03,7602155,3336064135,433.930036,441.873835,429.958136,438.89491,6.950824,8676
2025-09-04,8718267,3809894147,442.86681,445.845735,424.000287,433.433548,-5.461362,9660
2025-09-05,7819841,3472377187,446.83871,449.817634,435.915986,435.915986,2.482438,8363
2025-09-08,5083824,2266973285,440.384373,448.328172,431.447599,445.845735,9.929749,5959
2025-09-09,14825630,6947854127,454.286022,474.14552,449.817634,461.733333,15.887598,16588
2025-09-10,16005007,7814629346,471.663082,497.48043,468.684158,485.564731,23.831398,18026
2025-09-11,16275228,8115604866,495.49448,508.403154,479.606882,490.033118,4.468387,18146
2025-09-12,9543480,4691744957,497.48043,497.48043,481.096344,483.578781,-6.454337,10771
2025-09-15,11261469,5233915575,480.103369,480.103369,445.845735,465.705233,-17.873548,14251
2025-09-16,7047704,3241055121,467.194695,467.194695,450.314122,455.775484,-9.929749,8982
2025-09-17,6976023,3147194275,452.796559,453.789534,444.85276,444.85276,-10.922724,7929
2025-09-18,9118342,4027215108,444.85276,446.83871,432.937061,440.384373,-4.468387,10467
2025-09-19,11125400,4864841441,446.83871,446.83871,429.958136,432.440573,-7.9438,9256
2025-09-22,6611521,2952677068,440.88086,450.810609,434.426523,446.342222,13.901649,8082
2025-09-23,8186129,3754336713,456.768459,461.236846,450.810609,451.803584,5.461362,9923
2025-09-24,6558416,2983522570,451.803584,458.754409,437.405448,455.775484,3.9719,7682
2025-09-25,5829223,2598762483,451.803584,456.768459,434.923011,434.923011,-20.852473,9276
2025-09-26,10923659,4556016326,431.944086,435.915986,406.126738,409.602151,-25.32086,15386
2025-09-30,6661410,2864160805,419.5319,433.433548,417.049462,432.440573,22.838422,7636
2025-10-01,6315941,2760166208,435.419498,442.370323,428.965161,431.944086,-0.496487,7143
2025-10-02,8366444,3687004686,431.447599,450.314122,427.972186,431.944086,0.0,8993
2025-10-03,3484607,1530588944,433.930036,439.391398,431.447599,438.398423,6.454337,4138
2025-10-07,6997150,3041607273,440.384373,447.335197,424.993262,427.972186,-10.426237,10541
2025-10-08,4676620,2043075207,426.979211,439.887885,425.986237,432.440573,4.468387,4873
2025-10-09,4006260,1739530456,435.419498,438.89491,425.986237,430.951111,-1.489462,4814
2025-10-13,4212805,1777920615,412.084588,424.496774,408.609176,422.510824,-8.440287,5933
2025-10-14,6242950,2617880656,427.972186,430.951111,407.119713,408.609176,-13.901648,8745
2025-10-15,4395516,1826628469,410.595125,421.021362,406.126738,410.098638,1.489462,4885
2025-10-16,7375897,3055622560,412.084588,418.042437,403.147814,413.077563,2.978925,7457
2025-10-17,7671825,3099413424,409.105663,409.105663,396.196989,401.161864,-11.915699,10513
2025-10-20,5304866,2182411911,402.154839,413.077563,402.154839,411.091613,9.929749,5986
2025-10-21,3938080,1660883347,414.070538,423.007312,412.084588,417.54595,6.454337,5050
2025-10-22,8294530,3356426670,418.538925,418.538925,395.700502,397.686452,-19.859498,12771
2025-10-23,7762219,3060502108,392.22509,397.686452,385.770753,396.196989,-1.489463,9323
2025-10-27,3591604,1467063111,408.112688,410.098638,401.161864,405.133763,8.936774,4449
2025-10-28,5139434,2143329176,406.623226,423.007312,403.147814,419.5319,14.398137,6934
2025-10-29,7625182,3236010562,428.965161,434.923011,410.595125,413.077563,-6.454337,9705
2025-10-30,7188447,3027465531,413.077563,426.979211,407.119713,420.524875,7.447312,8345
2025-10-31,22391234,10287225260,444.356272,462.229821,439.887885,462.229821,41.704946,19758
2025-11-03,26925046,13081950600,476.627957,495.990968,464.712258,489.536631,27.30681,27703
2025-11-04,17072907,8447360144,494.501505,503.43828,479.606882,479.606882,-9.929749,19615
2025-11-05,14484325,6697292479,457.761434,469.677133,442.86681,461.236846,-18.370036,17420
2025-11-06,15575992,7545697277,492.515556,495.990968,470.17362,475.138495,13.901649,15650
2025-11-07,8637992,4062110926,476.13147,481.592832,460.740358,461.236846,-13.901649,10875
2025-11-10,15674423,7592634281,469.677133,489.536631,466.698208,478.613907,17.377061,15741
2025-11-11,20960999,10438404642,482.585806,504.431254,479.606882,494.997993,16.384086,21633
2025-11-12,5759369,3144503212,536.206452,544.150251,535.213477,544.150251,49.152258,5782
2025-11-13,25916962,14629950883,556.06595,571.953548,541.171326,563.016774,18.866523,27187
2025-11-14,12361628,6803391164,549.115125,563.016774,535.213477,540.178351,-22.838423,16511
2025-11-17,12112596,6698712779,561.030824,569.967599,529.255627,533.227527,-6.950824,14918
2025-11-18,11809584,6096854226,526.276703,536.206452,496.487455,503.43828,-29.789247,15389
2025-11-19,14258003,7461296976,514.361004,533.227527,510.389104,518.332903,14.894623,15023
2025-11-20,15605248,8922700985,560.037849,569.967599,560.037849,569.967599,51.634696,15766
2025-11-21,17140179,9459348147,547.129176,560.037849,535.213477,546.136201,-23.831398,19271
2025-11-24,45353940,24733230444,566.988674,566.988674,530.248602,536.206452,-9.929749,20898
2025-11-25,21699345,12734509069,552.09405,589.827097,551.101075,589.827097,53.620645,20430
2025-11-26,23847965,14319252314,595.784946,609.686595,577.911398,605.714695,15.887598,26485
2025-11-27,18674852,11720346669,616.637419,633.517993,608.69362,622.595269,16.880574,22870
2025-11-28,10583556,6659993926,625.574194,633.517993,613.658495,628.553118,5.957849,13003
2025-12-01,17609699,10753626086,623.588244,623.588244,589.827097,617.630394,-10.922724,23408
2025-12-02,18231392,11196843426,615.644444,635.503943,591.813047,595.784946,-21.845448,28672
2025-12-03,11243508,6701566744,600.749821,607.700645,581.883297,584.862222,-10.922724,18173
2025-12-04,7637261,4511698019,587.841147,598.763871,577.911398,577.911398,-6.950824,12191
2025-12-05,10012733,5886367175,577.911398,593.798996,570.960573,591.813047,13.901649,13155
2025-12-08,7528358,4464561149,592.806022,597.770896,581.883297,583.869247,-7.9438,11336
2025-12-09,9092648,5395757976,582.876272,596.777921,581.883297,591.813047,7.9438,10399
2025-12-10,12942431,7902002035,591.813047,617.630394,583.869247,611.672545,19.859498,17159
2025-12-11,9874279,6023780788,618.623369,618.623369,596.777921,598.763871,-12.908674,14589
2025-12-12,7432286,4565692151,604.72172,615.644444,602.735771,613.658495,14.894624,9617
2025-12-15,6236566,3772585586,598.763871,605.714695,595.784946,598.763871,-14.894624,10021
2025-12-16,8739613,5230624269,598.763871,606.70767,580.890323,589.827097,-8.936774,12082
2025-12-17,7220545,4262236471,591.813047,594.791971,578.904373,581.883297,-7.9438,11656
2025-12-18,4251938,2485218466,576.918423,588.834122,572.946523,584.862222,2.978925,6355
2025-12-19,9862253,6016798230,592.806022,615.644444,591.813047,603.728746,18.866524,12148
2025-12-22,12059991,7707128254,621.602294,646.426667,620.609319,645.433692,41.704946,18406
2025-12-23,6220432,4032094233,651.391541,652.384516,635.503943,646.426667,0.992975,9893
2025-12-24,9860631,6533285534,651.391541,665.29319,646.426667,663.30724,16.880573,13183
2025-12-26,10017525,6938720388,667.27914,698.061362,663.30724,692.103513,28.796273,15234
2025-12-29,4449305,3087757850,696.075412,697.068387,682.173763,692.103513,0.0,8509
2025-12-30,4228365,2914811815,691.110538,691.110538,678.201864,687.138638,-4.964875,7624
2025-12-31,5219892,3579845000,691.110538,693.096487,671.251039,682.173763,-4.964875,9762
2026-01-02,14169480,9258745775,679.194839,682.173763,631.532043,638.482867,-43.690896,33125
2026-01-05,10686621,6801679582,644.440717,649.405591,621.602294,629.546093,-8.936774,18122
2026-01-06,7731396,5052166995,636.496918,657.349391,635.503943,657.349391,27.803298,11951
2026-01-07,9058719,5871182059,662.314265,662.314265,635.503943,638.482867,-18.866524,14661
2026-01-08,5563641,3550114620,639.475842,643.447742,627.560143,627.560143,-10.922724,11087
2026-01-09,9211573,5897868855,626.567168,648.412616,623.588244,632.525018,4.964875,11601
2026-01-12,10662290,7113039395,649.405591,674.229964,649.405591,661.32129,28.796272,14806
2026-01-13,7142432,4730779483,667.27914,671.251039,646.426667,650.398566,-10.922724,11225
2026-01-14,7522917,5065325180,657.349391,678.201864,656.356416,673.236989,22.838423,11477
2026-01-15,9540116,6466308409,675.222939,692.103513,660.328315,663.30724,-9.929749,12799
2026-01-16,6879545,4595430254,669.26509,674.229964,647.419642,672.244014,8.936774,10153
2026-01-19,15681144,9984844497,674.229964,678.201864,613.658495,619.616344,-52.62767,35024
2026-01-20,7910123,4965614291,617.630394,634.510968,614.65147,625.574194,5.95785,13150
2026-01-21,14388370,8703455200,619.616344,625.574194,588.834122,591.813047,-33.761147,28205
2026-01-22,8170982,5063045904,607.700645,624.581219,601.742796,621.602294,29.789247,12100
2026-01-23,8955353,5777816443,634.510968,648.412616,628.553118,641.461792,19.859498,14521
2026-01-26,7808831,5098315911,649.405591,663.30724,631.532043,661.32129,19.859498,12204
2026-01-27,9582990,6537704304,667.27914,687.138638,663.30724,681.180789,19.859499,14751
2026-01-28,14158110,10182694667,698.061362,728.843584,691.110538,714.941935,33.761146,21341
2026-01-29,10227310,7232947435,725.864659,738.773333,683.166738,687.138638,-27.803297,17678
2026-01-30,9300155,6486271190,688.131613,704.019211,677.208889,696.075412,8.936774,13387
2026-02-02,9794943,6930164866,698.061362,720.899785,680.187814,701.040287,4.964875,14091
2026-02-03,11296125,8323925750,722.885735,759.625806,709.977061,749.696057,48.65577,19017
2026-02-04,11067383,8586695122,754.660932,794.379928,739.766308,791.401004,41.704947,17171
2026-02-05,9322180,7259597269,791.401004,799.344803,752.674982,754.660932,-36.740072,17805
2026-02-06,10110364,7420752774,730.829534,754.660932,696.075412,739.766308,-14.894624,15707
2026-02-09,7356141,5868489611,800.337778,802.323728,777.499355,791.401004,51.634696,13650
2026-02-10,10837840,8959345806,795.372903,840.056774,790.408029,840.056774,48.65577,16945
2026-02-11,11200192,9321042130,855.944373,856.937348,807.288602,823.176201,-16.880573,20526
2026-02-23,8530571,7070769373,839.063799,850.979498,806.295627,812.253477,-10.922724,13422
2026-02-24,6121104,5081505467,814.239427,834.098925,813.246452,827.1481,14.894623,9513
2026-02-25,7582416,6355810921,836.084875,851.972473,816.225376,839.063799,11.915699,11129
2026-02-26,8963475,7400370440,841.049749,849.986523,806.295627,820.197276,-18.866523,17254
2026-03-02,7950948,6318608799,778.49233,800.337778,775.513405,781.471254,-38.726022,23076
2026-03-03,7741612,6023314211,775.513405,798.351828,754.660932,760.618781,-20.852473,16494
2026-03-04,9464246,6791559017,742.745233,753.667957,692.103513,704.019211,-56.59957,21136
2026-03-05,7982705,5905229315,737.780358,755.653907,716.927885,730.829534,26.810323,12144
2026-03-06,12156649,9495957419,724.871685,803.316703,723.87871,786.436129,55.606595,20558
2026-03-09,11468216,8626295898,727.850609,762.604731,714.941935,755.653907,-30.782222,16731
2026-03-10,13502808,11007111031,787.429104,826.155125,781.471254,811.260502,55.606595,20738
2026-03-11,9954146,8862793186,859.916272,891.69147,858.923297,891.69147,80.430968,14775
2026-03-12,15841662,14513838518,891.69147,928.431541,884.740645,904.600143,12.908673,23368
2026-03-13,12446530,11607875564,893.677419,958.220789,886.726595,928.431541,23.831398,19617
2026-03-16,7395861,6848125247,949.284014,949.284014,900.628244,902.614194,-25.817347,18026
2026-03-17,6437561,5910254480,909.565018,928.431541,898.642294,910.557993,7.943799,11838
2026-03-18,6664207,6142762422,919.494767,931.410466,905.593118,910.557993,0.0,10960
2026-03-19,12942040,12628302244,901.621219,997.939785,900.628244,997.939785,87.381792,23806
2026-03-20,25449507,25100965419,1022.764158,1032.693907,927.438566,981.059211,-16.880574,26866
2026-03-23,10072083,9661948252,933.396416,974.108387,929.424516,955.241864,-25.817347,18228
2026-03-24,12664717,11804977347,984.038136,989.995986,881.76172,881.76172,-73.480144,32380
2026-03-25,8660995,8052826293,912.543943,943.326165,906.586093,915.522867,33.761147,14637
2026-03-26,7064041,6614455616,928.431541,946.30509,911.550968,911.550968,-3.971899,11527
2026-03-27,4937362,4542490265,883.74767,928.431541,883.74767,917.508817,5.957849,8550
2026-03-30,6234652,5568577602,887.71957,904.600143,868.853047,891.69147,-25.817347,14606
2026-03-31,8418167,7378850401,883.74767,907.579068,848.000573,853.958423,-37.733047,16262
2026-04-01,7499563,6997637375,898.642294,939.354265,897.649319,939.354265,85.395842,17111
2026-04-02,10146068,9468613609,970.136487,973.115412,893.677419,898.642294,-40.711971,18571
2026-04-07,5759089,5381911008,920.487742,948.291039,911.550968,920.487742,21.845448,9887
2026-04-08,8015709,7952646786,976.094337,1007.869534,967.157563,990.988961,70.501219,16807
2026-04-09,9838380,10450128450,1002.904659,1087.307527,992.97491,1087.307527,96.318566,20307
2026-04-10,9042307,9787092340,1122.061649,1122.061649,1032.693907,1082.342652,-4.964875,16420
2026-04-13,4989390,5338861430,1082.342652,1092.272401,1042.623656,1047.58853,-34.754122,10900
2026-04-14,7030618,8018629515,1102.202151,1151.850896,1102.202151,1141.921147,94.332617,15286
2026-04-15,9300414,10916878880,1176.675269,1201.499642,1122.061649,1156.815771,14.894624,15613
2026-04-16,4307343,5030870050,1186.605018,1191.569892,1136.956272,1156.815771,0.0,8877
2026-04-17,3836017,4520334720,1156.815771,1191.569892,1151.850896,1166.74552,9.929749,7545
2026-04-20,5889970,7026288110,1181.640143,1221.35914,1136.956272,1201.499642,34.754122,12353
2026-04-21,4412657,5378641355,1206.464516,1231.288889,1186.605018,1216.394265,14.894623,9177
2026-04-22,4021743,5018462510,1226.324014,1266.043011,1216.394265,1241.218638,24.824373,9031
2026-04-23,8411514,10882103030,1365.340502,1365.340502,1216.394265,1256.113262,14.894624,17896
2026-04-24,8735359,12001744990,1305.762007,1380.235125,1290.867384,1380.235125,124.121863,17923
2026-04-27,10113037,14450344535,1410.024373,1459.673118,1375.270251,1410.024373,29.789248,17359
2026-04-28,5537197,7725233475,1400.094624,1414.989247,1360.375627,1380.235125,-29.789248,13440
2026-04-29,5672136,7663072420,1315.691756,1380.235125,1290.867384,1350.445878,-29.789247,13326
2026-04-30,4979385,6848070865,1350.445878,1400.094624,1310.726882,1380.235125,29.789247,10765
2026-05-04,4541472,6530525725,1419.954122,1469.602867,1390.164875,1429.883871,49.648746,9806
2026-05-05,3705312,5399805060,1439.81362,1479.532616,1410.024373,1469.602867,39.718996,8561
2026-05-06,6284760,9194356730,1499.392115,1509.321864,1395.129749,1434.848746,-34.754121,13575
2026-05-07,4092588,5947969610,1449.743369,1459.673118,1424.918996,1439.81362,4.964874,7411
2026-05-08,7086129,9570314935,1449.743369,1449.743369,1295.832258,1320.656631,-119.156989,28713
2026-05-11,5404968,7402355415,1300.797133,1400.094624,1295.832258,1390.164875,69.508244,11878
2026-05-12,4642474,6596395625,1390.164875,1454.708244,1380.235125,1380.235125,-9.92975,10287
2026-05-13,9273875,12560073745,1380.235125,1429.883871,1300.797133,1340.516129,-39.718996,20421
2026-05-14,7002469,10087000345,1390.164875,1469.602867,1365.340502,1419.954122,79.437993,16636
2026-05-15,7370631,9846594245,1439.81362,1444.778495,1280.937634,1280.937634,-139.016488,33663
2026-05-18,7982652,9919379185,1211.429391,1261.078136,1206.464516,1241.218638,-39.718996,16873
2026-05-19,6451905,8340096370,1251.148387,1315.691756,1236.253763,1275.97276,34.754122,10307
2026-05-20,5873749,7318594370,1295.832258,1295.832258,1211.429391,1226.324014,-49.648746,12095
2026-05-21,5210531,6678755810,1271.007885,1295.832258,1251.148387,1275.97276,49.648746,9708
2026-05-22,5646399,7536327845,1315.691756,1355.410753,1295.832258,1320.656631,44.683871,11437
2026-05-25,6665391,9454795880,1390.164875,1444.778495,1350.445878,1414.989247,94.332616,14669
2026-05-26,5681233,8268692910,1454.708244,1484.497491,1414.989247,1434.848746,19.859499,11649
2026-05-27,5687897,8012579530,1439.81362,1459.673118,1360.375627,1365.340502,-69.508244,18409
2026-05-28,5166050,6902832985,1385.2,1410.024373,1280.937634,1295.832258,-69.508244,21305
2026-05-29,6593515,8648234955,1325.621505,1350.445878,1266.043011,1310.726882,14.894624,14128
2026-06-01,4844214,6427001700,1335.551254,1340.516129,1290.867384,1315.691756,4.964874,11410
2026-06-02,7260097,9233736190,1320.656631,1320.656631,1226.324014,1266.043011,-49.648745,22111
2026-06-03,7490127,10392032110,1350.445878,1390.164875,1340.516129,1375.270251,109.22724,16773
2026-06-04,4195749,5648250635,1340.516129,1360.375627,1305.762007,1340.516129,-34.754122,9439
2026-06-05,5359587,7024663220,1280.937634,1340.516129,1261.078136,1305.762007,-34.754122,10218
2026-06-08,5888790,7709870810,1176.675269,1355.410753,1176.675269,1350.445878,44.683871,13335
2026-06-09,12023156,17612051400,1400.094624,1484.497491,1340.516129,1484.497491,134.051613,26574
2026-06-10,9767166,14626725630,1489.462366,1568.900358,1405.059498,1410.024373,-74.473118,20800
2026-06-11,7917874,10672246580,1405.059498,1429.883871,1275.97276,1335.551254,-74.473119,17378
2026-06-12,6276215,8444389725,1414.989247,1439.81362,1295.832258,1310.726882,-24.824372,15159
2026-06-15,5263369,7027043645,1370.305376,1390.164875,1295.832258,1310.726882,0.0,12297
2026-06-16,4085591,5491965210,1320.656631,1360.375627,1310.726882,1335.551254,24.824372,7965
2026-06-17,3261807,4428558575,1335.551254,1365.340502,1330.58638,1360.375627,24.824373,6496
2026-06-18,3589052,4883241335,1370.305376,1380.235125,1330.58638,1345.481004,-14.894623,10245
2026-06-22,5223186,7146829175,1380.235125,1390.164875,1325.621505,1385.2,39.718996,13214
2026-06-23,9347906,12015364370,1390.0,1390.0,1250.0,1265.0,-120.2,39424
2026-06-24,7064225,8689031260,1230.0,1265.0,1200.0,1255.0,-10.0,24374
2026-06-25,6146688,7711367690,1270.0,1305.0,1230.0,1240.0,-15.0,14697
2026-06-26,5855085,7099424945,1240.0,1260.0,1180.0,1190.0,-50.0,16535
2026-06-29,5167061,6022786860,1190.0,1205.0,1145.0,1155.0,-35.0,15334
2026-06-30,5372923,6480993410,1205.0,1235.0,1185.0,1200.0,45.0,10223
2026-07-01,4405709,5383220970,1245.0,1245.0,1185.0,1220.0,20.0,8867
2026-07-02,5408627,6552935195,1185.0,1280.0,1150.0,1235.0,15.0,9713
2026-07-03,5700146,7286781455,1210.0,1305.0,1195.0,1305.0,70.0,12371
2026-07-06,5477325,6791252975,1335.0,1335.0,1190.0,1225.0,-80.0,16824
2026-07-07,5240357,6142069330,1220.0,1220.0,1130.0,1135.0,-90.0,18826
2026-07-08,3923915,4486896635,1150.0,1180.0,1110.0,1150.0,15.0,8415
2026-07-09,8061580,8818249040,1125.0,1140.0,1065.0,1075.0,-75.0,25503
2026-07-13,4210045,4475208520,1085.0,1105.0,1040.0,1045.0,-30.0,11151
2026-07-14,6200585,6168112571,1040.0,1070.0,955.0,1015.0,-30.0,18052
2026-07-15,4764532,4908198698,1040.0,1060.0,1015.0,1025.0,10.0,9536
2026-07-16,3284092,3275703728,998.0,1010.0,981.0,1005.0,-20.0,8021
2026-07-17,5632652,5336846851,964.0,980.0,927.0,927.0,-78.0,16801
2026-07-20,5875440,5400372163,936.0,947.0,875.0,927.0,0.0,10682
2026-07-21,4609779,4420771556,950.0,980.0,939.0,980.0,53.0,7874
2026-07-22,8073832,7800837403,1005.0,1010.0,938.0,940.0,-40.0,21602
2026-07-23,5006114,4717717280,949.0,958.0,930.0,941.0,1.0,9630
2026-07-24,4067807,3708028234,925.0,941.0,892.0,901.0,-40.0,13297
2026-07-27,2619196,2337839715,905.0,907.0,874.0,895.0,-6.0,8411
2026-07-28,5667389,4671082125,851.0,851.0,809.0,809.0,-86.0,14298
2026-07-29,8159221,6123678038,805.0,813.0,729.0,729.0,-80.0,17336
2026-07-30,9520890,7015289589,717.0,779.0,705.0,721.0,-8.0,12905
2026-07-31,2926470,2318879416,793.0,793.0,784.0,793.0,72.0,3190
2026-08-03,5040562,4326816546,850.0,872.0,841.0,872.0,79.0,6230
2026-08-04,13604855,12028098143,901.0,903.0,858.0,897.0,25.0,17080
2026-08-05,13005498,12236099505,950.0,969.0,919.0,940.0,43.0,18452
2026-08-06,12847174,12587194914,925.0,1030.0,906.0,985.0,45.0,20132
2026-08-07,12352014,12125302768,985.0,1015.0,941.0,982.0,-3.0,17582
