date,Trading_Volume,Trading_money,open,max,min,close,spread,Trading_turnover
2015-01-05,2179833,124871191,30.358653,31.44289,30.358653,31.44289,1.138449,1378
2015-01-06,1474039,84374133,31.226043,31.388678,30.792348,30.84656,-0.59633,865
2015-01-07,691350,39326725,30.84656,31.063407,30.629712,30.954983,0.108423,459
2015-01-08,5449400,324020600,31.44289,32.743975,31.226043,32.635552,1.680569,3118
2015-01-09,2626052,157997697,32.852399,33.015035,32.256068,32.527128,-0.108424,1701
2015-01-12,2011324,120496340,32.31028,32.960823,31.876585,32.31028,-0.216848,1256
2015-01-13,1103344,66206334,32.527128,32.798187,32.31028,32.364492,0.054212,694
2015-01-14,2356453,143153257,32.527128,33.286094,32.418704,32.906611,0.542119,1319
2015-01-15,1166618,70158013,32.852399,33.015035,32.364492,32.364492,-0.542119,755
2015-01-16,2058074,119716055,32.364492,32.418704,31.171831,31.226043,-1.138449,1378
2015-01-19,846126,49003055,31.985009,31.985009,31.117619,31.117619,-0.108424,591
2015-01-20,638500,37175149,31.171831,31.71395,31.171831,31.605526,0.487907,429
2015-01-21,874251,50765480,31.822373,31.822373,31.280255,31.280255,-0.325271,683
2015-01-22,577150,33601018,31.280255,31.768162,31.280255,31.605526,0.325271,406
2015-01-23,1532300,90550677,31.768162,32.256068,31.768162,32.039221,0.433695,913
2015-01-26,3351956,202439091,32.147645,33.286094,31.822373,33.286094,1.246873,1918
2015-01-27,4477403,270207137,33.502942,33.557154,32.256068,32.31028,-0.975814,2642
2015-01-28,1460192,86241522,32.039221,32.31028,31.822373,31.985009,-0.325271,975
2015-01-29,1406493,82002638,31.985009,32.093433,31.44289,31.497102,-0.487907,976
2015-01-30,749810,43557416,31.71395,31.71395,31.334467,31.388678,-0.108424,528
2015-02-02,1910054,108733872,31.280255,31.44289,30.521288,30.629712,-0.758966,1600
2015-02-03,1578460,90403542,30.900771,31.280255,30.738136,31.226043,0.596331,1302
2015-02-04,1218136,70406599,31.334467,31.551314,31.117619,31.226043,0.0,861
2015-02-05,598130,34661603,31.226043,31.497102,31.226043,31.334467,0.108424,427
2015-02-06,507400,29339116,31.334467,31.44289,31.226043,31.334467,0.0,304
2015-02-09,738232,43110024,31.44289,31.876585,31.334467,31.44289,0.108423,501
2015-02-10,650046,37591171,31.497102,31.497102,31.171831,31.226043,-0.216847,482
2015-02-11,648391,37584452,31.334467,31.551314,31.226043,31.44289,0.216847,413
2015-02-12,500051,29087358,31.44289,31.659738,31.388678,31.388678,-0.054212,361
2015-02-13,761703,44494355,31.388678,31.768162,31.388678,31.768162,0.379484,444
2015-02-24,1838744,107960923,31.985009,32.147645,31.551314,31.551314,-0.216848,1079
2015-02-25,1155951,67165358,31.44289,31.71395,31.388678,31.388678,-0.162636,720
2015-02-26,3148050,185473465,31.280255,32.31028,31.280255,31.985009,0.596331,1707
2015-03-02,1643723,96644757,32.147645,32.201857,31.605526,31.71395,-0.271059,907
2015-03-03,2739090,162248846,31.930797,32.364492,31.822373,31.930797,0.216847,1649
2015-03-04,1068164,62844358,31.985009,31.985009,31.822373,31.822373,-0.108424,687
2015-03-05,952332,56351786,31.876585,32.201857,31.876585,32.039221,0.216848,574
2015-03-06,874750,51679122,32.039221,32.201857,31.822373,32.093433,0.054212,602
2015-03-09,1525342,88592105,31.768162,31.822373,31.280255,31.497102,-0.596331,864
2015-03-10,927059,54182051,31.551314,32.039221,31.497102,31.497102,0.0,522
2015-03-11,676379,39247839,31.226043,31.659738,31.226043,31.497102,0.0,498
2015-03-12,1369920,80748027,31.71395,32.147645,31.605526,31.768162,0.27106,884
2015-03-13,871354,51110941,31.985009,31.985009,31.71395,31.768162,0.0,586
2015-03-16,7285978,439567570,32.039221,33.286094,31.876585,32.689764,0.921602,4225
2015-03-17,3971635,238136752,32.852399,33.123459,32.039221,32.039221,-0.650543,2109
2015-03-18,3772873,227186612,32.256068,32.906611,32.201857,32.852399,0.813178,1920
2015-03-19,5244693,319187492,33.17767,33.231882,32.743975,32.743975,-0.108424,2876
2015-03-20,2513732,151527909,32.798187,33.069247,32.256068,32.743975,0.0,1455
2015-03-23,1179306,70941760,33.069247,33.069247,32.364492,32.364492,-0.379483,688
2015-03-24,2077174,125881128,32.364492,33.17767,32.364492,33.123459,0.758967,1233
2015-03-25,1389705,84099049,33.123459,33.123459,32.527128,33.015035,-0.108424,873
2015-03-26,1930911,115551864,32.31028,32.635552,32.256068,32.364492,-0.650543,1245
2015-03-27,2333365,137305996,32.147645,32.527128,31.659738,31.71395,-0.650542,1372
2015-03-30,1018379,59429861,31.71395,31.985009,31.44289,31.71395,0.0,662
2015-03-31,856800,50643418,31.930797,32.256068,31.768162,32.039221,0.325271,651
2015-04-01,502359,29445550,31.985009,31.985009,31.659738,31.659738,-0.379483,370
2015-04-02,574017,33822602,31.71395,32.093433,31.71395,32.039221,0.379483,447
2015-04-07,897791,53518460,32.256068,32.635552,32.039221,32.364492,0.325271,616
2015-04-08,662350,39168024,32.256068,32.31028,31.930797,32.039221,-0.325271,478
2015-04-09,1218250,71524473,31.985009,32.256068,31.497102,31.497102,-0.542119,793
2015-04-10,594539,34653001,31.659738,31.768162,31.497102,31.659738,0.162636,373
2015-04-13,401969,23573472,31.71395,31.985009,31.659738,31.985009,0.325271,314
2015-04-14,445412,26178408,31.985009,32.093433,31.71395,31.822373,-0.162636,357
2015-04-15,829500,48354249,31.822373,32.039221,31.44289,31.605526,-0.216847,612
2015-04-16,490101,28631187,31.876585,31.876585,31.497102,31.659738,0.054212,342
2015-04-17,401122,23406871,31.659738,31.822373,31.551314,31.605526,-0.054212,294
2015-04-20,490568,28486514,31.497102,31.605526,31.388678,31.44289,-0.162636,387
2015-04-21,731550,42298600,31.876585,31.876585,30.900771,31.171831,-0.271059,517
2015-04-22,616634,35701272,31.171831,31.659738,31.171831,31.551314,0.379483,453
2015-04-23,963560,56228347,31.71395,31.822373,31.497102,31.605526,0.054212,586
2015-04-24,619400,36219777,31.822373,31.876585,31.551314,31.659738,0.054212,450
2015-04-27,1898193,112192956,31.659738,32.364492,31.605526,32.093433,0.433695,1064
2015-04-28,1433274,83449071,31.985009,31.985009,31.280255,31.551314,-0.542119,889
2015-04-29,1838339,104448723,31.497102,31.497102,30.521288,30.738136,-0.813178,1235
2015-04-30,845072,47732304,30.900771,30.954983,30.467076,30.521288,-0.216848,646
2015-05-04,1320439,73097884,30.629712,30.629712,29.816534,29.816534,-0.704754,959
2015-05-05,978852,53347828,29.816534,29.870746,29.274415,29.382839,-0.433695,642
2015-05-06,1200463,64874965,29.165991,29.545474,28.949144,29.274415,-0.108424,938
2015-05-07,720682,39399012,29.274415,29.924958,29.165991,29.653898,0.379483,529
2015-05-08,697700,37977028,29.653898,29.762322,29.274415,29.328627,-0.325271,579
2015-05-11,983405,52333289,29.545474,29.70811,28.569661,28.732296,-0.596331,689
2015-05-12,1135575,59252529,28.732296,28.84072,27.919118,28.461237,-0.271059,730
2015-05-13,880268,47420947,28.461237,29.762322,28.352813,29.437051,0.975814,720
2015-05-14,935501,51042349,29.437051,29.870746,29.111779,29.545474,0.108423,664
2015-05-15,775736,42195037,29.545474,29.816534,29.165991,29.653898,0.108424,630
2015-05-18,630022,34137598,29.653898,29.653898,29.111779,29.437051,-0.216847,463
2015-05-19,634568,34819078,29.382839,29.924958,29.382839,29.762322,0.325271,468
2015-05-20,551349,30143622,29.653898,29.762322,29.437051,29.70811,-0.054212,457
2015-05-21,328012,17847354,29.491263,29.653898,29.274415,29.545474,-0.162636,254
2015-05-22,395123,21533365,29.274415,29.70811,29.274415,29.545474,0.0,314
2015-05-25,320900,17591379,29.382839,29.924958,29.382839,29.653898,0.108424,246
2015-05-26,289581,15942900,29.924958,29.97917,29.599686,29.97917,0.325272,238
2015-05-27,285150,15765039,29.816534,30.087593,29.816534,29.97917,0.0,260
2015-05-28,805941,45008998,30.250229,30.521288,29.870746,30.304441,0.325271,545
2015-05-29,551039,30377652,30.304441,30.358653,29.70811,29.816534,-0.487907,408
2015-06-01,394124,21388520,29.816534,29.816534,29.274415,29.545474,-0.27106,291
2015-06-02,456350,24938305,29.328627,29.924958,29.328627,29.437051,-0.108423,369
2015-06-03,612146,33036309,29.599686,29.599686,28.949144,29.003356,-0.433695,482
2015-06-04,1620726,83204702,28.894932,29.003356,26.916198,26.997516,-2.00584,1116
2015-06-05,1489670,75619190,26.997516,28.135966,26.916198,27.593847,0.596331,1035
2015-06-08,747090,38281759,27.539635,28.190177,27.214364,27.864906,0.271059,575
2015-06-09,1814993,90879325,27.648059,28.135966,25.859067,26.292762,-1.572144,923
2015-06-10,1262030,61780150,26.292762,26.889092,26.292762,26.536715,0.243953,724
2015-06-11,588001,29113000,26.780669,26.97041,26.563821,26.861986,0.325271,438
2015-06-12,190202,9490800,26.861986,27.214364,26.861986,27.051728,0.189742,162
2015-06-15,196007,9858652,27.593847,27.593847,27.10594,27.160152,0.108424,163
2015-06-16,245501,12151950,27.160152,27.160152,26.618033,26.780669,-0.379483,187
2015-06-17,393515,19544273,26.83488,27.078834,26.83488,27.078834,0.298165,355
2015-06-18,364500,18355700,27.078834,27.431211,26.943304,27.268576,0.189742,263
2015-06-22,585007,30008661,27.539635,28.135966,27.376999,27.919118,0.650542,431
2015-06-23,302139,15607583,27.919118,28.190177,27.864906,27.919118,0.0,234
2015-06-24,348215,17746365,28.027542,28.081754,27.431211,27.539635,-0.379483,283
2015-06-25,285263,14566690,27.702271,27.864906,27.431211,27.756482,0.216847,237
2015-06-26,215000,10953400,27.919118,27.97333,27.485423,27.485423,-0.271059,159
2015-06-29,712000,35244050,27.431211,27.431211,26.590927,26.618033,-0.86739,525
2015-06-30,332050,16377239,26.618033,26.943304,26.563821,26.753563,0.13553,269
2015-07-01,327370,16366111,26.83488,27.268576,26.807775,27.160152,0.406589,285
2015-07-02,192600,9675020,27.268576,27.322787,27.160152,27.160152,0.0,162
2015-07-03,248100,12381300,27.160152,27.268576,26.997516,26.997516,-0.162636,198
2015-07-06,192134,9536224,26.916198,27.10594,26.807775,26.807775,-0.189741,146
2015-07-07,175000,8680500,27.024622,27.10594,26.807775,26.807775,0.0,124
2015-07-08,653172,31708815,26.83488,26.83488,25.994596,26.23855,-0.569225,451
2015-07-09,654965,30426796,25.506689,26.265656,23.63638,26.184338,-0.054212,465
2015-07-13,223010,10899699,26.536715,26.590927,26.292762,26.455397,0.271059,184
2015-07-14,309039,15235143,26.618033,26.861986,26.536715,26.563821,0.108424,256
2015-07-15,286100,14011050,26.726457,26.83488,26.211444,26.563821,0.0,232
2015-07-16,214260,10620950,26.753563,26.97041,26.645139,26.889092,0.325271,201
2015-07-17,139400,6883600,26.889092,26.997516,26.563821,26.563821,-0.325271,117
2015-07-20,256251,12491773,26.563821,26.97041,26.211444,26.292762,-0.271059,205
2015-07-21,172250,8356350,26.292762,26.455397,26.130126,26.130126,-0.162636,138
2015-07-22,483214,23059828,26.753563,26.753563,25.615113,25.750643,-0.379483,364
2015-07-23,521596,24715612,26.021702,26.10302,25.208524,25.37116,-0.379483,380
2015-07-24,864356,39225238,25.316948,25.37116,24.314028,24.666405,-0.704755,578
2015-07-27,1018338,44724410,24.422452,24.612193,23.473744,23.473744,-1.192661,614
2015-07-28,1601597,73896317,24.395346,25.804855,24.395346,25.804855,2.331111,1116
2015-07-29,1037317,48884481,25.804855,26.184338,25.154312,25.316948,-0.487907,760
2015-07-30,496555,23271585,25.37116,25.615113,25.127206,25.208524,-0.108424,381
2015-07-31,412270,19031654,25.23563,25.37116,24.937465,24.937465,-0.271059,338
2015-08-03,1028351,45696293,24.937465,25.045888,23.799015,23.907439,-1.030026,767
2015-08-04,1773928,76553622,23.853227,24.015863,22.76899,22.76899,-1.138449,1274
2015-08-05,565500,24368600,23.040049,23.799015,22.958731,23.690591,0.921601,454
2015-08-06,576050,25020109,23.771909,23.799015,23.36532,23.527956,-0.162635,439
2015-08-07,453852,19697588,23.040049,23.744803,23.040049,23.690591,0.162635,363
2015-08-10,1436850,64108184,23.690591,24.530876,23.690591,24.341134,0.650543,842
2015-08-11,1073499,45290608,24.987879,25.223059,24.517519,24.605712,0.264578,732
2015-08-12,803631,33096192,24.546917,24.546917,23.988364,24.399929,-0.205783,584
2015-08-13,361419,15105102,24.458724,24.693904,24.429327,24.605712,0.205783,268
2015-08-14,394027,16418734,24.693904,24.693904,24.399929,24.517519,-0.088193,269
2015-08-17,269350,11176179,24.635109,24.635109,24.282339,24.341134,-0.176385,177
2015-08-18,328250,13594748,24.399929,24.458724,24.223544,24.370532,0.029398,237
2015-08-19,628425,25379875,24.458724,24.458724,23.400414,23.841376,-0.529156,467
2015-08-20,441200,17874650,23.635594,24.076556,23.400414,23.870774,0.029398,318
2015-08-21,645656,25667255,23.518004,23.782581,23.077041,23.165234,-0.70554,442
2015-08-24,1735000,63252250,22.930054,22.959451,20.872228,21.283794,-1.88144,1012
2015-08-25,1005400,36765166,20.931023,22.106924,20.931023,21.871744,0.58795,610
2015-08-26,575350,21410789,21.754154,22.459694,21.460179,22.342104,0.47036,407
2015-08-27,617703,24134635,22.636079,23.165234,22.636079,23.018246,0.676142,465
2015-08-28,626596,25270057,23.341619,23.988364,23.341619,23.635594,0.617348,433
2015-08-31,429633,17212270,23.635594,23.723786,23.459209,23.518004,-0.11759,366
2015-09-01,428245,17138409,23.635594,23.782581,23.371016,23.606196,0.088192,355
2015-09-02,367155,14741177,23.282824,23.870774,23.224029,23.606196,0.0,240
2015-09-03,749900,30871823,23.870774,24.576314,23.635594,24.517519,0.911323,564
2015-09-04,620616,26003335,24.576314,25.046674,24.399929,24.429327,-0.088192,423
2015-09-07,226007,9375991,24.223544,24.635109,24.105954,24.341134,-0.088193,165
2015-09-08,270100,11203762,24.341134,24.546917,24.252942,24.370532,0.029398,211
2015-09-09,1051554,44288138,24.929084,24.958482,24.488122,24.929084,0.558552,703
2015-09-10,431050,18265494,24.899687,25.076072,24.693904,24.899687,-0.029397,291
2015-09-11,405457,17302212,24.929084,25.281854,24.870289,25.076072,0.176385,279
2015-09-14,333261,14283643,25.046674,25.458239,24.958482,25.076072,0.0,238
2015-09-15,248450,10536065,24.987879,25.193662,24.693904,24.752699,-0.323373,188
2015-09-16,262300,11189200,24.987879,25.223059,24.929084,25.193662,0.440963,224
2015-09-17,365162,15782955,25.311252,25.575829,25.281854,25.399444,0.205782,270
2015-09-18,540241,23566778,25.546432,25.869804,25.311252,25.605227,0.205783,336
2015-09-21,487630,20670990,24.987879,25.281854,24.723302,24.811494,-0.793733,359
2015-09-22,1369650,60253275,24.840892,26.340164,24.840892,26.163779,1.352285,951
2015-09-23,735358,32052167,25.869804,25.869804,25.311252,25.399444,-0.764335,489
2015-09-24,507370,21717810,25.575829,25.605227,24.752699,25.017277,-0.382167,395
2015-09-25,238070,10115580,25.105469,25.193662,24.752699,25.164264,0.146987,153
2015-09-30,276529,11774728,24.723302,25.340649,24.723302,24.987879,-0.176385,211
2015-10-01,472510,20432134,25.281854,25.693419,25.046674,25.605227,0.617348,337
2015-10-02,546103,24155896,25.693419,26.193177,25.458239,25.987394,0.382167,377
2015-10-05,598788,26930377,26.340164,26.604742,26.134382,26.516549,0.529155,410
2015-10-06,759380,34769926,26.810524,27.192692,26.751729,26.898717,0.382168,499
2015-10-07,949523,44259222,27.163294,27.81004,27.045704,27.33968,0.440963,626
2015-10-08,1089200,50506549,27.545462,27.81004,26.663537,26.663537,-0.676143,634
2015-10-12,504565,23346590,26.986909,27.633655,26.928114,27.163294,0.499757,394
2015-10-13,474006,22133378,27.45727,27.604257,27.33968,27.516065,0.352771,348
2015-10-14,531430,25009694,27.633655,27.868835,27.486667,27.663052,0.146987,402
2015-10-15,635130,29853860,27.92763,27.986425,27.33968,27.486667,-0.176385,469
2015-10-16,394190,18480748,27.516065,27.69245,27.33968,27.633655,0.146988,287
2015-10-19,432264,20474667,27.839437,27.92763,27.663052,27.92763,0.293975,327
2015-10-20,1074973,52434527,28.16281,28.927145,28.16281,28.809555,0.881925,807
2015-10-21,802123,39012665,28.927145,28.927145,28.339195,28.603772,-0.205783,549
2015-10-22,593503,28904094,28.691965,28.75076,28.427387,28.63317,0.029398,443
2015-10-23,743911,36702367,28.897747,29.191722,28.86835,29.044735,0.411565,523
2015-10-26,577569,28741926,29.33871,29.397505,29.074132,29.33871,0.293975,414
2015-10-27,567244,27942377,29.162325,29.368107,28.721362,29.10353,-0.23518,443
2015-10-28,563240,27789910,29.397505,29.397505,28.75076,28.809555,-0.293975,378
2015-10-29,823720,40861686,28.98594,29.309312,28.956542,29.162325,0.35277,681
2015-10-30,381922,18578078,29.162325,29.162325,28.221605,28.75076,-0.411565,281
2015-11-02,338162,16720060,28.603772,29.33871,28.603772,29.074132,0.323372,287
2015-11-03,735165,36978730,29.309312,29.69148,29.279915,29.69148,0.617348,584
2015-11-04,566120,28515807,29.69148,29.80907,29.397505,29.4563,-0.23518,350
2015-11-05,692719,35304595,29.57389,30.16184,29.57389,29.92666,0.47036,450
2015-11-06,338207,16991461,30.220635,30.220635,29.279915,29.368107,-0.558553,289
2015-11-09,339693,16757383,29.515095,29.515095,28.780157,28.809555,-0.558552,285
2015-11-10,365277,17956568,28.809555,29.132927,28.51558,28.98594,0.176385,313
2015-11-11,366150,17939400,28.98594,29.162325,28.544977,28.721362,-0.264578,311
2015-11-12,641350,31254475,28.721362,28.956542,28.221605,28.956542,0.23518,430
2015-11-13,376162,18532069,28.809555,29.132927,28.574375,28.956542,0.0,277
2015-11-16,339210,16646245,28.486182,29.10353,28.456785,28.956542,0.0,260
2015-11-17,425419,21239227,29.22112,29.4563,29.22112,29.368107,0.411565,340
2015-11-18,304293,15271211,29.397505,29.69148,29.162325,29.397505,0.029398,280
2015-11-19,233104,11737917,29.69148,29.69148,29.397505,29.515095,0.11759,204
2015-11-20,232004,11609999,29.515095,29.69148,29.162325,29.162325,-0.35277,177
2015-11-23,157350,7849700,29.22112,29.397505,29.191722,29.368107,0.205782,133
2015-11-24,240183,11988575,29.368107,29.515095,29.22112,29.33871,-0.029397,218
2015-11-25,332419,16365922,29.33871,29.33871,28.86835,28.897747,-0.440963,253
2015-11-26,199205,9825245,28.897747,29.162325,28.897747,28.98594,0.088193,138
2015-11-27,277090,13741904,29.10353,29.368107,28.956542,28.98594,0.0,169
2015-11-30,262015,12853738,28.956542,29.044735,28.603772,29.015337,0.029397,197
2015-12-01,462707,23274510,29.279915,29.69148,29.279915,29.69148,0.676143,368
2015-12-02,240200,12155039,29.92666,30.103045,29.4563,29.632685,-0.058795,194
2015-12-03,2599061,136367660,29.69148,31.631715,29.69148,31.396535,1.76385,1705
2015-12-04,3441712,187868209,31.396535,32.86641,30.573405,32.63123,1.234695,2114
2015-12-07,2200810,123636070,32.984,33.924721,32.16087,32.219665,-0.411565,1531
2015-12-08,1246466,67118229,32.219665,32.337255,31.278945,31.396535,-0.82313,821
2015-12-09,1079505,56627060,31.631715,31.749305,30.455815,30.74979,-0.646745,764
2015-12-10,713265,37005245,30.573405,31.161355,29.867865,31.161355,0.411565,607
2015-12-11,1156152,59347200,31.161355,31.33774,29.515095,29.515095,-1.64626,766
2015-12-14,630822,31545557,29.397505,29.867865,29.015337,29.279915,-0.23518,423
2015-12-15,384150,19328675,29.515095,29.867865,29.397505,29.515095,0.23518,311
2015-12-16,712369,36382890,29.515095,30.690995,29.515095,30.103045,0.58795,473
2015-12-17,365100,18873380,30.39702,30.573405,30.103045,30.455815,0.35277,271
2015-12-18,449330,23368460,30.455815,30.86738,30.16184,30.573405,0.11759,323
2015-12-21,311228,16087009,30.16184,30.6322,30.103045,30.455815,-0.11759,270
2015-12-22,270348,14017025,30.455815,30.690995,30.39702,30.39702,-0.058795,202
2015-12-23,532208,27496427,30.690995,30.808585,29.867865,29.92666,-0.47036,406
2015-12-24,333403,16997571,30.16184,30.455815,29.750275,29.80907,-0.11759,255
2015-12-25,122000,6205800,29.867865,30.103045,29.80907,29.985455,0.176385,99
2015-12-28,384882,19925233,30.338225,30.690995,30.103045,30.27943,0.293975,289
2015-12-29,254007,13060563,30.27943,30.455815,30.04425,30.39702,0.11759,182
2015-12-30,346080,17650111,30.51461,30.573405,29.69148,29.80907,-0.58795,256
2015-12-31,214375,10855125,29.80907,29.92666,29.57389,29.867865,0.058795,148
2016-01-04,578855,28955955,29.80907,29.92666,29.10353,29.10353,-0.764335,492
2016-01-05,807469,40462436,28.956542,29.80907,28.956542,29.632685,0.529155,628
2016-01-06,481379,23943246,29.632685,29.750275,28.98594,29.162325,-0.47036,365
2016-01-07,869050,42944187,28.956542,29.309312,28.927145,29.279915,0.11759,669
2016-01-08,721925,36597254,29.10353,30.16184,28.809555,29.92666,0.646745,512
2016-01-11,404171,20099063,29.515095,29.632685,29.044735,29.10353,-0.82313,323
2016-01-12,509050,25101225,29.074132,29.279915,28.838952,28.838952,-0.264578,359
2016-01-13,276012,13626142,28.98594,29.162325,28.927145,28.956542,0.11759,195
2016-01-14,750042,36600362,28.486182,29.074132,28.16281,28.838952,-0.11759,540
2016-01-15,436000,21205797,29.044735,29.162325,28.251002,28.309797,-0.529155,327
2016-01-18,396465,19076585,27.69245,28.98594,27.663052,28.809555,0.499758,242
2016-01-19,261000,12786300,29.10353,29.10353,28.662567,28.838952,0.029397,167
2016-01-20,346200,16748459,28.809555,28.927145,28.16281,28.221605,-0.617347,301
2016-01-21,314438,15213035,28.221605,28.691965,28.16281,28.574375,0.35277,226
2016-01-22,145079,7052650,28.780157,28.809555,28.339195,28.662567,0.088192,120
2016-01-25,456212,22536013,28.809555,29.4563,28.51558,29.4563,0.793733,317
2016-01-26,528633,26185363,29.162325,29.397505,28.809555,28.86835,-0.58795,419
2016-01-27,737024,35638766,28.927145,29.10353,28.221605,28.309797,-0.558553,475
2016-01-28,421050,20302377,28.221605,28.544977,27.92763,28.486182,0.176385,307
2016-01-29,360010,17538994,28.339195,28.86835,28.2804,28.809555,0.323373,279
2016-01-30,220168,10855082,29.074132,29.074132,28.809555,28.98594,0.176385,156
2016-02-01,518000,25222950,29.015337,29.044735,28.51558,28.574375,-0.411565,437
2016-02-02,633289,30601493,28.427387,28.75076,28.221605,28.339195,-0.23518,564
2016-02-03,564129,26916717,28.2804,28.339195,27.986425,27.986425,-0.35277,399
2016-02-15,417099,19734016,27.633655,28.104015,27.57486,27.663052,-0.323373,276
2016-02-16,372200,17795770,27.751245,28.339195,27.751245,28.339195,0.676143,314
2016-02-17,1023702,49877417,28.39799,28.927145,28.221605,28.86835,0.529155,657
2016-02-18,2786902,144730635,30.808585,30.86738,30.27943,30.338225,1.469875,1872
2016-02-19,897376,46175285,30.338225,30.6322,29.985455,30.16184,-0.176385,651
2016-02-22,589467,30250854,30.220635,30.51461,29.985455,30.16184,0.0,423
2016-02-23,562547,29015233,30.27943,30.455815,30.220635,30.220635,0.058795,401
2016-02-24,435200,22145938,30.220635,30.338225,29.750275,29.80907,-0.411565,334
2016-02-25,296550,15168060,29.80907,30.16184,29.80907,30.16184,0.35277,219
2016-02-26,399637,20574675,30.220635,30.51461,30.04425,30.220635,0.058795,349
2016-03-01,968181,50597500,30.455815,30.926175,30.220635,30.86738,0.646745,767
2016-03-02,1403364,73985626,31.10256,31.33774,30.6322,31.161355,0.293975,833
2016-03-03,1462885,77427626,31.45533,31.631715,30.6322,30.6322,-0.529155,917
2016-03-04,1980983,105761189,31.396535,31.57292,31.22015,31.278945,0.646745,1342
2016-03-07,859143,45326504,31.278945,31.45533,30.690995,30.86738,-0.411565,611
2016-03-08,430975,22564389,30.86738,30.98497,30.573405,30.98497,0.11759,376
2016-03-09,439607,23145385,30.926175,31.043765,30.808585,30.98497,0.0,360
2016-03-10,594135,31366331,30.98497,31.33774,30.86738,30.86738,-0.11759,462
2016-03-11,311323,16337056,30.86738,31.043765,30.74979,30.74979,-0.11759,275
2016-03-14,477355,25073441,31.10256,31.10256,30.690995,30.808585,0.058795,340
2016-03-15,1114500,58636898,31.10256,31.278945,30.6322,30.6322,-0.176385,790
2016-03-16,443795,23261255,30.74979,30.98497,30.6322,30.808585,0.176385,353
2016-03-17,1387363,73481401,30.98497,31.45533,30.926175,30.98497,0.176385,874
2016-03-18,1903744,102852075,31.396535,32.27846,31.161355,31.33774,0.35277,1358
2016-03-21,511597,27396977,31.749305,31.8081,31.33774,31.396535,0.058795,335
2016-03-22,445203,23630559,31.45533,31.69051,30.98497,31.161355,-0.23518,329
2016-03-23,259336,13702303,31.161355,31.278945,30.98497,30.98497,-0.176385,202
2016-03-24,261104,13776331,30.98497,31.161355,30.86738,31.10256,0.11759,199
2016-03-25,543727,28500709,31.10256,31.10256,30.690995,30.690995,-0.411565,324
2016-03-28,438507,22975612,30.926175,31.043765,30.6322,30.6322,-0.058795,272
2016-03-29,473259,24523489,30.690995,30.926175,29.985455,30.27943,-0.35277,330
2016-03-30,329173,17209745,30.573405,30.926175,30.573405,30.926175,0.646745,249
2016-03-31,303505,15972365,31.10256,31.10256,30.74979,30.86738,-0.058795,230
2016-04-01,306400,16107200,31.10256,31.10256,30.808585,30.926175,0.058795,206
2016-04-06,449000,23353200,30.926175,30.926175,30.455815,30.51461,-0.411565,315
2016-04-07,354322,18417171,30.573405,30.86738,30.338225,30.39702,-0.11759,264
2016-04-08,312967,16293774,30.51461,30.74979,30.51461,30.690995,0.293975,192
2016-04-11,433790,22916726,30.86738,31.22015,30.6322,31.043765,0.35277,333
2016-04-12,473067,24647617,31.043765,31.161355,30.27943,30.573405,-0.47036,367
2016-04-13,207313,10783331,30.573405,30.74979,30.51461,30.51461,-0.058795,149
2016-04-14,205403,10745635,30.808585,30.86738,30.690995,30.690995,0.176385,148
2016-04-15,318133,16670567,30.6322,31.043765,30.573405,30.74979,0.058795,222
2016-04-18,209019,10898297,30.6322,30.808585,30.51461,30.6322,-0.11759,145
2016-04-19,228049,11899672,30.6322,30.926175,30.51461,30.51461,-0.11759,155
2016-04-20,331231,17210381,30.690995,30.690995,30.39702,30.51461,0.0,262
2016-04-21,436537,22928298,30.573405,31.10256,30.51461,30.98497,0.47036,345
2016-04-22,633000,33387200,31.043765,31.33774,30.6322,30.808585,-0.176385,428
2016-04-25,313623,16556106,30.98497,31.22015,30.808585,31.043765,0.23518,233
2016-04-26,637783,33680840,31.043765,31.22015,30.86738,30.86738,-0.176385,434
2016-04-27,399004,20842309,30.86738,30.86738,30.573405,30.573405,-0.293975,327
2016-04-28,429040,22340482,30.74979,30.74979,30.455815,30.6322,0.058795,296
2016-04-29,237556,12289923,30.573405,30.573405,30.338225,30.455815,-0.176385,168
2016-05-03,798400,42154458,30.573405,31.278945,30.573405,31.161355,0.70554,639
2016-05-04,446250,23520350,31.22015,31.22015,30.74979,30.926175,-0.23518,384
2016-05-05,179818,9468688,30.690995,31.161355,30.690995,31.161355,0.23518,136
2016-05-06,723600,38643580,31.161355,31.631715,31.161355,31.33774,0.176385,530
2016-05-09,330082,17581170,31.514125,31.57292,31.161355,31.161355,-0.176385,244
2016-05-10,196971,10480945,31.45533,31.45533,31.161355,31.22015,0.058795,150
2016-05-11,389159,20649927,31.33774,31.45533,30.86738,30.926175,-0.293975,270
2016-05-12,280111,14752759,30.926175,31.161355,30.690995,30.690995,-0.23518,252
2016-05-13,272151,14229141,31.043765,31.043765,30.455815,30.6322,-0.058795,230
2016-05-16,176195,9183636,30.6322,30.86738,30.220635,30.690995,0.058795,156
2016-05-17,444100,23494180,30.74979,31.33774,30.74979,30.86738,0.176385,359
2016-05-18,219457,11590283,30.74979,31.278945,30.74979,30.926175,0.058795,188
2016-05-19,235380,12440586,31.10256,31.278945,30.86738,30.98497,0.058795,185
2016-05-20,124550,6559985,30.926175,31.10256,30.86738,30.98497,0.0,110
2016-05-23,532042,28327735,30.98497,31.514125,30.86738,31.33774,0.35277,385
2016-05-24,391562,20919109,31.45533,31.514125,31.22015,31.45533,0.11759,290
2016-05-25,381180,20429347,31.631715,31.69051,31.278945,31.45533,0.0,301
2016-05-26,1104123,59858490,31.45533,32.219665,31.396535,31.866895,0.411565,842
2016-05-27,1366130,74963659,32.219665,32.51364,32.04328,32.51364,0.646745,915
2016-05-30,1864640,103635900,32.925205,33.160385,32.102075,32.27846,-0.23518,1308
2016-05-31,656420,35885215,32.337255,32.454845,31.866895,32.219665,-0.058795,485
2016-06-01,856352,47208135,32.219665,32.74882,31.984485,32.63123,0.411565,636
2016-06-02,648100,35848909,32.63123,32.74882,32.337255,32.337255,-0.293975,478
2016-06-03,358200,19598200,32.337255,32.51364,32.04328,32.16087,-0.176385,318
2016-06-04,190100,10324000,31.92569,32.102075,31.8081,31.984485,-0.176385,168
2016-06-06,358100,19358319,31.984485,32.219665,31.69051,31.69051,-0.293975,261
2016-06-07,604561,33053686,31.69051,32.337255,31.69051,32.337255,0.646745,411
2016-06-08,408391,22491105,32.27846,32.572435,32.219665,32.51364,0.176385,308
2016-06-13,290400,15838800,32.51364,32.51364,31.92569,32.04328,-0.47036,243
2016-06-14,314081,17061588,31.866895,32.04328,31.749305,32.04328,0.0,248
2016-06-15,231200,12528938,32.04328,32.04328,31.749305,31.866895,-0.176385,181
2016-06-16,297405,16189690,31.749305,32.16087,31.749305,31.92569,0.058795,273
2016-06-17,224194,12145952,31.92569,32.16087,31.57292,31.92569,0.0,175
2016-06-20,185100,10023629,31.8081,31.984485,31.749305,31.8081,-0.11759,126
2016-06-21,257200,13932239,31.866895,32.04328,31.69051,32.04328,0.23518,184
2016-06-22,245067,13339144,31.984485,32.102075,31.866895,31.92569,-0.11759,192
2016-06-23,258144,14069847,31.866895,32.102075,31.866895,32.04328,0.11759,200
2016-06-24,561450,29965075,32.04328,32.04328,30.98497,31.22015,-0.82313,460
2016-06-27,265100,14079959,31.161355,31.514125,30.808585,31.33774,0.11759,192
2016-06-28,130399,6950385,31.161355,31.514125,31.043765,31.33774,0.0,108
2016-06-29,268189,14368091,31.45533,31.69051,31.33774,31.396535,0.058795,182
2016-06-30,130371,6990884,31.631715,31.631715,31.45533,31.514125,0.11759,112
2016-07-01,223200,12000700,31.514125,31.8081,31.396535,31.631715,0.11759,214
2016-07-04,256653,13877155,31.631715,31.984485,31.514125,31.92569,0.293975,224
2016-07-05,146185,7905044,31.92569,31.92569,31.631715,31.866895,-0.058795,117
2016-07-06,164200,8810700,31.631715,31.69051,31.45533,31.45533,-0.411565,142
2016-07-07,139446,7516084,31.45533,31.8081,31.45533,31.69051,0.23518,125
2016-07-11,245650,13347728,31.92569,32.102075,31.749305,31.984485,0.293975,206
2016-07-12,260381,14088010,32.04328,32.102075,31.631715,31.749305,-0.23518,216
2016-07-13,219073,11877262,31.92569,32.04328,31.749305,31.866895,0.11759,176
2016-07-14,331302,17913336,31.8081,32.04328,31.69051,31.69051,-0.176385,278
2016-07-15,952506,51594424,31.8081,32.16087,31.57292,31.69051,0.0,676
2016-07-18,701222,37835108,31.749305,31.866895,31.631715,31.749305,0.058795,508
2016-07-19,575064,31026667,31.749305,31.8081,31.57292,31.69051,-0.058795,466
2016-07-20,392876,21227804,31.749305,31.866895,31.69051,31.749305,0.058795,339
2016-07-21,670186,36511053,31.866895,32.102075,31.8081,32.102075,0.35277,492
2016-07-22,748060,41177317,32.102075,32.63123,32.04328,32.337255,0.23518,585
2016-07-25,747515,41164472,32.63123,32.690025,32.04328,32.51364,0.176385,526
2016-07-26,1733469,93648326,32.39605,32.39605,31.514125,31.57292,-0.94072,1172
2016-07-27,953550,50951923,31.69051,31.69051,31.161355,31.278945,-0.293975,680
2016-07-28,681450,36116538,31.278945,31.33774,31.10256,31.10256,-0.176385,536
2016-07-29,433072,22974416,31.22015,31.33774,31.10256,31.22015,0.11759,317
2016-08-01,642018,34607068,31.22015,31.866895,31.22015,31.8081,0.58795,430
2016-08-02,884700,48061987,31.866895,32.102075,31.8081,31.984485,0.176385,575
2016-08-03,1231250,66730994,31.866895,31.984485,31.749305,31.866895,-0.11759,865
2016-08-04,861515,43496610,31.973895,32.036835,31.659191,31.722132,-0.144763,620
2016-08-05,464026,23348312,31.785072,31.848013,31.533309,31.533309,-0.188823,326
2016-08-08,357060,17980222,31.785072,31.785072,31.59625,31.659191,0.125882,279
2016-08-09,496589,24817758,31.848013,31.848013,31.344487,31.533309,-0.125882,355
2016-08-10,530039,26341700,31.533309,31.59625,31.155665,31.250076,-0.283233,412
2016-08-11,715402,35344459,31.155665,31.218606,30.998313,31.029783,-0.220293,351
2016-08-12,287731,14250700,30.840961,31.344487,30.840961,31.344487,0.314704,227
2016-08-15,220644,11006900,31.344487,31.533309,31.250076,31.533309,0.188822,169
2016-08-16,230850,11489304,31.533309,31.59625,31.124195,31.438898,-0.094411,180
2016-08-17,163635,8124804,31.375958,31.438898,31.155665,31.281546,-0.157352,151
2016-08-18,105050,5214190,31.281546,31.407428,31.187135,31.218606,-0.06294,97
2016-08-19,180474,8973457,31.407428,31.407428,31.250076,31.313017,0.094411,139
2016-08-22,294300,14492259,31.313017,31.313017,30.840961,31.029783,-0.283234,221
2016-08-23,152106,7496806,31.029783,31.155665,30.966843,31.155665,0.125882,106
2016-08-24,106695,5256682,31.281546,31.281546,30.935372,30.966843,-0.188822,100
2016-08-25,135442,6678699,30.966843,31.155665,30.903902,31.029783,0.06294,97
2016-08-26,121450,5989165,31.155665,31.155665,30.966843,31.029783,0.0,89
2016-08-29,203750,10074873,31.029783,31.218606,30.998313,31.092724,0.062941,154
2016-08-30,586466,29449277,31.155665,31.848013,31.155665,31.785072,0.692348,397
2016-08-31,195430,9861200,31.910954,31.910954,31.59625,31.785072,0.0,153
2016-09-01,179108,8964981,31.59625,31.722132,31.438898,31.438898,-0.346174,151
2016-09-02,160304,7985239,31.344487,31.470369,31.281546,31.344487,-0.094411,134
2016-09-05,306200,15165950,31.281546,31.344487,31.092724,31.155665,-0.188822,219
2016-09-06,200350,9931600,31.155665,31.407428,31.124195,31.218606,0.062941,152
2016-09-07,156600,7774986,31.218606,31.407428,31.187135,31.187135,-0.031471,123
2016-09-08,337083,16801055,31.187135,31.470369,31.155665,31.438898,0.251763,216
2016-09-09,111778,5573400,31.438898,31.438898,31.313017,31.407428,-0.03147,97
2016-09-10,170310,8406468,31.155665,31.155665,31.029783,31.061254,-0.346174,129
2016-09-12,107314,5306001,31.092724,31.250076,31.061254,31.061254,0.0,79
2016-09-13,110000,5430250,31.061254,31.155665,31.029783,31.061254,0.0,84
2016-09-14,248000,12214999,30.903902,31.281546,30.872432,31.281546,0.220292,179
2016-09-19,238340,11816779,31.281546,31.313017,31.155665,31.250076,-0.03147,164
2016-09-20,240306,12010000,31.344487,31.533309,31.344487,31.470369,0.220293,193
2016-09-21,584600,29541259,31.785072,31.973895,31.659191,31.785072,0.314703,457
2016-09-22,306860,15576599,31.973895,32.036835,31.848013,31.848013,0.062941,241
2016-09-23,205541,10371072,31.910954,31.910954,31.659191,31.848013,0.0,174
2016-09-26,159060,7989829,31.848013,31.848013,31.533309,31.59625,-0.251763,128
2016-09-29,200536,10047500,31.722132,31.722132,31.470369,31.470369,-0.125881,169
2016-09-30,471781,23572305,31.59625,31.785072,31.281546,31.59625,0.125881,366
2016-10-03,393430,19952957,31.848013,32.099776,31.785072,31.848013,0.251763,288
2016-10-04,686881,35375079,31.848013,32.729183,31.848013,32.351539,0.503526,489
2016-10-05,259750,13267522,32.41448,32.41448,32.036835,32.288598,-0.062941,221
2016-10-06,234618,12033663,32.288598,32.41448,32.099776,32.351539,0.062941,164
2016-10-07,759800,39188800,32.351539,32.729183,31.848013,32.099776,-0.251763,508
2016-10-11,390226,19766435,32.351539,32.41448,31.59625,31.659191,-0.440585,276
2016-10-12,351062,17681236,31.533309,31.973895,31.533309,31.722132,0.062941,286
2016-10-13,278639,13972326,31.722132,31.785072,31.375958,31.785072,0.06294,214
2016-10-14,222440,11127876,31.722132,31.722132,31.407428,31.438898,-0.346174,159
2016-10-17,180621,8992550,31.407428,31.407428,31.281546,31.313017,-0.125881,148
2016-10-18,97031,4827943,31.313017,31.438898,31.218606,31.344487,0.03147,78
2016-10-19,185020,9228948,31.470369,31.59625,31.281546,31.281546,-0.062941,170
2016-10-20,117340,5845500,31.281546,31.438898,31.281546,31.281546,0.0,101
2016-10-21,184040,9146100,31.281546,31.375958,31.218606,31.313017,0.031471,121
2016-10-24,448871,22561110,31.313017,31.848013,31.313017,31.59625,0.283233,283
2016-10-25,191459,9571575,31.659191,31.659191,31.344487,31.438898,-0.157352,143
2016-10-26,127104,6344550,31.470369,31.470369,31.375958,31.375958,-0.06294,113
2016-10-27,83255,4144060,31.375958,31.470369,31.281546,31.313017,-0.062941,80
2016-10-28,134150,6672400,31.470369,31.470369,31.250076,31.281546,-0.031471,100
2016-10-31,112120,5585800,31.344487,31.470369,31.250076,31.407428,0.125882,83
2016-11-01,298200,14884250,31.470369,31.59625,31.313017,31.313017,-0.094411,241
2016-11-02,251690,12408853,31.281546,31.313017,30.872432,31.092724,-0.220293,217
2016-11-03,151080,7474251,30.903902,31.281546,30.903902,31.029783,-0.062941,145
2016-11-04,134100,6616619,30.935372,31.155665,30.935372,31.155665,0.125882,89
2016-11-07,147400,7318899,31.092724,31.313017,31.092724,31.218606,0.062941,117
2016-11-08,162263,7992852,31.344487,31.344487,30.903902,30.998313,-0.220293,146
2016-11-09,420773,20463389,31.092724,31.155665,30.243024,30.400376,-0.597937,309
2016-11-10,261200,12762868,30.778021,30.872432,30.620669,30.71508,0.314704,174
2016-11-11,212843,10295967,30.71508,30.935372,30.368906,30.494787,-0.220293,180
2016-11-14,292430,14030695,30.400376,30.431846,30.022732,30.180084,-0.314703,177
2016-11-15,311794,14821712,30.022732,30.117143,29.802439,30.054202,-0.125882,269
2016-11-16,276200,13155240,30.022732,30.117143,29.86538,29.928321,-0.125881,189
2016-11-17,93200,4439789,30.022732,30.054202,29.959791,29.959791,0.03147,71
2016-11-18,226518,10909668,30.022732,30.494787,29.959791,30.368906,0.409115,155
2016-11-21,152253,7397821,30.400376,30.74655,30.400376,30.74655,0.377644,126
2016-11-22,187171,9135210,30.74655,30.809491,30.620669,30.683609,-0.062941,158
2016-11-23,91401,4459618,30.778021,30.840961,30.557728,30.71508,0.031471,73
2016-11-24,72022,3509023,30.840961,30.872432,30.557728,30.652139,-0.062941,62
2016-11-25,165350,8010509,30.652139,30.840961,30.305965,30.652139,0.0,131
2016-11-28,129278,6297715,30.652139,30.778021,30.589198,30.683609,0.03147,104
2016-11-29,186237,9097715,30.683609,30.840961,30.589198,30.683609,0.0,126
2016-11-30,324644,15743094,30.903902,30.903902,30.337435,30.337435,-0.346174,229
2016-12-01,291000,14093699,30.683609,30.71508,30.368906,30.431846,0.094411,192
2016-12-02,152243,7324851,30.337435,30.368906,30.211554,30.274495,-0.157351,126
2016-12-05,85999,4161151,30.526258,30.557728,30.274495,30.431846,0.157351,86
2016-12-06,191006,9239492,30.431846,30.589198,30.368906,30.494787,0.062941,166
2016-12-07,205047,9944146,30.557728,30.652139,30.463317,30.620669,0.125882,176
2016-12-08,244350,11894816,30.778021,30.778021,30.589198,30.589198,-0.031471,228
2016-12-09,377580,18484683,30.903902,30.966843,30.620669,30.935372,0.346174,308
2016-12-12,483913,23891312,31.092724,31.344487,30.840961,31.281546,0.346174,338
2016-12-13,998195,50089640,31.407428,31.785072,31.281546,31.659191,0.377645,662
2016-12-14,430212,21600125,31.910954,31.910954,31.407428,31.407428,-0.251763,341
2016-12-15,297648,14749476,31.407428,31.407428,31.092724,31.187135,-0.220293,220
2016-12-16,248380,12364353,31.124195,31.407428,31.092724,31.407428,0.220293,189
2016-12-19,164513,8145646,31.124195,31.375958,31.092724,31.092724,-0.314704,145
2016-12-20,125009,6175896,31.092724,31.155665,31.029783,31.155665,0.062941,103
2016-12-21,143757,7076219,31.029783,31.155665,30.872432,30.903902,-0.251763,125
2016-12-22,198113,9697495,30.903902,30.966843,30.71508,30.71508,-0.188822,148
2016-12-23,102508,5012841,30.778021,30.840961,30.71508,30.840961,0.125881,62
2016-12-26,98710,4852290,31.092724,31.155665,30.840961,30.840961,0.0,76
2016-12-27,47317,2320733,30.840961,30.903902,30.840961,30.840961,0.0,43
2016-12-28,136295,6676505,30.840961,30.903902,30.778021,30.778021,-0.06294,87
2016-12-29,178275,8683275,30.840961,30.840961,30.589198,30.589198,-0.188823,139
2016-12-30,170018,8358990,30.620669,31.124195,30.620669,31.124195,0.534997,134
2017-01-03,208473,10344478,31.155665,31.344487,31.124195,31.281546,0.157351,157
2017-01-04,148142,7336577,31.281546,31.281546,31.061254,31.155665,-0.125881,114
2017-01-05,165046,8198746,31.313017,31.344487,31.187135,31.313017,0.157352,118
2017-01-06,358257,17938522,31.375958,31.659191,31.375958,31.438898,0.125881,278
2017-01-09,127422,6364981,31.438898,31.59625,31.344487,31.407428,-0.03147,92
2017-01-10,189060,9384138,31.533309,31.533309,31.187135,31.187135,-0.220293,144
2017-01-11,483500,24239199,31.438898,31.722132,31.250076,31.722132,0.534997,358
2017-01-12,128260,6437877,31.785072,31.785072,31.438898,31.438898,-0.283234,84
2017-01-13,122500,6109699,31.281546,31.470369,31.281546,31.407428,-0.03147,110
2017-01-16,286803,14206565,31.344487,31.344487,30.966843,31.124195,-0.283233,164
2017-01-17,106208,5271685,31.218606,31.281546,31.155665,31.281546,0.157351,68
2017-01-18,134015,6637594,31.250076,31.250076,31.092724,31.218606,-0.06294,104
2017-01-19,158627,7876130,31.218606,31.344487,31.155665,31.187135,-0.031471,114
2017-01-20,108024,5350038,31.187135,31.344487,31.092724,31.124195,-0.06294,75
2017-01-23,109726,5451528,31.092724,31.344487,31.092724,31.281546,0.157351,96
2017-01-24,137589,6856914,31.281546,31.407428,31.218606,31.407428,0.125882,118
2017-02-02,487365,24574832,31.470369,31.973895,31.470369,31.973895,0.566467,387
2017-02-03,258589,13053000,31.973895,31.973895,31.659191,31.659191,-0.314704,188
2017-02-06,536212,27334464,31.785072,32.351539,31.785072,31.973895,0.314704,363
2017-02-07,485365,24886359,32.036835,32.41448,31.973895,32.41448,0.440585,337
2017-02-08,1243415,64801915,32.666243,32.980946,32.540361,32.918006,0.503526,817
2017-02-09,421243,21967231,32.918006,33.043887,32.603302,32.792124,-0.125882,305
2017-02-10,563150,29340758,32.855065,33.043887,32.603302,32.666243,-0.125881,343
2017-02-13,454750,23657273,32.729183,32.980946,32.540361,32.729183,0.06294,265
2017-02-14,374266,19505332,32.792124,33.043887,32.603302,32.729183,0.0,262
2017-02-15,357241,18576626,32.729183,32.918006,32.603302,32.666243,-0.06294,243
2017-02-16,346221,18067797,32.729183,33.043887,32.666243,32.918006,0.251763,261
2017-02-17,199860,10393573,32.918006,32.918006,32.603302,32.729183,-0.188823,166
2017-02-18,646636,34070988,32.918006,33.358591,32.729183,33.169769,0.440586,418
2017-02-20,768237,40848832,33.484472,33.736235,33.29565,33.358591,0.188822,475
2017-02-21,319307,16854507,33.358591,33.484472,33.043887,33.358591,0.0,266
2017-02-22,355640,18847045,33.421531,33.547413,33.169769,33.29565,-0.062941,271
2017-02-23,319231,16961685,33.29565,33.610354,33.29565,33.484472,0.188822,249
2017-02-24,344326,18368407,33.484472,33.673294,33.358591,33.673294,0.188822,272
2017-03-01,635690,34211420,33.673294,34.302702,33.484472,33.547413,-0.125881,432
2017-03-02,492400,26343818,33.610354,33.987998,33.421531,33.736235,0.188822,312
2017-03-03,1279098,69560769,33.987998,34.554465,33.987998,33.987998,0.251763,712
2017-03-06,610201,33202291,34.17682,34.365643,33.987998,34.365643,0.377645,491
2017-03-07,433494,23600419,34.365643,34.365643,34.050939,34.17682,-0.188823,395
2017-03-08,484414,26125356,34.11388,34.11388,33.736235,34.050939,-0.125881,321
2017-03-09,660600,35954600,34.17682,34.428583,34.11388,34.11388,0.062941,372
2017-03-10,677623,36975552,34.365643,34.617405,34.11388,34.302702,0.188822,466
2017-03-13,652338,35798752,34.554465,34.743287,34.239761,34.239761,-0.062941,439
2017-03-14,994300,54719115,34.11388,34.806228,34.11388,34.680346,0.440585,707
2017-03-15,621515,34394974,34.806228,35.120931,34.428583,34.806228,0.125882,454
2017-03-16,504049,27784301,34.99505,34.99505,34.617405,34.743287,-0.062941,376
2017-03-17,785727,43598447,34.743287,35.120931,34.617405,35.120931,0.377644,604
2017-03-20,460455,25660696,35.120931,35.183872,34.932109,35.120931,0.0,346
2017-03-21,488298,27203787,35.183872,35.183872,34.932109,35.057991,-0.06294,368
2017-03-22,646754,35840792,34.932109,35.120931,34.617405,35.120931,0.06294,505
2017-03-23,737498,40912832,35.120931,35.120931,34.806228,34.806228,-0.314703,536
2017-03-24,508710,27885461,34.806228,34.99505,34.365643,34.365643,-0.440585,326
2017-03-27,487987,26345797,34.365643,34.365643,33.736235,33.799176,-0.566467,384
2017-03-28,543000,28969300,33.799176,33.987998,33.421531,33.673294,-0.125882,383
2017-03-29,261152,14014734,33.610354,34.11388,33.547413,34.11388,0.440586,229
2017-03-30,160786,8649963,34.11388,34.11388,33.736235,33.862117,-0.251763,110
2017-03-31,334450,18023700,33.925057,34.050939,33.799176,33.925057,0.06294,254
2017-04-05,410312,22398460,33.925057,34.554465,33.925057,34.554465,0.629408,315
2017-04-06,188513,10295015,34.554465,34.617405,34.239761,34.302702,-0.251763,177
2017-04-07,285447,15528685,34.302702,34.428583,34.050939,34.302702,0.0,253
2017-04-10,1994567,112475814,35.309754,35.87622,35.183872,35.435635,1.132933,1248
2017-04-11,845628,47487768,35.561517,35.750339,34.932109,35.246813,-0.188822,599
2017-04-12,786024,44026345,35.246813,35.561517,34.99505,35.498576,0.251763,546
2017-04-13,960881,54410736,35.561517,36.065042,35.120931,35.246813,-0.251763,626
2017-04-14,677736,37448204,35.246813,35.246813,34.365643,34.365643,-0.88117,502
2017-04-17,399947,21946778,34.617405,34.806228,34.302702,34.554465,0.188822,269
2017-04-18,301805,16660134,34.806228,34.869168,34.617405,34.743287,0.188822,245
2017-04-19,262548,14429591,34.743287,34.806228,34.302702,34.680346,-0.062941,211
2017-04-20,276290,15159750,34.617405,34.680346,34.365643,34.491524,-0.188822,183
2017-04-21,971848,54401217,34.743287,35.498576,34.743287,35.309754,0.81823,710
2017-04-24,430705,24005714,35.561517,35.561517,34.806228,34.932109,-0.377645,306
2017-04-25,918696,50590780,35.120931,35.183872,34.428583,34.428583,-0.503526,628
2017-04-26,531249,29304395,34.680346,34.869168,34.617405,34.617405,0.188822,396
2017-04-27,469321,25732787,34.680346,34.806228,34.365643,34.680346,0.062941,390
2017-04-28,1024194,57401664,34.806228,35.498576,34.806228,35.246813,0.566467,833
2017-05-02,5273550,306370166,35.372694,37.135035,35.372694,37.009153,1.76234,3423
2017-05-03,1717451,100939188,37.135035,37.260916,36.631509,36.69445,-0.314703,1161
2017-05-04,1223713,71913148,36.505628,37.260916,36.505628,36.946213,0.251763,806
2017-05-05,1527190,90195532,37.135035,37.638561,36.757391,36.883272,-0.062941,976
2017-05-08,792151,45847025,36.883272,37.197976,36.002102,36.316805,-0.566467,534
2017-05-09,944181,53422568,36.002102,36.316805,35.246813,35.561517,-0.755288,685
2017-05-10,517550,29410209,35.498576,36.065042,35.435635,36.065042,0.503525,347
2017-05-11,313150,17867602,36.065042,36.127983,35.750339,35.87622,-0.188822,258
2017-05-12,274381,15644191,35.87622,36.065042,35.687398,36.002102,0.125882,210
2017-05-15,529148,30497893,36.002102,36.505628,36.002102,36.505628,0.503526,416
2017-05-16,596645,34596163,36.568568,36.69445,36.190924,36.631509,0.125881,456
2017-05-17,662151,38596316,36.505628,36.820331,36.505628,36.69445,0.062941,459
2017-05-18,594166,34136275,36.253865,36.379746,35.939161,36.190924,-0.503526,483
2017-05-19,533019,30528388,36.190924,36.190924,35.939161,35.939161,-0.251763,430
2017-05-22,740809,41857863,36.065042,36.065042,35.309754,35.372694,-0.566467,553
2017-05-23,297450,16838413,35.561517,35.813279,35.435635,35.687398,0.314704,257
2017-05-24,295000,16770300,35.687398,35.939161,35.687398,35.750339,0.062941,276
2017-05-25,379200,21547957,35.813279,35.87622,35.624457,35.624457,-0.125882,290
2017-05-26,159342,9058794,35.87622,35.87622,35.687398,35.813279,0.188822,142
2017-05-31,341122,19417588,35.87622,36.065042,35.561517,36.065042,0.251763,240
2017-06-01,377483,21629771,36.065042,36.253865,35.813279,36.190924,0.125882,249
2017-06-02,291785,16737933,36.316805,36.316805,35.87622,36.127983,-0.062941,210
2017-06-03,96150,5508908,36.253865,36.253865,35.939161,36.065042,-0.062941,82
2017-06-05,500254,29000654,36.065042,36.568568,36.065042,36.568568,0.503526,398
2017-06-06,392083,22791230,36.69445,36.757391,36.379746,36.631509,0.062941,301
2017-06-07,365226,21018692,36.69445,36.69445,36.065042,36.253865,-0.377644,272
2017-06-08,233593,13408235,36.379746,36.379746,36.002102,36.127983,-0.125882,223
2017-06-09,313100,17881289,36.190924,36.253865,35.750339,35.87622,-0.251763,227
2017-06-12,201457,11465549,35.687398,36.065042,35.561517,35.87622,0.0,174
2017-06-13,192266,10966033,35.87622,36.002102,35.813279,36.002102,0.125882,141
2017-06-14,547510,31071612,36.002102,36.002102,35.561517,35.687398,-0.314704,413
2017-06-15,351317,19878304,35.687398,35.687398,35.561517,35.624457,-0.062941,226
2017-06-16,186513,10590085,35.624457,35.87622,35.624457,35.750339,0.125882,156
2017-06-19,324478,18496439,35.813279,36.065042,35.624457,35.939161,0.188822,226
2017-06-20,502187,28709376,35.939161,36.127983,35.87622,35.939161,0.0,375
2017-06-21,509154,29115392,35.87622,36.190924,35.813279,36.065042,0.125881,413
2017-06-22,553439,31704051,36.065042,36.190924,36.002102,36.065042,0.0,354
2017-06-23,499020,28530249,36.002102,36.127983,35.813279,35.87622,-0.188822,331
2017-06-26,410276,23401985,36.127983,36.127983,35.750339,35.939161,0.062941,302
2017-06-27,471300,26879548,36.127983,36.127983,35.750339,35.87622,-0.062941,383
2017-06-28,562095,31966803,35.87622,36.002102,35.561517,35.750339,-0.125881,443
2017-06-29,238485,13601544,35.87622,36.065042,35.750339,35.939161,0.188822,213
2017-06-30,412046,23386122,35.939161,35.939161,35.624457,35.87622,-0.062941,328
2017-07-03,255453,14516421,35.750339,35.87622,35.687398,35.87622,0.0,202
2017-07-04,394582,22352982,35.87622,35.87622,35.561517,35.561517,-0.314703,306
2017-07-05,749143,41766764,35.561517,35.561517,34.806228,35.057991,-0.503526,578
2017-07-06,498954,27682744,35.057991,35.057991,34.869168,34.869168,-0.188823,399
2017-07-07,586000,32319500,34.743287,34.869168,34.617405,34.617405,-0.251763,469
2017-07-10,441330,24281950,34.617405,34.869168,34.428583,34.428583,-0.188822,343
2017-07-11,558539,30521251,34.428583,34.680346,34.17682,34.617405,0.188822,390
2017-07-12,340564,18700761,34.680346,34.743287,34.491524,34.554465,-0.06294,288
2017-07-13,643854,35414538,34.617405,34.932109,34.302702,34.680346,0.125881,452
2017-07-14,253336,13975013,34.806228,34.869168,34.617405,34.743287,0.062941,201
2017-07-17,329041,18202064,34.743287,34.932109,34.743287,34.806228,0.062941,274
2017-07-18,373120,20608747,34.806228,34.932109,34.617405,34.869168,0.06294,337
2017-07-19,2754778,156602424,35.183872,36.442687,34.932109,36.442687,1.573519,1461
2017-07-20,3349502,196610860,36.883272,37.57562,36.442687,36.505628,0.062941,2058
2017-07-21,1092301,62341376,36.065042,36.127983,35.750339,36.002102,-0.503526,657
2017-07-24,1552017,90264293,36.442687,36.946213,36.316805,36.505628,0.503526,976
2017-07-25,1454460,84993164,37.009153,37.009153,36.568568,36.631509,0.125881,894
2017-07-26,834644,48757906,36.757391,36.946213,36.631509,36.757391,0.125882,529
2017-07-27,676599,39571118,36.946213,37.009153,36.631509,36.757391,0.0,424
2017-07-28,492416,28598168,36.820331,36.883272,36.379746,36.442687,-0.314704,331
2017-07-31,767270,44798620,36.69445,36.946213,36.442687,36.883272,0.440585,538
2017-08-01,502396,29426404,36.946213,37.009153,36.69445,36.883272,0.0,357
2017-08-02,572008,33589067,37.072094,37.072094,36.820331,37.009153,0.125881,429
2017-08-03,540107,31752089,37.009153,37.135035,36.820331,37.135035,0.125882,355
2017-08-04,708639,41715407,37.135035,37.260916,36.883272,36.946213,-0.188822,553
2017-08-07,942752,55436637,37.135035,37.197976,36.883272,36.883272,-0.062941,584
2017-08-08,1417263,83242717,36.946213,37.135035,36.69445,37.072094,0.188822,858
2017-08-09,1303207,71999640,37.139011,37.272846,36.603674,36.603674,-0.46842,870
2017-08-10,1053800,56242819,36.536757,36.536757,35.399166,35.399166,-1.204508,714
2017-08-11,640786,34036044,35.198414,35.867586,35.06458,35.800669,0.401503,465
2017-08-14,699400,36870900,35.867586,35.867586,35.06458,35.198414,-0.602255,541
2017-08-15,336525,17831730,35.198414,35.666834,35.198414,35.533,0.334586,274
2017-08-16,591742,31385673,35.599917,35.599917,35.332249,35.466083,-0.066917,278
2017-08-17,563015,30002402,35.466083,35.934503,35.466083,35.733751,0.267668,205
2017-08-18,368515,19537651,35.466083,35.666834,35.399166,35.466083,-0.267668,252
2017-08-21,513526,27553259,35.466083,36.202171,35.399166,36.202171,0.736088,424
2017-08-22,410321,22392655,36.46984,36.603674,36.336006,36.603674,0.401503,309
2017-08-23,505172,27840428,36.804426,37.205929,36.670591,36.871343,0.267669,386
2017-08-24,363167,19981485,36.93826,37.072094,36.603674,36.670591,-0.200752,295
2017-08-25,431363,23775228,36.670591,37.005177,36.670591,36.93826,0.267669,301
2017-08-28,351071,19461354,37.005177,37.272846,36.93826,37.205929,0.267669,202
2017-08-29,384784,21329189,37.205929,37.272846,36.93826,37.072094,-0.133835,248
2017-08-30,214310,11831241,37.072094,37.205929,36.737509,36.737509,-0.334585,155
2017-08-31,492100,27147327,36.670591,37.139011,36.670591,36.93826,0.200751,401
2017-09-01,183566,10112994,37.139011,37.139011,36.804426,36.804426,-0.133834,149
2017-09-04,377472,20547921,36.804426,36.804426,36.202171,36.269089,-0.535337,309
2017-09-05,188446,10265282,36.402923,36.670591,36.336006,36.670591,0.401502,144
2017-09-06,261059,14231726,36.670591,36.670591,36.269089,36.46984,-0.200751,168
2017-09-07,323998,17822285,36.670591,36.93826,36.670591,36.871343,0.401503,263
2017-09-08,580643,32283289,37.205929,37.339763,37.005177,37.205929,0.334586,417
2017-09-11,884467,49660319,37.272846,37.942017,37.205929,37.8751,0.669171,573
2017-09-12,603730,34241217,38.142768,38.276603,37.473597,37.741266,-0.133834,403
2017-09-13,976611,56038427,38.008934,38.81194,37.808183,38.008934,0.267668,689
2017-09-14,498582,28146213,38.142768,38.34352,37.607431,37.8751,-0.133834,393
2017-09-15,354305,19952823,37.8751,37.942017,37.473597,37.942017,0.066917,286
2017-09-18,299922,16898306,37.942017,38.075851,37.607431,37.674348,-0.267669,281
2017-09-19,431896,24263693,37.8751,37.942017,37.272846,37.339763,-0.334585,351
2017-09-20,513372,28479806,37.339763,37.540514,36.804426,37.005177,-0.334586,396
2017-09-21,471400,26130837,37.072094,37.339763,36.93826,37.005177,0.0,389
2017-09-22,490150,27369100,37.339763,37.473597,37.205929,37.272846,0.267669,378
2017-09-25,533651,29512099,37.339763,37.473597,36.737509,36.804426,-0.46842,470
2017-09-26,322219,17805610,36.804426,37.205929,36.804426,36.93826,0.133834,293
2017-09-27,310581,17227858,36.93826,37.272846,36.871343,37.272846,0.334586,261
2017-09-28,1015572,57644659,37.339763,38.276603,37.272846,38.142768,0.869922,732
2017-09-29,1666526,96738608,38.410437,39.28036,38.276603,38.81194,0.669172,1326
2017-09-30,881092,51368360,39.079608,39.28036,38.678106,39.213443,0.401503,587
2017-10-02,1527593,90060506,39.414194,39.815697,39.146526,39.347277,0.133834,967
2017-10-03,544197,31819926,39.347277,39.548028,38.81194,38.81194,-0.535337,380
2017-10-05,525957,30654648,38.945774,39.347277,38.678106,38.945774,0.133834,362
2017-10-06,283260,16397398,38.945774,39.012691,38.544271,38.611188,-0.334586,213
2017-10-11,616313,35934401,38.745023,39.347277,38.678106,39.347277,0.736089,439
2017-10-12,2474614,147152356,39.347277,40.2172,38.945774,40.2172,0.869923,1612
2017-10-13,7001564,452620265,41.488625,44.232228,41.488625,44.232228,4.015028,3718
2017-10-16,8939047,603479520,45.169068,46.038991,44.566814,44.700648,0.46842,5222
2017-10-17,3433566,224657091,44.165311,44.299145,43.228471,44.098394,-0.602254,2248
2017-10-18,2425829,158410378,44.098394,44.366062,43.295388,43.897642,-0.200752,1478
2017-10-19,3375324,223548860,44.232228,45.169068,43.496139,43.496139,-0.401503,2157
2017-10-20,2311344,147957379,43.496139,43.496139,42.425465,42.760051,-0.736088,1218
2017-10-23,1224410,79171803,43.161554,43.830725,42.960802,43.094637,0.334586,786
2017-10-24,1914167,124728286,43.295388,44.165311,42.826968,43.696891,0.602254,1162
2017-10-25,1322584,85633876,44.031477,44.031477,42.626217,42.626217,-1.070674,937
2017-10-26,1155493,73961999,42.626217,43.094637,42.425465,42.760051,0.133834,709
2017-10-27,3515300,229746889,43.161554,44.366062,42.826968,42.960802,0.200751,2165
2017-10-30,1754203,113836134,44.098394,44.299145,42.760051,43.362305,0.401503,1069
2017-10-31,10061819,681237847,43.830725,46.841996,43.629974,46.708162,3.345857,5959
2017-11-01,13252304,977657234,47.444251,50.72319,47.109665,50.656273,3.948111,8670
2017-11-02,11199090,875174653,51.860782,53.332959,50.990859,50.990859,0.334586,7375
2017-11-03,9429716,741794817,51.927699,53.399876,51.19161,53.399876,2.409017,5529
2017-11-06,5876766,469216714,54.069047,54.202881,52.663787,53.06529,-0.334586,3855
2017-11-07,8982662,731527190,53.199124,56.210396,52.396119,52.396119,-0.669171,6123
2017-11-08,7619960,618160280,53.332959,55.541224,52.864539,55.541224,3.145105,5095
2017-11-09,8103995,646129005,55.541224,55.541224,50.72319,52.864539,-2.676685,5904
2017-11-10,5485892,421071084,51.927699,52.195367,50.656273,51.526196,-1.338343,3869
2017-11-13,2621969,203738715,51.860782,52.864539,51.19161,51.392362,-0.133834,1971
2017-11-14,4724732,353553351,51.526196,52.329202,48.715676,49.117179,-2.275183,2979
2017-11-15,4168139,316111804,49.78635,51.927699,49.518682,50.187853,1.070674,2855
2017-11-16,2014259,153139484,50.857025,51.325445,50.187853,50.857025,0.669172,1520
2017-11-17,3423600,268912578,52.195367,53.199124,51.726947,52.59687,1.739845,2414
2017-11-20,1738575,134804469,52.998373,53.06529,51.526196,51.66003,-0.93684,1263
2017-11-21,3849170,304327446,52.329202,53.801379,51.726947,53.734461,2.074431,2420
2017-11-22,10286738,818409269,55.741976,56.544981,50.455522,50.790107,-2.944354,6770
2017-11-23,3312093,249605468,50.25477,51.057776,49.853268,50.656273,-0.133834,2226
2017-11-24,2347687,180507412,51.526196,52.061533,50.72319,50.790107,0.133834,1707
2017-11-27,1186480,90437680,51.325445,51.325445,50.790107,50.857025,0.066918,895
2017-11-28,1639231,125920632,50.857025,51.994616,50.522439,51.927699,1.070674,1137
2017-11-29,5648668,437252266,52.663787,53.199124,49.920185,50.522439,-1.40526,4082
2017-11-30,3124118,232670522,50.187853,50.72319,49.117179,49.78635,-0.736089,2480
2017-12-01,2479785,184576994,49.920185,50.790107,48.514925,49.920185,0.133835,1643
2017-12-04,1086117,80559014,49.987102,50.388605,49.251013,49.31793,-0.602255,829
2017-12-05,1804801,130757008,48.84951,49.184096,47.912671,48.046505,-1.271425,1374
2017-12-06,1479286,106068744,48.38109,49.184096,47.042748,47.377333,-0.669172,1184
2017-12-07,1443145,103031347,48.448008,48.448008,47.176582,47.511168,0.133835,1090
2017-12-08,1904909,138330844,48.180339,49.117179,47.979588,48.916428,1.40526,1400
2017-12-11,1660517,123664675,49.451765,50.388605,49.050262,50.054019,1.137591,1277
2017-12-12,1595099,118224994,50.656273,50.656273,48.84951,49.050262,-1.003757,1201
2017-12-13,3771515,286239315,50.054019,51.726947,49.920185,49.920185,0.869923,2693
2017-12-14,1697875,127399450,50.455522,50.990859,49.518682,49.518682,-0.401503,1320
2017-12-15,2491767,180910756,49.518682,49.518682,47.979588,47.979588,-1.539094,1344
2017-12-18,1679620,119948740,48.514925,48.581842,47.176582,47.979588,0.0,1295
2017-12-19,2614235,189439036,48.715676,49.050262,48.046505,48.180339,0.200751,1612
2017-12-20,1482595,106404356,48.180339,48.448008,47.645002,47.912671,-0.267668,1106
2017-12-21,1500155,108246404,48.113422,48.983345,47.645002,48.38109,0.468419,1064
2017-12-22,4853543,354929331,49.853268,50.187853,47.645002,47.645002,-0.736088,3101
2017-12-25,5294997,361962092,47.912671,47.912671,44.499897,45.503654,-2.141348,3488
2017-12-26,1327353,89777104,45.570571,45.972074,44.566814,44.834482,-0.669172,937
2017-12-27,621203,41840704,44.834482,45.302902,44.767565,45.102151,0.267669,459
2017-12-28,771392,52890687,45.436736,46.306659,45.436736,45.704405,0.602254,542
2017-12-29,594450,40888350,45.905156,46.306659,45.771322,46.038991,0.334586,417
2018-01-02,714717,48829056,46.038991,46.038991,45.570571,45.771322,-0.267669,566
2018-01-03,1354169,93391591,46.172825,46.440494,45.838239,46.239742,0.46842,1055
2018-01-04,2854886,201020033,46.641245,47.912671,46.306659,47.377333,1.137591,2019
2018-01-05,5927745,434288999,47.845753,50.187853,47.578085,49.585599,2.208266,3698
2018-01-08,2790521,203567554,49.920185,50.321687,47.711919,48.113422,-1.472177,1831
2018-01-09,2032885,143601379,47.444251,48.046505,46.908913,47.042748,-1.070674,1466
2018-01-10,3074720,222867764,47.243499,49.050262,47.243499,48.38109,1.338342,1937
2018-01-11,1838836,134340276,47.979588,49.451765,47.979588,49.050262,0.669172,1346
2018-01-12,2126801,156917806,49.518682,50.120936,48.715676,48.715676,-0.334586,1482
2018-01-15,1143971,83496886,49.518682,49.518682,48.247256,48.448008,-0.267668,704
2018-01-16,1362333,100261033,49.117179,49.719433,48.448008,49.31793,0.869922,943
2018-01-17,1328953,97073169,49.117179,49.518682,47.845753,48.514925,-0.803005,897
2018-01-18,1209402,87926033,48.514925,49.184096,48.247256,48.514925,0.0,898
2018-01-19,1629607,119195600,49.184096,49.652516,48.180339,48.514925,0.0,1065
2018-01-22,1803622,132508756,48.514925,49.987102,47.979588,49.987102,1.472177,1235
2018-01-23,2156938,161303542,50.388605,51.19161,49.184096,49.184096,-0.803006,1540
2018-01-24,974510,71717292,49.518682,49.920185,48.581842,49.719433,0.535337,769
2018-01-25,1031103,75624495,49.585599,49.853268,48.514925,48.581842,-1.137591,819
2018-01-26,2342712,174178600,48.715676,50.589356,48.314173,50.187853,1.606011,1573
2018-01-29,10687073,841975058,50.857025,54.403633,50.25477,53.734461,3.546608,7169
2018-01-30,8020463,631796237,53.734461,54.872053,50.990859,51.325445,-2.409016,5150
2018-01-31,5706339,447204342,50.990859,53.199124,50.321687,52.463036,1.137591,3842
2018-02-01,6209641,498118812,54.202881,55.005887,52.529953,52.59687,0.133834,4385
2018-02-02,2553022,198064699,52.262284,53.199124,51.325445,51.726947,-0.869923,2071
2018-02-05,2255611,172940212,49.719433,52.797622,49.585599,52.262284,0.535337,1709
2018-02-06,3826618,282657082,50.522439,51.258527,47.243499,48.84951,-3.412774,2782
2018-02-07,2119794,160015669,50.857025,51.526196,49.451765,49.451765,0.602255,1684
2018-02-08,1023590,76212611,49.719433,50.522439,49.117179,50.187853,0.736088,851
2018-02-09,2674652,198827673,48.648759,50.455522,48.314173,49.853268,-0.334585,1847
2018-02-12,1849484,138232104,50.790107,50.857025,49.585599,49.920185,0.066917,1300
2018-02-21,3802783,293128832,50.990859,52.529953,50.25477,52.061533,2.141348,2415
2018-02-22,3060480,239167031,52.061533,52.864539,51.325445,52.59687,0.535337,1856
2018-02-23,4376242,347728160,52.998373,53.801379,52.329202,53.53371,0.93684,2760
2018-02-26,21180809,1815864187,56.34423,58.887081,54.93897,55.608141,2.074431,10509
2018-02-27,6850891,566543651,56.210396,56.544981,53.868296,53.935213,-1.672928,4301
2018-03-01,2874934,234287988,53.667544,55.005887,53.53371,54.671301,0.736088,2196
2018-03-02,3481265,287451299,55.273556,56.076561,54.604384,54.671301,0.0,2572
2018-03-05,4929205,411503230,55.541224,56.81265,55.005887,56.143478,1.472177,3681
2018-03-06,4611600,386261977,57.481821,57.548738,55.206639,55.206639,-0.936839,3204
2018-03-07,2404964,197442166,55.139721,55.808893,54.202881,54.202881,-1.003758,1722
2018-03-08,1713941,140868848,54.805136,55.541224,54.537467,54.738219,0.535338,1288
2018-03-09,1068892,87590503,55.40739,55.40739,54.403633,54.738219,0.0,791
2018-03-12,3759170,300870629,53.801379,54.202881,53.266042,53.399876,-1.338343,2599
2018-03-13,2256564,181414966,54.202881,54.604384,53.199124,53.600627,0.200751,1752
2018-03-14,2324232,188963750,54.202881,54.805136,53.801379,54.671301,1.070674,1659
2018-03-15,2865167,236050358,55.072804,55.541224,54.537467,54.872053,0.200752,1713
2018-03-16,3026770,245330860,54.872053,55.40739,53.734461,54.269799,-0.602254,1678
2018-03-19,941701,75926086,54.269799,54.604384,53.734461,53.868296,-0.401503,708
2018-03-20,1630925,129575204,53.53371,53.868296,52.864539,53.06529,-0.803006,1140
2018-03-21,1349731,108113717,53.332959,54.336716,53.132207,53.734461,0.669171,911
2018-03-22,2489942,201697613,54.069047,54.604384,53.801379,54.00213,0.267669,1573
2018-03-23,2606281,203500936,50.990859,53.53371,50.990859,52.931456,-1.070674,1836
2018-03-26,1088815,86012985,52.59687,53.332959,52.59687,52.59687,-0.334586,825
2018-03-27,1250706,99870508,53.266042,53.935213,53.06529,53.399876,0.803006,822
2018-03-28,917125,72835150,53.132207,53.734461,52.59687,52.730704,-0.669172,771
2018-03-29,1326220,103706280,52.998373,53.266042,51.860782,52.061533,-0.669171,976
2018-03-30,682633,53563778,52.463036,52.797622,52.262284,52.396119,0.334586,470
2018-03-31,2762428,213404084,52.864539,52.931456,51.392362,51.392362,-1.003757,1541
2018-04-02,897201,69547579,51.593113,52.195367,51.593113,51.726947,0.334585,656
2018-04-03,1539950,116880450,51.19161,51.19161,50.455522,50.923942,-0.803005,1117
2018-04-09,1275271,97953971,50.857025,52.329202,50.455522,51.927699,1.003757,948
2018-04-10,3250677,243941575,50.656273,50.72319,49.78635,49.987102,-1.940597,2113
2018-04-11,2100867,156157758,50.25477,50.522439,48.916428,50.388605,0.401503,1521
2018-04-12,964486,72442744,50.455522,50.589356,50.054019,50.120936,-0.267669,768
2018-04-13,693600,51904300,50.25477,50.388605,49.719433,49.853268,-0.267668,488
2018-04-16,1176466,86337884,49.585599,49.719433,48.84951,48.84951,-1.003758,906
2018-04-17,1201792,86797858,48.782593,48.916428,47.912671,48.180339,-0.669171,853
2018-04-18,2133622,150661962,48.113422,48.514925,46.641245,46.841996,-1.338343,1475
2018-04-19,1973418,143099689,46.574328,49.451765,46.574328,49.050262,2.208266,1579
2018-04-20,566299,40933575,48.715676,48.715676,48.046505,48.247256,-0.803006,454
2018-04-23,632250,45070075,48.046505,48.514925,47.176582,47.645002,-0.602254,505
2018-04-24,2123970,145387057,47.176582,47.444251,45.102151,45.235985,-2.409017,1463
2018-04-25,1020695,69542160,45.169068,46.306659,44.633731,46.306659,1.070674,809
2018-04-26,1010470,69691142,46.708162,47.042748,45.503654,45.503654,-0.803005,814
2018-04-27,1700598,119356613,45.637488,47.778836,45.637488,47.645002,2.141348,1143
2018-04-30,1655570,117068555,47.310416,48.247256,46.172825,47.310416,-0.334586,1135
2018-05-02,2690499,195177873,48.514925,49.050262,47.711919,48.715676,1.40526,1798
2018-05-03,1693757,120901873,48.247256,48.314173,47.511168,47.511168,-1.204508,1132
2018-05-04,710335,50575185,47.912671,48.180339,47.377333,47.511168,0.0,620
2018-05-07,598596,42847889,47.845753,48.314173,47.511168,47.845753,0.334585,502
2018-05-08,2172881,156545523,47.711919,48.916428,47.243499,48.514925,0.669172,1442
2018-05-09,2204004,159071286,48.314173,49.117179,47.511168,47.511168,-1.003757,1373
2018-05-10,2939750,216007317,47.979588,49.987102,47.711919,49.853268,2.3421,1838
2018-05-11,1163988,85754714,49.987102,50.321687,48.715676,48.916428,-0.93684,896
2018-05-14,1721172,128702661,49.050262,50.455522,49.050262,50.455522,1.539094,1095
2018-05-15,1108350,81970150,50.388605,50.388605,49.184096,49.184096,-1.271426,867
2018-05-16,1998709,149759275,49.719433,50.790107,49.184096,50.187853,1.003757,1271
2018-05-17,1479679,109464142,50.321687,50.388605,48.983345,49.31793,-0.869923,1022
2018-05-18,934825,68934629,49.78635,49.78635,49.050262,49.384848,0.066918,683
2018-05-21,1034644,77222604,49.518682,50.321687,49.384848,49.987102,0.602254,675
2018-05-22,724489,53723132,49.987102,50.187853,49.31793,49.518682,-0.46842,506
2018-05-23,838000,62220700,49.78635,50.187853,49.251013,49.719433,0.200751,590
2018-05-24,963250,72695799,50.388605,50.857025,49.987102,50.187853,0.46842,723
2018-05-25,678350,51143600,50.187853,50.790107,49.853268,50.25477,0.066917,451
2018-05-28,1644382,126474785,50.72319,52.12845,50.455522,51.66003,1.40526,1082
2018-05-29,1733015,131727568,51.526196,51.526196,50.455522,50.857025,-0.803005,1215
2018-05-30,1129148,84475376,49.853268,50.321687,49.853268,50.187853,-0.669172,826
2018-05-31,1296610,97488941,50.455522,51.19161,49.518682,49.518682,-0.669171,736
2018-06-01,809504,60660649,49.585599,50.522439,49.585599,50.321687,0.803005,521
2018-06-04,1048719,79924428,50.857025,51.19161,50.455522,51.19161,0.869923,678
2018-06-05,1662839,128305303,51.593113,52.061533,50.923942,51.593113,0.401503,1200
2018-06-06,1558747,121523712,51.860782,52.59687,51.66003,52.329202,0.736089,1127
2018-06-07,1315811,102976480,52.864539,52.864539,51.860782,52.463036,0.133834,987
2018-06-08,1424604,111986153,53.132207,53.132207,52.12845,52.195367,-0.267669,964
2018-06-11,1584336,125032976,52.797622,53.06529,52.529953,53.06529,0.869923,930
2018-06-12,6554618,533012640,53.868296,55.340473,53.667544,53.667544,0.602254,3516
2018-06-13,2419967,195716560,54.336716,54.805136,53.667544,53.868296,0.200752,1379
2018-06-14,3561398,290815176,53.600627,55.206639,53.600627,54.537467,0.669171,2190
2018-06-15,8401814,657578592,54.202881,54.336716,52.061533,52.061533,-2.475934,2070
2018-06-19,1705201,128927173,51.392362,51.392362,50.054019,50.455522,-1.606011,1309
2018-06-20,1126521,83887231,50.455522,51.124693,48.983345,50.120936,-0.334586,837
2018-06-21,573019,43364744,50.187853,50.990859,50.120936,50.589356,0.46842,480
2018-06-22,647294,48258750,50.187853,50.321687,49.585599,49.652516,-0.93684,471
2018-06-25,714260,52668992,49.78635,50.25477,49.050262,49.117179,-0.535337,508
2018-06-26,804585,59759380,48.983345,50.522439,48.84951,50.054019,0.93684,600
2018-06-27,852579,63771819,50.388605,50.72319,49.518682,49.987102,-0.066917,612
2018-06-28,577406,42612244,49.518682,49.987102,49.117179,49.184096,-0.803006,448
2018-06-29,623436,46270649,49.451765,49.920185,49.451765,49.652516,0.46842,478
2018-07-02,732300,54004139,49.719433,49.853268,49.184096,49.184096,-0.46842,634
2018-07-03,697423,51257618,49.585599,49.719433,48.84951,48.916428,-0.267668,524
2018-07-04,879526,63478338,48.916428,48.916428,47.979588,48.180339,-0.736089,644
2018-07-05,492505,35554909,48.38109,48.782593,47.845753,48.046505,-0.133834,357
2018-07-06,997992,72487616,48.916428,49.184096,48.046505,48.782593,0.736088,809
2018-07-09,507292,37094716,49.117179,49.451765,48.448008,48.84951,0.066917,369
2018-07-10,530981,39105307,49.117179,49.652516,48.84951,49.31793,0.46842,404
2018-07-11,435125,31961636,48.84951,49.585599,48.782593,49.518682,0.200752,341
2018-07-12,914216,67834891,49.719433,50.25477,49.31793,49.652516,0.133834,747
2018-07-13,432290,32167533,49.853268,50.054019,49.518682,49.920185,0.267669,314
2018-07-16,3695466,265587883,50.120936,50.120936,47.377333,47.511168,-2.409017,2052
2018-07-17,1406656,101318526,47.645002,48.648759,47.645002,48.247256,0.736088,1056
2018-07-18,586501,42262021,48.648759,48.648759,47.979588,48.180339,-0.066917,476
2018-07-19,610806,44125334,48.314173,48.84951,48.046505,48.180339,0.0,437
2018-07-20,449130,32349698,48.314173,48.648759,47.979588,48.046505,-0.133834,318
2018-07-23,1514003,107077411,48.180339,48.247256,46.908913,46.975831,-1.070674,957
2018-07-24,904250,64641424,47.176582,48.314173,47.109665,48.314173,1.338342,716
2018-07-25,441247,31711684,48.180339,48.581842,47.711919,47.845753,-0.46842,314
2018-07-26,292612,21067269,47.912671,48.314173,47.912671,48.247256,0.401503,245
2018-07-27,558700,40456048,48.314173,48.715676,48.180339,48.314173,0.066917,399
2018-07-30,689318,50146571,48.648759,48.983345,48.514925,48.514925,0.200752,503
2018-07-31,1544191,112963156,48.782593,49.451765,48.648759,48.782593,0.267668,1104
2018-08-01,1518735,112653528,49.050262,49.920185,49.050262,49.853268,1.070675,1166
2018-08-02,1156500,86244147,49.920185,50.25477,49.451765,50.120936,0.267668,886
2018-08-03,2172241,165494258,50.857025,51.526196,50.455522,51.526196,1.40526,1407
2018-08-06,1247376,96378758,51.927699,52.061533,51.19161,51.860782,0.334586,922
2018-08-07,714971,55279438,51.860782,51.860782,51.526196,51.793865,-0.066917,512
2018-08-08,1789854,140020665,51.526196,52.663787,51.526196,52.529953,0.736088,1191
2018-08-09,1146985,90270018,52.663787,52.998373,52.329202,52.730704,0.200751,840
2018-08-10,1479338,116755427,52.59687,53.06529,52.195367,52.195367,-0.535337,965
2018-08-13,2318446,179703106,52.396119,52.529953,50.923942,51.793865,-0.401502,1494
2018-08-14,1569000,117161694,51.864525,53.772348,51.864525,53.701688,1.907823,1090
2018-08-15,2173974,166859411,53.701688,54.761589,53.065747,54.266969,0.565281,1569
2018-08-16,3306468,259037844,54.408289,55.750831,54.337629,55.468191,1.201222,2250
2018-08-17,3423688,273182293,55.892151,56.881393,55.468191,56.386772,0.918581,2057
2018-08-20,2598678,209111623,57.234693,57.799974,55.821491,56.104132,-0.28264,1832
2018-08-21,4781949,390076220,56.669412,58.223935,56.528092,57.941295,1.837163,2916
2018-08-22,1683000,137150998,57.234693,58.294595,56.740073,57.799974,-0.141321,1223
2018-08-23,930001,75624379,57.446674,57.799974,57.093373,57.799974,0.0,699
2018-08-24,1127025,91810209,57.941295,58.294595,56.669412,56.810733,-0.989241,840
2018-08-27,1073300,87306470,57.376014,58.011955,56.952053,57.446674,0.635941,746
2018-08-28,3121576,258009015,57.517334,59.001196,57.234693,59.001196,1.554522,1951
2018-08-29,2830299,237066085,59.707797,60.485059,57.941295,58.082615,-0.918581,2105
2018-08-30,1558616,129705758,58.153275,59.566477,57.799974,59.566477,1.483862,1220
2018-08-31,2633138,223486853,59.707797,60.697039,58.718556,59.778458,0.211981,1853
2018-09-03,852773,71662996,60.061098,60.555719,58.789216,59.283837,-0.494621,685
2018-09-04,988043,83026687,59.354497,59.919778,58.435915,59.142516,-0.141321,747
2018-09-05,759697,63754348,58.859876,60.061098,58.718556,59.354497,0.211981,631
2018-09-06,949023,78896720,59.354497,59.354497,58.153275,59.001196,-0.353301,728
2018-09-07,1537431,128738573,58.859876,59.919778,57.870634,58.577236,-0.42396,1101
2018-09-10,1786949,141740797,58.577236,58.859876,54.549609,55.11489,-3.462346,1302
2018-09-11,599523,47249167,55.32687,56.457432,55.18555,55.680171,0.565281,490
2018-09-12,932361,74027358,55.680171,57.093373,55.18555,56.598752,0.918581,676
2018-09-13,653163,51571207,56.881393,57.234693,55.25621,55.538851,-1.059901,584
2018-09-14,670542,52863741,56.033471,56.245452,55.11489,55.962811,0.42396,551
2018-09-17,951762,76762900,55.892151,57.517334,55.680171,57.446674,1.483863,710
2018-09-18,1053820,83885380,57.446674,57.517334,55.680171,55.821491,-1.625183,810
2018-09-19,566865,44788235,56.174792,56.386772,55.609511,55.821491,0.0,445
2018-09-20,568675,45193065,56.174792,56.528092,55.821491,56.528092,0.706601,431
2018-09-21,1089043,85098540,56.669412,56.669412,54.761589,55.04423,-1.483862,708
2018-09-25,783650,61271688,54.761589,56.528092,53.701688,55.538851,0.494621,615
2018-09-26,296003,23240336,55.468191,56.033471,55.04423,55.680171,0.14132,251
2018-09-27,518300,40819440,55.680171,56.033471,55.18555,55.821491,0.14132,412
2018-09-28,632270,49956738,55.821491,56.174792,55.468191,55.962811,0.14132,440
2018-10-01,187005,14798900,56.174792,56.174792,55.609511,56.033471,0.07066,168
2018-10-02,868578,68837585,56.033471,56.881393,55.11489,56.881393,0.847922,547
2018-10-03,1628380,126747196,56.033471,56.740073,54.054988,54.054988,-2.826405,1243
2018-10-04,551339,41880733,53.701688,54.196308,53.136407,53.560367,-0.494621,451
2018-10-05,977145,71938975,52.995086,53.065747,50.875283,52.076505,-1.483862,772
2018-10-08,756399,54840524,51.228584,52.217825,50.733963,50.945943,-1.130562,559
2018-10-09,850941,60441684,51.299244,51.299244,49.815381,50.310002,-0.635941,643
2018-10-11,1796550,119947750,47.766238,48.190199,46.282376,46.706336,-3.603666,1235
2018-10-12,640461,43294976,46.282376,48.472839,46.282376,48.119539,1.413203,543
2018-10-15,589388,40568239,48.119539,49.17944,47.695578,49.17944,1.059901,488
2018-10-16,704560,48341258,49.17944,49.2501,47.978218,48.048878,-1.130562,582
2018-10-17,544100,37149039,48.543499,48.8968,47.836898,47.836898,-0.21198,460
2018-10-18,491380,33070249,47.836898,48.331519,47.200957,47.342277,-0.494621,412
2018-10-19,1331226,86929723,46.706336,46.847656,45.929075,45.929075,-1.413202,823
2018-10-22,647933,43478547,45.575774,48.402179,45.575774,47.836898,1.907823,532
2018-10-23,846000,55647500,47.624918,47.624918,45.858415,45.929075,-1.907823,697
2018-10-24,417504,27246611,45.929075,46.635676,45.505114,45.999735,0.07066,360
2018-10-25,868648,54184700,43.950592,44.727853,43.667951,43.738611,-2.261124,626
2018-10-26,681210,41848520,44.515873,44.586533,42.537389,43.03201,-0.706601,523
2018-10-29,621419,37994586,43.17333,44.021252,42.325409,43.597291,0.565281,432
2018-10-30,1254330,74258292,42.396069,43.597291,41.124187,41.548148,-2.049143,958
2018-10-31,1441816,84677876,41.689468,42.042769,41.053527,41.265507,-0.282641,1101
2018-11-01,1485420,87829300,41.548148,42.537389,40.982867,41.477488,0.211981,1199
2018-11-02,1119866,66526060,41.689468,42.396069,41.618808,42.113429,0.635941,837
2018-11-05,1131250,66393775,41.689468,41.901448,41.124187,41.336167,-0.777262,873
2018-11-06,1504510,85931434,41.336167,41.336167,39.922965,39.993625,-1.342542,1041
2018-11-07,833375,47646436,40.134945,40.770887,40.134945,40.346926,0.353301,657
2018-11-08,1106204,64033836,40.770887,41.336167,40.558906,40.982867,0.635941,888
2018-11-09,841200,48063000,40.982867,40.982867,40.205606,40.488246,-0.494621,651
2018-11-12,746340,42408251,39.640325,40.488246,39.640325,40.205606,-0.28264,566
2018-11-13,787550,44194650,39.357684,39.993625,39.216364,39.993625,-0.211981,676
2018-11-14,802633,46332039,40.064285,41.265507,40.064285,40.770887,0.777262,668
2018-11-15,1019350,58207400,40.912207,41.053527,39.922965,40.700226,-0.070661,872
2018-11-16,441547,25485017,40.912207,40.982867,40.417586,40.770887,0.070661,364
2018-11-19,685628,40130224,40.982867,41.618808,40.841547,41.548148,0.777261,562
2018-11-20,761370,44267730,41.336167,41.336167,40.770887,40.982867,-0.565281,624
2018-11-21,724420,41556842,40.629566,40.912207,40.346926,40.558906,-0.423961,605
2018-11-22,305420,17676760,40.770887,41.194847,40.700226,40.841547,0.282641,260
2018-11-23,257173,14843251,40.912207,41.194847,40.629566,40.770887,-0.07066,202
2018-11-26,284857,16613189,40.841547,41.406828,40.841547,41.406828,0.635941,234
2018-11-27,912932,52568022,41.548148,41.618808,40.205606,40.982867,-0.423961,715
2018-11-28,1518720,90954329,41.336167,43.314651,40.841547,42.89069,1.907823,1114
2018-11-29,1525050,92431424,43.455971,43.597291,42.466729,42.466729,-0.423961,1159
2018-11-30,1478800,88648800,43.10267,43.314651,41.548148,41.548148,-0.918581,972
2018-12-03,2385850,147719033,42.396069,44.798513,42.396069,44.657193,3.109045,1679
2018-12-04,1518152,94821082,44.374552,44.586533,43.667951,43.809271,-0.847922,1180
2018-12-05,1036400,63576580,43.17333,43.809271,42.82003,43.809271,0.0,779
2018-12-06,1631771,97450817,43.455971,43.526631,41.336167,41.477488,-2.331783,1275
2018-12-07,479300,28386510,41.760128,42.254749,41.689468,41.901448,0.42396,407
2018-12-10,466161,27113846,41.336167,41.406828,40.629566,41.194847,-0.706601,327
2018-12-11,492965,28726650,41.194847,41.548148,40.982867,40.982867,-0.21198,435
2018-12-12,726223,42572580,41.265507,41.689468,41.194847,41.618808,0.635941,574
2018-12-13,1217350,71814995,41.830788,42.325409,41.124187,42.042769,0.423961,814
2018-12-14,2663213,161887229,42.82003,43.667951,42.466729,42.60805,0.565281,1951
2018-12-17,724835,43549515,42.82003,42.89069,42.184089,42.396069,-0.211981,537
2018-12-18,920972,54139848,41.830788,41.972108,41.265507,41.336167,-1.059902,720
2018-12-19,514800,30073537,41.548148,41.689468,41.053527,41.194847,-0.14132,408
2018-12-20,1227820,70456150,41.124187,41.265507,39.993625,40.064285,-1.130562,888
2018-12-21,739455,41907661,39.922965,40.488246,39.710985,40.134945,0.07066,515
2018-12-22,216629,12321178,40.205606,40.417586,40.064285,40.134945,0.0,190
2018-12-24,655100,37730509,40.276266,41.053527,40.064285,40.700226,0.565281,497
2018-12-25,232750,13291175,40.276266,40.558906,40.134945,40.558906,-0.14132,185
2018-12-26,596250,34529450,40.629566,41.336167,40.346926,40.558906,0.0,474
2018-12-27,789552,46294555,41.336167,41.689468,41.053527,41.336167,0.777261,576
2018-12-28,192351,11216838,41.477488,41.477488,40.982867,41.194847,-0.14132,162
2019-01-02,494000,29070900,41.336167,41.830788,41.265507,41.406828,0.211981,368
2019-01-03,586144,33935021,41.406828,41.477488,40.488246,40.558906,-0.847922,474
2019-01-04,579643,32886163,40.558906,40.558906,39.710985,40.488246,-0.07066,449
2019-01-07,370806,21585669,40.982867,41.477488,40.841547,41.477488,0.989242,308
2019-01-08,506376,29478118,41.548148,41.548148,40.841547,40.912207,-0.565281,456
2019-01-09,1480434,87306778,41.194847,41.901448,41.194847,41.830788,0.918581,971
2019-01-10,2091642,126630066,41.901448,43.243991,41.901448,42.89069,1.059902,1568
2019-01-11,2029307,124918596,42.96135,43.950592,42.96135,43.738611,0.847921,1527
2019-01-14,1289700,79665330,44.091912,44.091912,43.243991,43.738611,0.0,942
2019-01-15,1468757,91615011,43.526631,44.303892,43.455971,44.233232,0.494621,1118
2019-01-16,2332482,149109286,44.233232,45.646434,44.091912,45.646434,1.413202,1563
2019-01-17,2277459,142453624,45.363794,45.363794,43.243991,43.597291,-2.049143,1638
2019-01-18,1588641,100010136,43.455971,45.081154,43.314651,44.727853,1.130562,1244
2019-01-21,2169037,141002007,45.363794,46.494356,45.293134,45.787755,1.059902,1440
2019-01-22,1410893,91280232,45.717095,46.141055,45.010493,46.141055,0.3533,869
2019-01-23,1795826,118578459,46.282376,47.059637,45.787755,46.918317,0.777262,1210
2019-01-24,1082270,71409411,46.988977,47.200957,46.353036,46.353036,-0.565281,852
2019-01-25,1454152,96914311,46.635676,47.695578,46.211715,47.342277,0.989241,946
2019-01-28,1144753,76087251,47.342277,47.695578,46.565016,46.776996,-0.565281,861
2019-01-29,7656267,530325693,47.271617,50.310002,47.271617,48.96746,2.190464,5112
2019-01-30,3594968,254316735,49.462081,50.592643,49.32076,49.815381,0.847921,2557
2019-02-11,2908531,212513373,50.804623,52.500466,50.239342,52.005845,2.190464,2264
2019-02-12,1617875,118880832,52.288485,52.359145,51.228584,51.723204,-0.282641,1153
2019-02-13,1560644,113094967,52.217825,52.288485,50.663303,50.663303,-1.059901,1310
2019-02-14,1711540,126034896,51.369904,52.500466,51.228584,51.864525,1.201222,1240
2019-02-15,786308,57574857,51.864525,52.217825,51.087263,52.217825,0.3533,634
2019-02-18,1345220,99289060,52.995086,52.995086,51.511224,51.581884,-0.635941,991
2019-02-19,605400,44486100,52.076505,52.359145,51.440564,52.288485,0.706601,434
2019-02-20,882732,64811275,52.359145,52.500466,51.581884,52.005845,-0.28264,699
2019-02-21,681173,49922649,51.935185,52.076505,51.511224,52.005845,0.0,475
2019-02-22,513697,37632118,52.005845,52.076505,51.511224,51.652544,-0.353301,399
2019-02-25,785420,56952860,51.723204,52.005845,50.945943,50.945943,-0.706601,618
2019-02-26,814507,59167907,51.228584,51.723204,50.945943,51.299244,0.353301,679
2019-02-27,700900,50614539,51.511224,51.581884,50.592643,51.581884,0.28264,471
2019-03-04,510215,36868621,51.935185,51.935185,50.875283,51.016603,-0.565281,436
2019-03-05,887155,63517805,51.016603,51.087263,50.168682,50.168682,-0.847921,757
2019-03-06,1116914,79035224,50.239342,50.521982,49.674061,49.886041,-0.282641,891
2019-03-07,1488868,107984402,50.239342,52.005845,50.239342,50.875283,0.989242,1144
2019-03-08,883066,63125258,50.804623,51.087263,50.168682,50.310002,-0.565281,743
2019-03-11,758075,53785760,50.168682,50.733963,49.886041,49.886041,-0.423961,652
2019-03-12,642987,45668372,50.380662,50.592643,50.027362,50.098022,0.211981,560
2019-03-13,555648,39653195,50.168682,50.945943,50.027362,50.592643,0.494621,458
2019-03-14,1054854,75622886,51.440564,51.440564,50.239342,50.239342,-0.353301,826
2019-03-15,731795,51900284,50.380662,50.521982,49.886041,49.886041,-0.353301,482
2019-03-18,519308,37083720,49.886041,50.733963,49.886041,50.521982,0.635941,431
2019-03-19,758248,54764101,50.521982,51.369904,50.521982,51.157923,0.635941,672
2019-03-20,652121,47423933,51.299244,51.723204,50.945943,51.581884,0.423961,506
2019-03-21,1616150,119287865,52.995086,52.995086,51.299244,51.299244,-0.28264,1309
2019-03-22,743210,54499933,51.440564,52.288485,51.440564,51.864525,0.565281,633
2019-03-25,426153,30788491,51.299244,51.511224,50.733963,51.016603,-0.847922,316
2019-03-26,569007,41747009,51.087263,52.147165,51.087263,52.005845,0.989242,492
2019-03-27,521347,38517705,52.076505,52.500466,51.935185,52.005845,0.0,428
2019-03-28,468026,34490124,51.935185,52.359145,51.652544,52.005845,0.0,376
2019-03-29,440100,32221820,52.217825,52.288485,51.581884,51.581884,-0.423961,332
2019-04-01,460502,33345791,51.228584,51.369904,50.875283,51.369904,-0.21198,374
2019-04-02,489815,35815355,51.369904,51.935185,51.369904,51.723204,0.3533,420
2019-04-03,365275,26731556,52.076505,52.076505,51.299244,51.511224,-0.21198,308
2019-04-08,639254,46967690,52.076505,52.217825,51.581884,52.005845,0.494621,467
2019-04-09,412034,30340193,52.288485,52.288485,51.723204,52.076505,0.07066,339
2019-04-10,919112,66421719,51.935185,51.935185,50.663303,51.157923,-0.918582,719
2019-04-11,275742,20007291,51.299244,51.440564,51.157923,51.228584,0.070661,245
2019-04-12,312366,22523434,51.228584,51.228584,50.875283,50.875283,-0.353301,262
2019-04-15,297763,21569699,50.945943,51.440564,50.875283,51.440564,0.565281,249
2019-04-16,589449,43138163,52.005845,52.005845,51.511224,51.581884,0.14132,498
2019-04-17,367085,26923220,51.723204,51.935185,51.652544,51.723204,0.14132,306
2019-04-18,546098,39796837,51.723204,51.723204,51.157923,51.440564,-0.28264,406
2019-04-19,403240,29549014,51.581884,51.935185,51.581884,51.935185,0.494621,307
2019-04-22,5343071,413523228,53.065747,55.609511,53.065747,55.18555,3.250365,3956
2019-04-23,1910863,147269834,55.18555,55.18555,53.772348,54.196308,-0.989242,1425
2019-04-24,1646900,127224139,54.761589,55.468191,53.631028,54.054988,-0.14132,1209
2019-04-25,945214,72003964,54.054988,54.690929,53.348387,53.489707,-0.565281,753
2019-04-26,1056694,78680739,53.560367,53.631028,52.217825,52.429806,-1.059901,814
2019-04-29,653439,47963097,52.641786,52.712446,51.369904,51.652544,-0.777262,473
2019-04-30,893317,65880758,51.864525,52.359145,51.723204,52.288485,0.635941,655
2019-05-02,1572206,115251077,52.005845,52.429806,51.440564,51.440564,-0.847921,1212
2019-05-03,624655,45660469,51.440564,51.935185,51.440564,51.793865,0.353301,578
2019-05-06,1024400,73954659,51.299244,51.299244,50.733963,50.804623,-0.989242,733
2019-05-07,595763,43043916,50.875283,51.228584,50.875283,50.945943,0.14132,520
2019-05-08,388383,28014666,50.592643,51.369904,50.310002,50.945943,0.0,304
2019-05-09,1109588,78618226,50.733963,50.875283,49.674061,49.674061,-1.271882,829
2019-05-10,1210545,84397022,49.674061,50.168682,48.75548,48.96746,-0.706601,882
2019-05-13,944192,63924756,49.03812,49.10878,47.342277,47.554258,-1.413202,666
2019-05-14,1380139,91300126,46.635676,47.342277,45.929075,46.847656,-0.706602,1057
2019-05-15,622004,41650568,47.342277,47.554258,47.130297,47.342277,0.494621,510
2019-05-16,551007,36792969,47.412937,47.695578,46.776996,46.776996,-0.565281,437
2019-05-17,1057015,69222690,46.847656,47.059637,45.929075,46.070395,-0.706601,762
2019-05-20,776580,51051638,46.635676,47.059637,46.070395,46.282376,0.211981,618
2019-05-21,953612,62017092,46.211715,46.353036,45.717095,46.070395,-0.211981,737
2019-05-22,547986,35763880,46.070395,46.353036,45.999735,46.070395,0.0,471
2019-05-23,763315,49303005,45.999735,45.999735,45.363794,45.646434,-0.423961,593
2019-05-24,608000,39610499,45.646434,46.353036,45.646434,45.929075,0.282641,492
2019-05-27,346049,22423002,45.929075,46.070395,45.575774,45.858415,-0.07066,287
2019-05-28,498457,32777019,46.070395,46.988977,45.717095,46.988977,1.130562,339
2019-05-29,1125800,73141058,46.353036,46.353036,45.717095,45.787755,-1.201222,870
2019-05-30,1044007,68651661,46.282376,46.918317,46.141055,46.635676,0.847921,879
2019-05-31,1075016,71774072,46.776996,47.624918,46.565016,47.412937,0.777261,825
2019-06-03,390014,25887632,47.342277,47.342277,46.635676,47.059637,-0.3533,336
2019-06-04,770434,51005530,47.059637,47.342277,46.423696,46.423696,-0.635941,629
2019-06-05,847576,56301358,47.059637,47.200957,46.706336,46.988977,0.565281,601
2019-06-06,800463,53132489,47.130297,47.130297,46.706336,46.847656,-0.141321,502
2019-06-10,753410,49985403,46.918317,47.271617,46.635676,46.706336,-0.14132,611
2019-06-11,944030,63182815,46.847656,47.554258,46.847656,47.412937,0.706601,629
2019-06-12,1241733,84530198,47.483597,48.75548,47.342277,48.543499,1.130562,872
2019-06-13,684004,46701672,48.543499,48.75548,47.836898,48.048878,-0.494621,537
2019-06-14,351130,23863704,48.119539,48.260859,47.907558,47.907558,-0.14132,271
2019-06-17,749568,50300025,47.483597,47.907558,47.200957,47.200957,-0.706601,631
2019-06-18,480812,31963779,47.130297,47.412937,46.706336,46.918317,-0.28264,393
2019-06-19,525142,35408456,47.483597,47.836898,47.483597,47.554258,0.635941,419
2019-06-20,715670,48812791,47.624918,48.472839,47.624918,48.260859,0.706601,510
2019-06-21,1953530,132268226,48.684819,48.75548,47.483597,47.483597,-0.777262,724
2019-06-24,1951059,134891637,47.624918,49.744721,47.624918,49.744721,2.261124,1440
2019-06-25,2107920,150208576,49.815381,50.804623,49.744721,50.521982,0.777261,1490
2019-06-26,950533,67712262,50.239342,50.804623,49.815381,50.521982,0.0,772
2019-06-27,1064528,76374116,50.733963,51.016603,50.027362,50.592643,0.070661,777
2019-06-28,568000,40846698,50.592643,51.087263,50.592643,50.592643,0.0,465
2019-07-01,1350995,98855330,51.511224,52.147165,50.875283,51.935185,1.342542,976
2019-07-02,984410,72790142,52.217825,52.359145,51.723204,52.288485,0.3533,736
2019-07-03,776329,57210146,52.429806,52.429806,51.793865,52.288485,0.0,568
2019-07-04,743336,54811293,51.935185,52.359145,51.935185,52.217825,-0.07066,513
2019-07-05,334171,24617454,52.076505,52.288485,51.864525,52.217825,0.0,219
2019-07-08,332050,24453374,52.288485,52.288485,51.864525,51.935185,-0.28264,231
2019-07-09,1299400,94359000,51.228584,51.864525,50.592643,51.723204,-0.211981,947
2019-07-10,634860,46746677,51.440564,52.288485,51.369904,52.288485,0.565281,378
2019-07-11,632641,46996961,52.429806,52.783106,52.217825,52.429806,0.141321,423
2019-07-12,482235,35782406,52.429806,52.783106,52.288485,52.429806,0.0,322
2019-07-15,838155,62540470,52.641786,53.065747,52.288485,52.995086,0.56528,495
2019-07-16,974584,72799704,53.348387,53.419047,52.288485,52.429806,-0.56528,689
2019-07-17,836309,62138982,52.359145,52.853766,52.217825,52.641786,0.21198,643
2019-07-18,557278,40999872,52.641786,52.641786,51.652544,51.652544,-0.989242,387
2019-07-19,387000,28376898,51.723204,52.147165,51.581884,51.581884,-0.07066,276
2019-07-22,348336,25604390,51.581884,52.217825,51.581884,52.076505,0.494621,287
2019-07-23,453700,33521978,52.217825,52.500466,52.005845,52.288485,0.21198,336
2019-07-24,400630,29836895,52.429806,52.853766,52.288485,52.429806,0.141321,363
2019-07-25,598085,44729175,52.641786,53.065747,52.429806,52.853766,0.42396,418
2019-07-26,433815,32391177,52.924426,52.995086,52.500466,52.783106,-0.07066,260
2019-07-29,692514,51706596,53.065747,53.136407,52.429806,52.500466,-0.28264,456
2019-07-30,3015489,213852619,52.288485,52.288485,49.391421,49.462081,-3.038385,2001
2019-07-31,1091232,76637216,49.462081,50.098022,49.462081,49.462081,0.0,790
2019-08-01,762205,54156555,49.462081,50.451322,49.462081,50.239342,0.777261,555
2019-08-02,662392,46825032,49.462081,50.239342,49.462081,50.027362,-0.21198,398
2019-08-05,767958,54075448,49.603401,50.027362,49.532741,49.603401,-0.423961,572
2019-08-06,708206,49355192,48.614159,49.815381,48.260859,49.532741,-0.07066,545
2019-08-07,839109,59677757,49.744721,50.733963,49.744721,49.886041,0.3533,569
2019-08-08,876517,62060307,49.815381,50.310002,49.815381,50.168682,0.282641,498
2019-08-12,1512826,107846172,50.168682,50.592643,50.168682,50.451322,0.28264,860
2019-08-13,1553926,103475197,50.451322,50.980796,49.77057,49.77057,-0.680752,824
2019-08-14,461516,30710617,50.073126,50.526961,49.997487,50.300044,0.529474,350
2019-08-15,672164,43607840,49.392374,49.392374,48.8629,48.8629,-1.437144,535
2019-08-16,641134,42110835,49.014178,50.526961,48.938539,50.300044,1.437144,515
2019-08-19,360924,24197081,50.300044,50.905157,50.300044,50.905157,0.605113,275
2019-08-20,299135,20037484,50.980796,51.132075,50.451322,50.526961,-0.378196,240
2019-08-21,289249,19393731,50.526961,50.905157,50.526961,50.829518,0.302557,211
2019-08-22,286463,19291005,51.056436,51.132075,50.753879,50.980796,0.151278,253
2019-08-23,201050,13500979,51.056436,51.056436,50.67824,50.753879,-0.226917,171
2019-08-26,257072,17023930,49.921848,50.526961,49.921848,50.451322,-0.302557,220
2019-08-27,346410,22978903,50.451322,50.829518,49.997487,49.997487,-0.453835,294
2019-08-28,268517,17789078,49.921848,50.300044,49.921848,50.300044,0.302557,210
2019-08-29,243816,16313634,50.300044,50.753879,50.300044,50.67824,0.378196,214
2019-08-30,285262,19157405,50.829518,51.056436,50.602601,50.602601,-0.075639,251
2019-09-02,183118,12296753,50.602601,50.980796,50.451322,50.980796,0.378195,156
2019-09-03,105613,7097077,51.056436,51.056436,50.67824,50.829518,-0.151278,91
2019-09-04,240254,16137892,50.829518,50.980796,50.67824,50.829518,0.0,209
2019-09-05,298836,20132580,51.056436,51.132075,50.829518,50.829518,0.0,237
2019-09-06,266334,17929844,51.056436,51.056436,50.753879,50.980796,0.151278,213
2019-09-09,337980,22492860,50.753879,50.753879,50.148766,50.224405,-0.756391,292
2019-09-10,223880,14833207,50.602601,50.602601,49.997487,50.073126,-0.151279,201
2019-09-11,401542,26523324,49.997487,50.300044,49.619292,49.694931,-0.378195,353
2019-09-12,282450,18637723,49.921848,50.148766,49.694931,50.148766,0.453835,225
2019-09-16,138236,9155596,50.148766,50.224405,49.997487,50.224405,0.075639,123
2019-09-17,151111,9981268,50.224405,50.224405,49.846209,49.921848,-0.302557,126
2019-09-18,1641275,106291782,49.921848,49.921848,48.560343,48.560343,-1.361505,1277
2019-09-19,496775,32309982,48.938539,49.468013,48.711622,49.316735,0.756392,386
2019-09-20,767576,50824931,49.316735,50.526961,49.316735,50.526961,1.210226,602
2019-09-23,1649709,112923391,51.434631,52.115384,51.434631,51.661549,1.134588,1240
2019-09-24,524301,35399132,51.888466,51.888466,50.753879,50.905157,-0.756392,436
2019-09-25,363982,24230194,50.753879,50.753879,50.073126,50.300044,-0.605113,291
2019-09-26,281212,18684073,50.451322,50.753879,49.921848,49.921848,-0.378196,229
2019-09-27,497845,32441746,49.997487,49.997487,49.014178,49.165457,-0.756391,410
2019-10-01,232000,15140299,49.543652,49.543652,49.241096,49.241096,0.075639,192
2019-10-02,233670,15324020,49.241096,49.921848,49.241096,49.846209,0.605113,192
2019-10-03,164481,10788447,49.619292,49.846209,49.316735,49.543652,-0.302557,141
2019-10-04,324126,21127940,49.846209,49.846209,49.165457,49.165457,-0.378195,266
2019-10-07,158656,10389396,49.619292,49.77057,49.316735,49.619292,0.453835,138
2019-10-08,396501,25801814,49.241096,49.543652,48.938539,49.543652,-0.07564,285
2019-10-09,363393,23574545,49.165457,49.241096,48.938539,48.938539,-0.605113,296
2019-10-14,433600,28607018,49.619292,50.148766,49.468013,49.921848,0.983309,389
2019-10-15,284280,18707724,49.921848,50.073126,49.392374,49.543652,-0.378196,196
2019-10-16,272700,17886858,49.694931,49.846209,49.468013,49.619292,0.07564,227
2019-10-17,630519,42043421,49.619292,50.829518,49.543652,50.829518,1.210226,533
2019-10-18,1216824,82116032,50.980796,51.434631,50.148766,51.434631,0.605113,757
2019-10-21,290600,19613200,51.283353,51.283353,50.829518,51.283353,-0.151278,248
2019-10-22,707205,47988496,51.434631,51.661549,50.905157,51.056436,-0.226917,608
2019-10-23,339620,22947321,51.056436,51.283353,50.829518,51.283353,0.226917,260
2019-10-24,206635,13980805,51.283353,51.358992,50.905157,51.283353,0.0,178
2019-10-25,294604,19981029,51.358992,51.58591,51.056436,51.056436,-0.226917,227
2019-10-28,316760,21518659,51.510271,51.510271,51.132075,51.510271,0.453835,248
2019-10-29,1217285,83156065,51.737188,52.720497,50.980796,50.980796,-0.529475,985
2019-10-30,744883,49707746,50.980796,50.980796,50.224405,50.375683,-0.605113,577
2019-10-31,415794,27738233,50.451322,50.753879,50.300044,50.300044,-0.075639,351
2019-11-01,471001,31168164,50.148766,50.300044,49.921848,50.224405,-0.075639,415
2019-11-04,432634,28988629,50.224405,51.056436,50.073126,50.67824,0.453835,391
2019-11-05,387760,25948293,50.67824,50.980796,50.300044,50.451322,-0.226918,336
2019-11-06,368587,24478207,50.451322,50.526961,49.997487,50.300044,-0.151278,333
2019-11-07,443436,29384159,50.300044,50.526961,49.921848,49.921848,-0.378196,393
2019-11-08,317010,20933960,50.073126,50.073126,49.846209,50.073126,0.151278,276
2019-11-11,485533,31839069,50.073126,50.148766,49.392374,49.468013,-0.605113,410
2019-11-12,492376,32438162,49.468013,50.073126,49.468013,49.921848,0.453835,365
2019-11-13,1124060,75890878,49.694931,51.510271,49.694931,51.434631,1.512783,845
2019-11-14,786333,53136344,51.58591,51.661549,50.602601,51.434631,0.0,559
2019-11-15,509393,34754536,51.510271,51.812827,51.207714,51.58591,0.151279,376
2019-11-18,513983,35311130,51.964106,52.342301,51.58591,51.888466,0.302556,374
2019-11-19,317500,21719148,52.039745,52.039745,51.510271,51.661549,-0.226917,241
2019-11-20,305485,20698325,51.737188,51.737188,50.905157,51.358992,-0.302557,250
2019-11-21,345833,23167775,51.056436,51.132075,50.148766,51.132075,-0.226917,291
2019-11-22,416200,27845259,50.829518,51.207714,50.375683,50.451322,-0.680753,322
2019-11-25,222708,14997944,50.300044,51.207714,50.300044,51.207714,0.756392,199
2019-11-26,403964,27508936,51.510271,51.812827,51.207714,51.812827,0.605113,293
2019-11-27,657013,45312492,51.812827,52.417941,51.812827,52.266662,0.453835,549
2019-11-28,314822,21721718,52.417941,52.49358,51.888466,52.039745,-0.226917,266
2019-11-29,315262,21395332,52.039745,52.039745,51.056436,51.283353,-0.756392,270
2019-12-02,273438,18372094,51.132075,51.283353,50.602601,51.283353,0.0,228
2019-12-03,159573,10783104,51.283353,51.358992,50.980796,51.283353,0.0,135
2019-12-04,171117,11535344,51.358992,51.434631,50.753879,51.056436,-0.226917,137
2019-12-05,971329,66925463,51.434631,52.49358,51.358992,52.266662,1.210226,722
2019-12-06,581583,40420617,52.569219,53.023054,52.039745,52.266662,0.0,437
2019-12-09,677870,47377709,52.720497,53.174332,52.569219,52.720497,0.453835,482
2019-12-10,312300,21725140,52.796136,52.947415,52.417941,52.49358,-0.226917,185
2019-12-11,259173,17971974,52.49358,52.644858,52.342301,52.342301,-0.151279,196
2019-12-12,290116,20062549,52.569219,52.569219,52.191023,52.266662,-0.075639,202
2019-12-13,739467,51630133,52.644858,52.947415,52.569219,52.947415,0.680753,588
2019-12-16,910712,64278150,53.249971,54.082002,52.796136,52.947415,0.0,721
2019-12-17,335800,23634620,52.947415,53.40125,52.947415,53.325611,0.378196,287
2019-12-18,404605,28577349,53.325611,53.703806,53.174332,53.552528,0.226917,337
2019-12-19,188430,13293085,53.703806,53.855085,53.174332,53.476889,-0.075639,161
2019-12-20,249352,17520306,53.476889,53.476889,52.947415,52.947415,-0.529474,184
2019-12-23,171020,11945902,52.947415,53.098693,52.644858,52.720497,-0.226918,134
2019-12-24,158496,11011821,52.871776,52.871776,52.417941,52.49358,-0.226917,143
2019-12-25,180679,12581025,52.49358,52.871776,52.417941,52.644858,0.151278,132
2019-12-26,164285,11492505,53.098693,53.098693,52.720497,52.720497,0.075639,103
2019-12-27,113100,7912619,52.720497,53.174332,52.720497,52.796136,0.075639,90
2019-12-30,221340,15353497,52.796136,52.796136,52.266662,52.342301,-0.453835,178
2019-12-31,241344,16612598,52.191023,52.191023,51.964106,51.964106,-0.378195,179
2020-01-02,197400,13700278,52.417941,52.720497,52.039745,52.49358,0.529474,144
2020-01-03,210238,14533563,52.796136,52.796136,51.888466,52.569219,0.075639,168
2020-01-06,258898,17745588,52.266662,52.266662,51.58591,51.964106,-0.605113,197
2020-01-07,198375,13535749,51.661549,51.888466,51.434631,51.58591,-0.378196,164
2020-01-08,416654,28122777,51.434631,51.434631,50.829518,50.980796,-0.605114,311
2020-01-09,165089,11220787,51.358992,51.737188,51.283353,51.283353,0.302557,123
2020-01-10,248000,16901000,51.661549,51.737188,51.283353,51.661549,0.378196,175
2020-01-13,428300,29713049,51.661549,53.325611,51.58591,53.325611,1.664062,314
2020-01-14,428437,29900244,52.947415,53.023054,52.417941,52.569219,-0.756392,283
2020-01-15,301141,20752985,52.796136,52.796136,51.964106,51.964106,-0.605113,237
2020-01-16,135300,9303635,51.964106,52.191023,51.812827,52.039745,0.075639,120
2020-01-17,269088,18457054,52.266662,52.266662,51.737188,51.888466,-0.151279,192
2020-01-20,114788,7898149,52.039745,52.191023,51.888466,52.115384,0.226918,97
2020-01-30,1252567,81970622,50.300044,50.375683,48.938539,49.468013,-2.647371,910
2020-01-31,540913,35629538,49.165457,50.451322,49.165457,49.77057,0.302557,392
2020-02-03,2787823,190829357,49.77057,53.098693,49.77057,52.644858,2.874288,2057
2020-02-04,1474092,100503741,52.644858,52.644858,51.132075,51.207714,-1.437144,1083
2020-02-05,836090,56889597,51.661549,52.191023,50.905157,51.812827,0.605113,643
2020-02-06,5039456,359156934,55.065311,55.594785,52.191023,52.417941,0.605114,3422
2020-02-07,5032379,360639095,52.796136,55.14095,52.796136,53.930724,1.512783,3694
2020-02-10,1778576,124917520,53.930724,54.082002,52.569219,52.569219,-1.361505,1348
2020-02-11,592417,41186604,52.720497,52.947415,52.417941,52.569219,0.0,483
2020-02-12,543274,37936580,52.720497,53.174332,52.417941,52.947415,0.378196,435
2020-02-13,667721,46682539,53.325611,53.476889,52.49358,52.947415,0.0,489
2020-02-14,455339,31909030,52.871776,53.325611,52.720497,52.796136,-0.151279,337
2020-02-17,489301,34222770,52.796136,53.325611,52.49358,52.49358,-0.302556,363
2020-02-18,515833,35699977,52.644858,52.947415,52.039745,52.115384,-0.378196,310
2020-02-19,837450,57213567,52.115384,52.191023,51.132075,51.737188,-0.378196,635
2020-02-20,261360,17904494,51.964106,52.115384,51.661549,51.737188,0.0,215
2020-02-21,502115,34294180,51.737188,52.115384,51.434631,51.661549,-0.075639,377
2020-02-24,663590,45037320,51.888466,51.888466,50.980796,50.980796,-0.680753,519
2020-02-25,1056618,70238144,50.073126,50.526961,49.921848,50.300044,-0.680752,711
2020-02-26,415451,27700642,49.997487,50.753879,49.997487,50.300044,0.0,311
2020-02-27,784737,51775435,50.300044,50.602601,49.619292,49.619292,-0.680752,605
2020-03-02,1434394,93126685,49.014178,49.619292,48.711622,48.787261,-0.832031,842
2020-03-03,1246706,82366631,49.543652,50.526961,49.241096,49.77057,0.983309,952
2020-03-04,11680663,813789673,50.829518,54.611476,50.753879,53.855085,4.084515,8109
2020-03-05,6971918,498540936,55.14095,55.14095,53.098693,53.098693,-0.756392,4704
2020-03-06,15539696,1149335504,54.460198,57.9396,54.006363,55.972981,2.874288,10581
2020-03-09,13529967,1002683770,58.77163,58.77163,52.720497,52.871776,-3.101205,8715
2020-03-10,5154183,354336240,52.191023,53.703806,50.602601,51.964106,-0.90767,3392
2020-03-11,2897175,200599715,52.644858,53.476889,51.132075,51.132075,-0.832031,2200
2020-03-12,4794308,310305270,50.753879,50.753879,48.106508,48.8629,-2.269175,3215
2020-03-13,3620600,216099580,45.383498,46.13989,44.627107,45.837333,-3.025567,2387
2020-03-16,3550344,221543383,46.215529,48.560343,46.215529,46.745003,0.90767,2549
2020-03-17,3713900,235312800,47.728312,49.089817,46.971921,47.95523,1.210227,2597
2020-03-18,2057500,127498900,47.728312,47.803952,45.610416,45.686055,-2.269175,1618
2020-03-19,2878181,162898147,44.854024,45.307859,41.60154,41.60154,-4.084515,2071
2020-03-20,1845803,108742497,43.719437,45.383498,43.41688,45.383498,3.781958,1407
2020-03-23,1225021,71775532,43.870715,45.005303,43.870715,44.173272,-1.210226,670
2020-03-24,2655517,157199820,44.551468,45.610416,44.248911,44.400189,0.226917,1762
2020-03-25,1679060,100568385,45.383498,45.912972,44.702746,44.854024,0.453835,1102
2020-03-26,1399011,83672359,45.761694,45.761694,44.778385,45.610416,0.756392,960
2020-03-27,1286889,77620040,46.215529,46.593725,44.702746,44.929663,-0.680753,968
2020-03-30,665401,39502978,44.627107,45.459138,44.32455,45.459138,0.529475,506
2020-03-31,1170238,69996980,45.912972,45.912972,45.005303,45.080942,-0.378196,827
2020-04-01,2284399,139465116,45.080942,46.745003,45.080942,46.13989,1.058948,1764
2020-04-06,3587371,224652146,46.745003,48.257787,46.215529,47.577034,1.437144,2804
2020-04-07,2854007,182465549,47.95523,48.787261,47.728312,48.787261,1.210227,1875
2020-04-08,1565205,101044025,48.635982,49.165457,48.182147,49.165457,0.378196,1089
2020-04-09,1517518,98334509,49.77057,50.073126,48.409065,48.484704,-0.680753,1136
2020-04-10,788224,50476701,48.560343,49.014178,48.106508,48.333426,-0.151278,542
2020-04-13,1554703,100071292,48.333426,49.468013,47.652673,48.257787,-0.075639,1148
2020-04-14,1112443,71858847,48.484704,49.241096,48.484704,48.938539,0.680752,788
2020-04-15,1790299,116873234,49.241096,49.846209,48.8629,49.77057,0.832031,1129
2020-04-16,1882557,125421119,49.543652,51.132075,49.468013,50.67824,0.90767,1422
2020-04-17,2576085,174557775,52.039745,52.115384,50.300044,50.375683,-0.302557,1849
2020-04-20,787442,52846533,50.829518,51.132075,50.451322,50.980796,0.605113,555
2020-04-21,1213304,80563815,50.375683,51.056436,49.694931,49.921848,-1.058948,875
2020-04-22,985501,65015515,49.468013,50.602601,48.8629,50.300044,0.378196,694
2020-04-23,1268283,85295144,50.753879,51.434631,50.148766,51.434631,1.134587,862
2020-04-24,1522517,103358056,51.434631,51.737188,50.980796,51.434631,0.0,1017
2020-04-27,2594378,179626269,52.417941,52.947415,51.510271,52.947415,1.512784,1643
2020-04-28,4260360,285407120,51.737188,51.737188,50.148766,50.375683,-2.571732,3142
2020-04-29,1935750,128702150,50.375683,50.67824,50.073126,50.073126,-0.302557,1475
2020-04-30,1560130,103343644,50.300044,50.451322,49.921848,50.148766,0.07564,1140
2020-05-04,1093055,71603835,49.694931,49.997487,49.316735,49.392374,-0.756392,851
2020-05-05,1051834,68565325,49.392374,49.846209,49.014178,49.165457,-0.226917,779
2020-05-06,2842321,189263309,49.543652,50.980796,49.543652,49.846209,0.680752,2133
2020-05-07,1219797,80971696,49.997487,50.375683,49.921848,50.300044,0.453835,936
2020-05-08,1232374,81622018,50.451322,50.602601,49.921848,49.997487,-0.302557,881
2020-05-11,1223239,81160713,50.300044,50.451322,49.997487,50.375683,0.378196,927
2020-05-12,1533279,102362406,50.526961,50.980796,50.073126,50.148766,-0.226917,993
2020-05-13,1034316,68528110,50.148766,50.375683,49.921848,50.073126,-0.07564,613
2020-05-14,1558722,101968690,50.073126,50.073126,49.165457,49.165457,-0.907669,1215
2020-05-15,1540781,99346773,49.165457,49.543652,48.409065,48.560343,-0.605114,1093
2020-05-18,628552,40654224,48.635982,49.165457,48.635982,48.635982,0.075639,439
2020-05-19,699645,45466652,49.392374,49.468013,48.938539,49.241096,0.605114,508
2020-05-20,670610,43991076,49.316735,49.921848,49.316735,49.543652,0.302556,475
2020-05-21,753460,49835651,49.77057,50.148766,49.77057,49.921848,0.378196,495
2020-05-22,810198,53210467,50.224405,50.224405,49.241096,49.241096,-0.680752,552
2020-05-25,505207,32928840,49.392374,49.694931,49.014178,49.543652,0.302556,379
2020-05-26,899212,59376395,49.619292,50.148766,49.619292,49.997487,0.453835,650
2020-05-27,700413,46278238,50.224405,50.300044,49.694931,49.77057,-0.226917,498
2020-05-28,776277,50947140,49.997487,50.073126,49.241096,49.241096,-0.529474,535
2020-05-29,1158414,75024910,49.014178,49.316735,48.711622,48.711622,-0.529474,802
2020-06-01,625425,40944550,49.241096,49.846209,48.787261,49.619292,0.90767,426
2020-06-02,1690960,112559132,50.073126,50.753879,50.073126,50.224405,0.605113,1246
2020-06-03,1190039,79408913,50.224405,50.67824,50.148766,50.602601,0.378196,894
2020-06-04,2315603,156258915,50.67824,51.661549,50.526961,51.132075,0.529474,1415
2020-06-05,1144930,77374855,51.358992,51.358992,50.753879,51.132075,0.0,877
2020-06-08,2140551,145711854,51.434631,51.964106,51.132075,51.358992,0.226917,1335
2020-06-09,1124772,75951651,51.434631,51.434631,50.753879,50.905157,-0.453835,864
2020-06-10,1140350,76889888,50.829518,51.283353,50.67824,50.829518,-0.075639,808
2020-06-11,1633420,109753440,50.829518,51.358992,50.375683,50.451322,-0.378196,1213
2020-06-12,1266393,83108314,49.619292,49.921848,49.316735,49.694931,-0.756391,876
2020-06-15,784525,51396177,49.997487,50.148766,49.014178,49.014178,-0.680753,536
2020-06-16,756335,49732165,49.77057,50.073126,49.316735,49.316735,0.302557,577
2020-06-17,641019,42005254,49.392374,49.77057,49.392374,49.468013,0.151278,422
2020-06-18,1336131,87576903,49.77057,49.921848,49.241096,49.392374,-0.075639,924
2020-06-19,7001089,458513774,49.543652,50.451322,49.316735,49.316735,-0.075639,1519
2020-06-22,1664500,111148448,49.77057,50.905157,49.77057,50.602601,1.285866,1171
2020-06-23,1130940,76159647,51.056436,51.358992,50.451322,50.905157,0.302556,835
2020-06-24,1035403,69829701,51.132075,51.358992,50.67824,50.980796,0.075639,716
2020-06-29,1228884,82081628,50.67824,51.056436,50.224405,50.451322,-0.529474,926
2020-06-30,891590,59494000,50.67824,50.905157,50.224405,50.451322,0.0,631
2020-07-01,986257,66419645,50.602601,51.283353,50.526961,51.056436,0.605114,715
2020-07-02,1390157,94558333,51.283353,51.812827,50.980796,51.737188,0.680752,947
2020-07-03,1366150,94011302,52.115384,52.342301,51.737188,51.888466,0.151278,964
2020-07-06,2453907,171940990,52.569219,53.703806,52.569219,52.871776,0.98331,1759
2020-07-07,11132887,806503951,53.174332,55.821703,52.49358,55.21659,2.344814,7177
2020-07-08,5049786,367653514,55.21659,55.519146,54.535837,54.989672,-0.226918,3512
2020-07-09,3203238,232005078,55.14095,55.292229,54.460198,54.838394,-0.151278,2280
2020-07-10,3339242,241745621,55.594785,55.821703,54.082002,54.082002,-0.756392,2433
2020-07-13,5961168,437865564,54.687115,56.275538,54.535837,55.519146,1.437144,3757
2020-07-14,2803317,205018541,55.670425,55.972981,54.838394,55.21659,-0.302556,1746
2020-07-15,5040542,367830977,55.670425,56.653734,53.855085,54.687115,-0.529475,3365
2020-07-16,2782333,198120943,54.687115,54.687115,53.249971,53.703806,-0.983309,1761
2020-07-17,1681060,119037938,53.476889,54.384559,52.947415,53.249971,-0.453835,1056
2020-07-20,2108800,148975155,53.40125,54.233281,52.720497,53.325611,0.07564,1277
2020-07-21,1226866,87358097,53.552528,54.233281,53.552528,53.779446,0.453835,905
2020-07-22,1750446,126578498,54.082002,55.065311,54.082002,54.611476,0.83203,1439
2020-07-23,1485606,107322410,54.989672,55.065311,54.233281,54.611476,0.0,1127
2020-07-24,1643522,118269164,54.460198,55.065311,53.855085,53.855085,-0.756391,1242
2020-07-27,1457784,103872378,53.930724,54.535837,53.476889,53.552528,-0.302557,1025
2020-07-28,4381926,306045494,52.947415,54.233281,51.812827,51.812827,-1.739701,2932
2020-07-29,2772385,196923520,51.888466,54.30892,51.888466,54.233281,2.420454,1986
2020-07-30,1849797,133919977,54.535837,55.065311,54.233281,54.838394,0.605113,1406
2020-07-31,2716691,197903156,55.065311,55.670425,54.535837,54.687115,-0.151279,1929
2020-08-03,1485015,107563480,54.989672,55.21659,54.460198,54.611476,-0.075639,915
2020-08-04,1163580,84576317,54.838394,55.14095,54.611476,55.065311,0.453835,810
2020-08-05,1518683,111075761,55.519146,55.594785,55.065311,55.443507,0.378196,1023
2020-08-06,5507291,407507086,55.972981,56.729373,55.292229,55.443507,0.0,3791
2020-08-07,2429551,176648523,55.443507,55.443507,54.611476,54.989672,-0.453835,1708
2020-08-10,2961933,215047800,54.989672,55.21659,54.460198,54.989672,0.0,1782
2020-08-11,3260618,220863924,55.189926,55.43023,53.667998,53.988404,-1.001268,2374
2020-08-12,1604100,106640888,54.068505,54.068505,52.947084,53.187389,-0.801015,1317
2020-08-13,963309,64051103,53.347592,53.507795,53.027186,53.347592,0.160203,693
2020-08-14,697970,46527179,53.347592,53.667998,52.866983,53.667998,0.320406,539
2020-08-17,873130,58143221,53.667998,53.667998,53.027186,53.587896,-0.080102,656
2020-08-18,976395,64737606,53.587896,53.587896,52.947084,53.027186,-0.56071,764
2020-08-19,1220099,80404242,52.866983,53.26749,52.466475,52.546577,-0.480609,907
2020-08-20,2525010,160759735,52.546577,52.546577,49.662923,51.184851,-1.361726,1797
2020-08-21,744920,47872238,51.585359,51.985866,50.864445,51.264953,0.080102,564
2020-08-24,431907,27941224,51.345054,52.146069,51.10475,52.065968,0.801015,321
2020-08-25,485020,31381795,51.825663,52.146069,51.505257,51.745562,-0.320406,374
2020-08-26,262669,17036748,51.825663,52.146069,51.825663,51.985866,0.240304,228
2020-08-27,413512,26859226,52.146069,52.466475,51.66546,51.745562,-0.240304,297
2020-08-28,502094,32270759,51.745562,51.745562,51.345054,51.345054,-0.400508,362
2020-08-31,366289,23450150,51.425156,51.585359,51.10475,51.10475,-0.240304,272
2020-09-01,404661,25885400,51.184851,51.425156,50.944547,51.264953,0.160203,291
2020-09-02,435515,28149475,51.345054,52.146069,51.345054,51.745562,0.480609,354
2020-09-03,348335,22551571,51.985866,52.146069,51.505257,51.505257,-0.240305,268
2020-09-04,531203,33802051,50.704242,51.264953,50.624141,51.10475,-0.400507,420
2020-09-07,650044,42067148,51.10475,52.466475,51.10475,51.585359,0.480609,463
2020-09-08,1046568,68738288,52.146069,53.107287,51.825663,52.786881,1.201522,801
2020-09-09,484110,31645970,52.226171,52.70678,51.905765,52.386374,-0.400507,373
2020-09-10,499934,32630982,52.626678,52.866983,51.905765,52.065968,-0.320406,375
2020-09-11,612310,39513788,51.985866,52.466475,51.425156,51.585359,-0.480609,390
2020-09-14,907055,59537030,51.585359,53.027186,51.425156,52.70678,1.121421,651
2020-09-15,803262,52979465,52.866983,53.187389,52.466475,52.866983,0.160203,605
2020-09-16,535444,35425324,53.107287,53.187389,52.866983,52.866983,0.0,406
2020-09-17,474470,31428799,52.786881,53.26749,52.786881,52.947084,0.080101,339
2020-09-18,432977,28668465,52.947084,53.26749,52.786881,53.26749,0.320406,356
2020-09-21,307276,20374632,53.26749,53.347592,52.546577,52.866983,-0.400507,268
2020-09-22,311384,20344888,52.70678,52.70678,52.065968,52.306272,-0.560711,236
2020-09-23,478000,31015000,52.306272,52.306272,51.66546,51.745562,-0.56071,318
2020-09-24,597168,38324865,51.425156,51.905765,51.264953,51.264953,-0.480609,418
2020-09-25,737425,46728425,51.264953,51.585359,50.223634,50.54404,-0.720913,489
2020-09-28,249185,15835802,50.704242,51.10475,50.54404,51.024648,0.480608,180
2020-09-29,247300,15813189,51.264953,51.505257,51.10475,51.184851,0.160203,120
2020-09-30,257350,16568380,51.745562,51.905765,51.184851,51.66546,0.480609,170
2020-10-05,248713,15956688,51.345054,51.66546,51.184851,51.505257,-0.160203,193
2020-10-06,548039,35681959,51.425156,52.786881,51.425156,52.466475,0.961218,431
2020-10-07,349100,22877160,52.466475,52.866983,52.146069,52.546577,0.080102,265
2020-10-08,2539517,170330886,53.507795,54.308809,52.866983,53.748099,1.201522,1586
2020-10-12,1297786,87561217,54.148607,54.629215,53.347592,53.347592,-0.400507,890
2020-10-13,664287,44499239,53.748099,53.988404,53.027186,53.748099,0.400507,470
2020-10-14,2182159,148680088,53.748099,54.86952,53.748099,54.789418,1.041319,1509
2020-10-15,1930100,129710260,53.988404,54.549114,53.507795,53.587896,-1.201522,1354
2020-10-16,669311,44568137,53.667998,53.667998,53.027186,53.107287,-0.480609,532
2020-10-19,439600,29306379,53.107287,53.507795,53.107287,53.507795,0.400508,350
2020-10-20,1769099,119847418,53.667998,54.86952,53.26749,54.388911,0.881116,1212
2020-10-21,2112180,142949386,54.629215,54.709317,53.667998,53.748099,-0.640812,1521
2020-10-22,579573,38865819,53.988404,53.988404,53.427693,53.988404,0.240305,445
2020-10-23,350140,23638720,54.228708,54.308809,53.748099,54.148607,0.160203,321
2020-10-26,925546,62815554,54.388911,54.629215,53.988404,54.549114,0.400507,655
2020-10-27,2032384,138907183,54.709317,55.270027,54.228708,54.86952,0.320406,1426
2020-10-28,2493587,172264792,54.86952,55.590433,54.86952,55.590433,0.720913,1772
2020-10-29,3351485,235193735,55.270027,56.872057,54.949621,56.47155,0.881117,2462
2020-10-30,1898396,133603344,56.952159,57.03226,55.350129,56.47155,0.0,1524
2020-11-02,1196408,83521793,56.47155,56.711854,55.510332,55.670535,-0.801015,726
2020-11-03,575456,40176530,55.910839,56.311347,55.670535,55.910839,0.240304,460
2020-11-04,575488,39983786,56.151144,56.231245,55.270027,55.590433,-0.320406,440
2020-11-05,721643,50109345,55.830738,56.071042,55.350129,55.510332,-0.080101,576
2020-11-06,638248,44341484,55.670535,55.990941,55.43023,55.590433,0.080101,573
2020-11-09,1255383,87890597,56.631753,56.872057,55.670535,55.990941,0.400508,838
2020-11-10,866742,60220629,56.231245,56.311347,55.350129,55.670535,-0.320406,740
2020-11-11,940424,65202114,55.910839,55.910839,55.350129,55.670535,0.0,732
2020-11-12,725687,50265772,55.750636,55.830738,55.350129,55.350129,-0.320406,509
2020-11-13,683070,47385175,55.350129,55.830738,55.270027,55.590433,0.240304,521
2020-11-16,3332506,236625732,55.910839,57.272565,55.750636,56.952159,1.361726,2298
2020-11-17,1783437,126251236,57.112362,57.192463,56.071042,56.791956,-0.160203,1328
2020-11-18,5334065,387387967,57.112362,58.63429,56.952159,58.313884,1.521928,3471
2020-11-19,1751639,127662106,58.313884,58.874594,58.073579,58.233782,-0.080102,1215
2020-11-20,1047383,75879863,58.393985,58.474087,57.753174,57.913376,-0.320406,769
2020-11-23,1990993,145000197,58.073579,58.874594,57.753174,58.554188,0.640812,1251
2020-11-24,1322831,95947583,58.554188,58.714391,57.673072,58.153681,-0.400507,1003
2020-11-25,1517222,109061937,58.313884,58.393985,57.03226,57.112362,-1.041319,1126
2020-11-26,1208330,86025882,57.112362,57.272565,56.711854,57.272565,0.160203,873
2020-11-27,3348467,244657874,57.833275,59.195,57.833275,58.073579,0.801014,2260
2020-11-30,1120591,80938013,58.554188,58.554188,57.512869,57.512869,-0.56071,820
2020-12-01,1304039,92682783,57.833275,57.833275,56.551651,57.192463,-0.320406,940
2020-12-02,1225719,88573736,57.192463,58.393985,56.952159,58.073579,0.881116,810
2020-12-03,3280428,239097579,58.874594,59.034797,57.512869,57.592971,-0.480608,2125
2020-12-04,3138467,229460098,57.833275,58.874594,57.833275,58.874594,1.281623,2134
2020-12-07,2310914,170259630,59.675609,59.675609,58.313884,58.874594,0.0,1802
2020-12-08,1728439,127295985,58.954696,59.435305,58.474087,59.034797,0.160203,1210
2020-12-09,6595614,501579679,60.076117,62.238857,59.675609,60.556726,1.521929,4590
2020-12-10,2396425,176500845,60.076117,60.076117,58.474087,58.874594,-1.682132,1663
2020-12-11,1967568,142208716,58.874594,58.954696,57.352666,57.753174,-1.12142,1316
2020-12-14,1068930,76869620,57.753174,58.073579,57.272565,57.352666,-0.400508,799
2020-12-15,1280262,90715426,57.432768,57.673072,56.151144,56.231245,-1.121421,927
2020-12-16,936778,66538571,56.872057,57.272565,56.551651,57.03226,0.801015,679
2020-12-17,1263263,91384955,57.272565,58.313884,57.272565,57.993478,0.961218,884
2020-12-18,1752570,127096789,58.474087,58.63429,57.352666,57.432768,-0.56071,1143
2020-12-21,1425056,101550614,57.993478,58.233782,56.311347,57.03226,-0.400508,962
2020-12-22,1972587,142367850,57.272565,58.63429,56.711854,56.872057,-0.160203,1428
2020-12-23,1071262,76517373,57.03226,57.673072,56.872057,57.592971,0.720914,777
2020-12-24,965332,69366304,58.073579,58.153681,57.272565,57.352666,-0.240305,731
2020-12-25,510003,36546905,57.592971,57.753174,57.112362,57.272565,-0.080101,383
2020-12-28,767530,54654642,57.272565,57.592971,56.872057,57.03226,-0.240305,591
2020-12-29,571462,40804142,57.03226,57.512869,57.03226,57.112362,0.080102,406
2020-12-30,1156173,83443976,57.272565,58.233782,57.112362,58.073579,0.961217,874
2020-12-31,1080867,78289873,58.233782,58.474087,57.432768,58.153681,0.080102,838
2021-01-04,1736490,127178645,58.714391,58.954696,58.233782,58.794493,0.640812,1185
2021-01-05,754944,54770293,58.874594,58.954696,57.673072,58.233782,-0.560711,616
2021-01-06,1105348,79518800,58.313884,58.474087,57.03226,57.272565,-0.961217,838
2021-01-07,1151936,82193586,57.112362,57.592971,56.872057,57.192463,-0.080102,759
2021-01-08,1473348,105886579,57.03226,57.993478,57.03226,57.833275,0.640812,1166
2021-01-11,6663891,496044296,58.153681,61.517943,57.673072,60.156218,2.322943,4257
2021-01-12,3952016,292448520,60.476624,60.877132,58.073579,58.313884,-1.842334,2531
2021-01-13,1633904,119024329,58.794493,58.874594,58.073579,58.313884,0.0,1136
2021-01-14,1269497,92403735,58.474087,58.794493,57.833275,58.393985,0.080101,838
2021-01-15,1347824,97265244,58.63429,58.794493,57.192463,57.432768,-0.961217,1064
2021-01-18,830703,59339900,57.272565,57.753174,56.47155,57.352666,-0.080102,630
2021-01-19,712033,51297360,57.592971,58.073579,57.352666,57.512869,0.160203,495
2021-01-20,1201949,85843615,57.833275,57.993478,56.551651,56.872057,-0.640812,853
2021-01-21,675770,48187185,56.872057,57.673072,56.631753,56.872057,0.0,420
2021-01-22,595763,42780165,57.352666,57.913376,56.872057,57.512869,0.640812,466
2021-01-25,1813137,132632752,57.833275,59.275102,57.512869,59.275102,1.762233,1131
2021-01-26,3583650,262252881,59.675609,59.915914,57.833275,58.393985,-0.881117,2286
2021-01-27,868128,63163103,58.313884,58.714391,57.673072,58.233782,-0.160203,625
2021-01-28,801410,57500835,57.673072,57.913376,57.112362,57.512869,-0.720913,633
2021-01-29,1053494,75580558,57.673072,57.913376,57.03226,57.03226,-0.480609,673
2021-02-01,1812752,130373849,56.952159,58.874594,56.311347,58.874594,1.842334,1175
2021-02-02,11733137,878476049,60.877132,62.238857,58.233782,59.915914,1.04132,7546
2021-02-03,10506443,805451833,59.675609,62.639364,59.675609,62.639364,2.72345,6876
2021-02-04,17663289,1427592234,63.760785,65.843424,62.879669,65.523018,2.883654,11587
2021-02-05,6848181,557985499,65.042409,66.324033,64.401597,66.003627,0.480609,4738
2021-02-17,7917306,678603269,68.32657,70.249006,66.644439,69.688295,3.684668,5554
2021-02-18,4376159,375309099,69.207686,69.688295,67.685758,69.688295,0.0,3198
2021-02-19,5415332,477844431,70.889818,71.770934,69.768397,70.809716,1.121421,3992
2021-02-22,3811906,335094779,70.809716,71.290325,69.768397,70.48931,-0.320406,2726
2021-02-23,7292202,650103616,70.889818,72.732152,69.848498,72.09134,1.60203,4791
2021-02-24,16545271,1567876184,72.571949,78.499459,72.411746,73.69337,1.60203,10794
2021-02-25,7433936,684702181,76.897429,77.137734,71.851036,72.09134,-1.60203,5083
2021-02-26,4051602,355712389,70.249006,71.130122,68.967382,70.168904,-1.922436,2981
2021-03-02,2970596,260501473,71.931137,72.09134,68.967382,68.967382,-1.201522,2166
2021-03-03,2776300,236437150,68.967382,69.207686,67.445454,68.807179,-0.160203,2072
2021-03-04,1531004,130534733,68.807179,69.528092,67.525555,67.685758,-1.121421,1154
2021-03-05,1341169,113557539,66.564337,68.486773,66.564337,68.246469,0.560711,1076
2021-03-08,2054263,174076037,68.646976,68.88728,66.964845,67.365352,-0.881117,1339
2021-03-09,1596314,133101693,67.125048,67.445454,66.003627,66.644439,-0.720913,1247
2021-03-10,1124412,94000458,67.205149,67.605657,66.644439,66.804642,0.160203,761
2021-03-11,1336728,113311224,67.205149,68.486773,67.044946,67.926063,1.121421,1085
2021-03-12,1508508,129599573,68.486773,69.127585,68.486773,68.967382,1.041319,1234
2021-03-15,2828113,248111516,69.367889,70.969919,69.047483,70.48931,1.521928,2147
2021-03-16,4838158,435053047,71.931137,73.613268,70.569412,71.851036,1.361726,3605
2021-03-17,3091970,272281985,71.851036,72.011239,69.608194,69.848498,-2.002538,2312
2021-03-18,3201853,285149517,71.290325,72.09134,70.649513,71.610731,1.762233,2202
2021-03-19,1654248,146501767,70.729615,71.53063,70.48931,71.53063,-0.080101,1240
2021-03-22,1766491,157588351,72.09134,72.411746,70.969919,71.050021,-0.480609,1272
2021-03-23,3123823,281392731,72.011239,73.292862,71.130122,71.210224,0.160203,1968
2021-03-24,988409,87375600,71.210224,71.450528,70.48931,70.569412,-0.640812,753
2021-03-25,1727435,153564501,70.649513,72.09134,70.249006,70.649513,0.080101,1266
2021-03-26,2382207,213702736,71.450528,72.491847,71.050021,72.411746,1.762233,1594
2021-03-29,2524847,229031498,73.212761,73.69337,72.011239,72.171442,-0.240304,1876
2021-03-30,8212537,768178464,72.812253,76.817328,72.491847,76.256617,4.085175,6033
2021-03-31,5915372,557007136,76.096414,77.297937,74.494385,74.814791,-1.441826,4589
2021-04-01,2962517,279557460,75.776009,76.41682,75.055095,75.695907,0.881116,2180
2021-04-06,3377515,322165918,76.657125,77.217835,75.695907,75.936212,0.240305,2511
2021-04-07,4138868,397472006,76.496922,78.259155,76.096414,76.176516,0.240304,3036
2021-04-08,8355348,824837895,76.977531,81.703519,75.455603,78.659662,2.483146,6028
2021-04-09,4735719,456999359,79.62088,79.62088,76.256617,76.737226,-1.922436,3433
2021-04-12,4313077,418227093,77.057632,79.781083,76.096414,76.41682,-0.320406,2990
2021-04-13,2524317,241581020,76.657125,77.938749,75.695907,76.016313,-0.400507,1825
2021-04-14,3670051,338774607,76.577023,76.817328,71.690833,74.334182,-1.682131,2753
2021-04-15,2090627,196269392,75.455603,75.695907,74.494385,75.2954,0.961218,1536
2021-04-16,2445631,233359631,75.695907,77.297937,75.455603,76.496922,1.201522,1890
2021-04-19,1944744,182894210,76.496922,76.897429,74.494385,74.974994,-1.521928,1491
2021-04-20,1265630,118681151,74.494385,75.695907,74.173979,75.055095,0.080101,919
2021-04-21,1011529,94591938,75.055095,75.375501,74.494385,74.814791,-0.240304,813
2021-04-22,11149651,1081218016,75.215298,80.101489,74.494385,78.01885,3.204059,7035
2021-04-23,10986662,1067075463,78.01885,79.781083,75.695907,79.140271,1.121421,7248
2021-04-26,14056729,1444504635,81.303011,86.509608,79.540779,85.308086,6.167815,9245
2021-04-27,14396255,1474290009,85.308086,85.708593,80.101489,80.902504,-4.405582,10194
2021-04-28,5963901,612808180,80.902504,83.706056,80.902504,82.104026,1.201522,4101
2021-04-29,4254260,437119884,82.104026,83.706056,81.303011,82.104026,0.0,2848
2021-05-03,5199589,516414150,82.104026,82.504534,78.179053,79.220373,-2.883653,3877
2021-05-04,5016576,481231602,79.140271,79.861184,72.972456,78.259155,-0.961218,3935
2021-05-05,3417512,330607824,77.698444,79.861184,75.135197,75.2954,-2.963755,2697
2021-05-06,3310117,313247257,75.535704,78.419358,75.535704,76.897429,1.602029,2161
2021-05-07,2789072,270891712,77.297937,78.739764,76.496922,77.698444,0.801015,2075
2021-05-10,2276648,218605423,76.496922,77.778546,75.776009,77.698444,0.0,1837
2021-05-11,4873824,444061222,76.096414,76.096414,70.569412,71.690833,-6.007611,3718
2021-05-12,3761725,321804679,71.370427,72.65205,65.282713,68.086266,-3.604567,2970
2021-05-13,2308110,197022635,65.843424,70.008701,65.683221,68.807179,0.720913,1930
2021-05-14,2868641,250157153,69.768397,71.290325,68.807179,70.088803,1.281624,2213
2021-05-17,2732257,227121306,65.523018,68.88728,64.481699,66.804642,-3.284161,2024
2021-05-18,2185279,188337358,67.205149,70.48931,67.205149,70.088803,3.284161,1711
2021-05-19,1629511,143441934,69.608194,71.690833,69.608194,70.569412,0.480609,1263
2021-05-20,1283836,113807450,70.729615,71.931137,70.249006,70.729615,0.160203,994
2021-05-21,1140121,101752829,71.290325,72.491847,70.809716,71.53063,0.801015,843
2021-05-24,1614348,145049330,70.889818,72.732152,70.889818,72.011239,0.480609,1125
2021-05-25,4395393,411900806,72.65205,77.378038,72.491847,74.654588,2.643349,3164
2021-05-26,1453903,135880240,74.894892,76.016313,74.173979,74.414283,-0.240305,1133
2021-05-27,1439193,135015108,74.494385,75.695907,74.25408,75.455603,1.04132,1077
2021-05-28,3280685,311866936,75.535704,77.057632,74.654588,75.776009,0.320406,2302
2021-05-31,2143721,203203174,76.096414,76.657125,75.2954,75.615806,-0.160203,1554
2021-06-01,1131577,108135435,76.41682,77.217835,76.096414,76.176516,0.56071,871
2021-06-02,1287399,122231725,76.41682,76.817328,74.974994,75.535704,-0.640812,1130
2021-06-03,1072273,102353902,75.85611,76.897429,75.776009,76.41682,0.881116,856
2021-06-04,821616,78413101,76.41682,77.057632,75.535704,76.577023,0.160203,719
2021-06-07,2279541,217489354,76.897429,77.858647,74.173979,77.698444,1.121421,1671
2021-06-08,1879250,182806702,78.499459,79.06017,77.137734,77.938749,0.240305,1503
2021-06-09,4607974,458376698,78.739764,80.902504,78.01885,80.101489,2.16274,3515
2021-06-10,13340952,1454250220,83.305548,88.111638,82.905041,88.111638,8.010149,6020
2021-06-11,18432571,1980542736,88.512145,89.31316,82.504534,84.106563,-4.005075,12139
2021-06-15,4957624,524492061,84.907578,86.509608,82.905041,84.507071,0.400508,3510
2021-06-16,8853325,952128040,85.708593,89.31316,83.305548,83.706056,-0.801015,6201
2021-06-17,5330816,568679777,82.905041,87.71113,81.703519,87.71113,4.005074,3497
2021-06-18,6047651,643359807,88.512145,88.912653,83.305548,84.907578,-2.803552,4253
2021-06-21,4301250,434516985,82.104026,82.905041,80.101489,80.501996,-4.405582,3184
2021-06-22,1912995,195030254,83.706056,83.706056,80.501996,80.501996,0.0,1547
2021-06-23,2426238,246584027,81.303011,82.504534,79.941286,81.703519,1.201523,1700
2021-06-24,1839200,186801096,83.305548,83.706056,80.501996,81.303011,-0.400508,1388
2021-06-25,2466637,248344525,81.703519,82.504534,80.101489,80.101489,-1.201522,1884
2021-06-28,1915772,190696938,80.101489,80.902504,78.659662,80.501996,0.400507,1632
2021-06-29,1652214,164718946,81.303011,81.303011,79.300474,79.300474,-1.201522,1302
2021-06-30,1126878,112115060,79.300474,80.101489,78.899967,80.101489,0.801015,941
2021-07-01,1215709,120450958,80.501996,80.501996,78.899967,78.899967,-1.201522,1008
2021-07-02,1623956,160329658,78.899967,79.861184,77.938749,79.861184,0.961217,1325
2021-07-05,2485177,253270331,80.501996,82.504534,80.101489,82.104026,2.242842,1960
2021-07-06,1381226,139386696,82.504534,82.504534,80.101489,80.101489,-2.002537,991
2021-07-07,2410387,246612472,81.303011,82.905041,80.902504,82.905041,2.803552,1808
2021-07-08,4153327,432982409,83.706056,85.308086,82.104026,82.905041,0.0,2790
2021-07-09,5941216,627925247,82.104026,86.910115,81.303011,84.507071,1.60203,4127
2021-07-12,17350507,1987966468,88.111638,92.917727,86.509608,92.917727,8.410656,9621
2021-07-13,24666102,3069604017,96.522294,102.129398,93.318235,96.922802,4.005075,13907
2021-07-14,16513774,2040102296,100.527369,102.529906,92.917727,99.726354,2.803552,10695
2021-07-15,9682027,1209932182,102.529906,102.930413,97.723816,100.126861,0.400507,6247
2021-07-16,14058513,1851981676,99.726354,110.139547,98.524831,110.139547,10.012686,8356
2021-07-19,36571893,5256920201,115.746652,119.751726,111.34107,113.744114,3.604567,22652
2021-07-20,14850095,2066631782,112.142085,114.545129,108.537518,108.537518,-5.206596,9465
2021-07-21,30321473,4395440175,113.744114,119.351219,110.540055,115.746652,7.209134,16674
2021-07-22,26845745,3921571103,116.948174,121.353756,111.741577,115.346144,-0.400508,17902
2021-07-23,23014112,3129120033,113.744114,116.147159,104.131936,104.932951,-10.413193,15899
2021-07-26,14392341,1955634968,106.134473,111.741577,104.532443,110.139547,5.206596,10031
2021-07-27,14902931,2038428040,111.741577,113.343607,104.932951,106.935488,-3.204059,10032
2021-07-28,16048232,2124899586,106.935488,110.940562,98.124324,108.938025,2.002537,10332
2021-07-29,15749304,2146983544,112.142085,114.945637,105.733965,108.938025,0.0,11170
2021-07-30,7867570,1073862821,108.938025,112.142085,106.53498,107.736503,-1.201522,5670
2021-08-02,6024021,823839510,110.139547,111.741577,106.935488,109.338532,1.602029,4480
2021-08-03,5817406,801676812,109.338532,111.741577,108.537518,111.34107,2.002538,4103
2021-08-04,8820293,1202794585,111.34107,111.741577,107.335995,108.537518,-2.803552,6270
2021-08-05,5044267,693089993,109.338532,111.34107,108.938025,110.139547,1.602029,3410
2021-08-06,5111641,707287023,110.940562,112.542592,109.338532,110.540055,0.400508,3421
2021-08-09,10959433,1505150605,112.142085,114.945637,104.532443,105.333458,-5.206597,7845
2021-08-10,3582310,453571202,106.213035,107.042824,102.478983,104.968351,-0.365107,2754
2021-08-11,3387655,416415696,105.79814,105.79814,99.57472,101.649193,-3.319158,2722
2021-08-12,2967418,368388590,102.064088,104.968351,102.064088,102.478983,0.82979,2563
2021-08-13,3603224,443738977,103.723667,105.383245,99.159825,99.989615,-2.489368,2930
2021-08-16,4556583,551736912,97.915141,103.308772,97.915141,100.819404,0.829789,3380
2021-08-17,3378837,401744997,101.234299,102.478983,95.010879,96.670457,-4.148947,2572
2021-08-18,5744790,672426325,94.181089,101.234299,92.106616,100.819404,4.148947,3713
2021-08-19,4259976,516452625,99.57472,103.723667,97.085352,97.085352,-3.734052,3163
2021-08-20,3430308,414204822,98.744931,102.064088,97.085352,101.234299,4.148947,2376
2021-08-23,3982135,492462872,102.893877,103.723667,101.234299,102.893877,1.659578,2814
2021-08-24,8462399,1067741058,104.138561,107.872613,102.064088,103.308772,0.414895,5799
2021-08-25,4347933,552343430,104.553456,107.457719,103.723667,104.968351,1.659579,3097
2021-08-26,4711959,602173028,106.213035,108.287508,104.553456,104.553456,-0.414895,2912
2021-08-27,2598834,326349516,104.138561,105.383245,102.064088,104.138561,-0.414895,1886
2021-08-30,1977658,249400713,104.553456,106.213035,103.723667,104.138561,0.0,1404
2021-08-31,3309128,419267273,104.553456,106.627929,103.723667,106.627929,2.489368,2288
2021-09-01,4660486,594320191,106.627929,107.457719,104.138561,107.042824,0.414895,3129
2021-09-02,10007205,1301772219,107.872613,111.606665,103.308772,103.723667,-3.319157,6960
2021-09-03,5016624,643146409,104.968351,108.287508,104.138561,107.457719,3.734052,3260
2021-09-06,4401488,561333558,109.532192,109.532192,102.893877,104.553456,-2.904263,2992
2021-09-07,5413016,650948756,104.553456,104.968351,97.085352,101.234299,-3.319157,3984
2021-09-08,4974397,575987838,98.744931,99.989615,94.181089,94.595984,-6.638315,3796
2021-09-09,3947008,457516846,95.840668,97.085352,94.181089,96.255563,1.659579,2390
2021-09-10,3860040,447624603,96.255563,97.915141,94.181089,96.255563,0.0,2691
2021-09-13,2794757,330880731,96.255563,99.989615,95.840668,97.500247,1.244684,1857
2021-09-14,1714069,202320248,97.500247,99.159825,95.840668,98.744931,1.244684,1250
2021-09-15,1033418,121045636,97.500247,98.744931,96.255563,97.500247,-1.244684,1325
2021-09-16,1073281,126530361,97.915141,99.57472,96.670457,97.085352,-0.414895,854
2021-09-17,2352202,278233487,97.500247,99.57472,96.255563,97.915141,0.829789,1356
2021-09-22,884634,103051111,96.255563,97.500247,95.425773,97.500247,-0.414894,792
2021-09-23,1003747,117691814,98.330036,99.159825,96.255563,96.255563,-1.244684,967
2021-09-24,2057969,240881730,97.085352,97.915141,95.840668,97.085352,0.829789,2223
2021-09-27,1436194,169132261,98.330036,99.159825,96.255563,96.670457,-0.414895,1049
2021-09-28,1809107,208028858,97.500247,97.915141,94.181089,95.010879,-1.659578,1487
2021-09-29,1759758,195773482,92.521511,93.766195,91.276827,91.691721,-3.319158,1542
2021-09-30,1238075,139165023,91.276827,94.595984,91.276827,94.181089,2.489368,981
2021-10-01,1854093,203397491,92.521511,93.3513,89.202353,89.617248,-4.563841,1422
2021-10-04,1582863,171725088,90.861932,92.106616,88.787459,89.202353,-0.414895,1331
2021-10-05,1704221,184750324,88.787459,92.521511,85.883196,91.691721,2.489368,1671
2021-10-06,1159565,126000769,91.691721,92.936405,88.372564,88.372564,-3.319157,1417
2021-10-07,1276011,141626836,89.617248,93.3513,89.617248,92.936405,4.563841,1029
2021-10-08,2342804,265300822,95.010879,96.255563,91.276827,92.106616,-0.829789,2306
2021-10-12,1183719,128628941,91.691721,92.521511,88.372564,89.202353,-2.904263,1503
2021-10-13,2856164,295702795,90.032143,90.447037,84.638512,85.468301,-3.734052,2148
2021-10-14,2781868,289797934,86.298091,87.957669,84.638512,86.712985,1.244684,1922
2021-10-15,2828806,309354746,88.787459,92.521511,88.372564,91.691721,4.978736,2056
2021-10-18,1958094,215210345,91.276827,93.3513,89.617248,90.447037,-1.244684,1482
2021-10-19,1979757,223396276,91.276827,95.010879,91.276827,94.595984,4.148947,1602
2021-10-20,7896000,915381566,97.500247,99.57472,94.181089,95.840668,1.244684,5382
2021-10-21,4018745,463061568,95.425773,97.915141,93.766195,93.766195,-2.074473,2638
2021-10-22,4063383,471851782,94.595984,97.500247,94.595984,97.085352,3.319157,3013
2021-10-25,3184374,372386467,97.085352,98.330036,95.425773,98.330036,1.244684,2177
2021-10-26,12344355,1331816192,91.276827,92.106616,88.787459,88.787459,-9.542577,9485
2021-10-27,5712659,608786364,88.372564,90.032143,86.298091,90.032143,1.244684,4165
2021-10-28,4374882,459935896,88.372564,88.372564,86.712985,87.12788,-2.904263,3410
2021-10-29,5440713,560415433,87.12788,87.12788,84.638512,85.468301,-1.659579,3721
2021-11-01,4874629,506605569,85.468301,88.372564,83.393828,87.957669,2.489368,3739
2021-11-02,3559048,373758529,87.957669,89.202353,85.468301,85.468301,-2.489368,2607
2021-11-03,1555884,161385743,87.12788,87.12788,85.053407,85.883196,0.414895,1250
2021-11-04,1529000,160799586,87.12788,88.372564,86.298091,86.298091,0.414895,1311
2021-11-05,1482958,155446424,87.957669,87.957669,86.298091,87.12788,0.829789,1209
2021-11-08,1260643,131401564,86.712985,87.542775,85.883196,86.298091,-0.829789,1062
2021-11-09,2482141,264237874,87.12788,89.202353,86.712985,87.957669,1.659578,1947
2021-11-10,2181719,233653240,87.957669,89.617248,87.542775,89.617248,1.659579,1788
2021-11-11,1254413,134346870,88.787459,89.617248,88.372564,88.372564,-1.244684,1095
2021-11-12,1594135,170385262,88.372564,90.032143,87.542775,88.372564,0.0,1598
2021-11-15,3662889,399717533,89.202353,91.691721,88.787459,90.447037,2.074473,2659
2021-11-16,1929806,210680416,91.276827,91.691721,89.617248,90.447037,0.0,1860
2021-11-17,4871577,544750763,92.106616,93.766195,91.276827,92.936405,2.489368,3476
2021-11-18,3486532,391178267,95.010879,95.425773,91.691721,93.3513,0.414895,2536
2021-11-19,2661315,293432659,93.766195,94.181089,90.447037,90.861932,-2.489368,2270
2021-11-22,1684457,185302333,91.691721,92.521511,90.032143,91.691721,0.829789,1371
2021-11-23,1438741,157642984,90.447037,92.521511,89.617248,90.032143,-1.659578,1247
2021-11-24,1779493,190251536,89.202353,90.032143,87.957669,89.202353,-0.82979,1435
2021-11-25,1016710,110115931,89.617248,91.276827,88.787459,88.787459,-0.414894,895
2021-11-26,1399170,146709787,88.372564,88.787459,86.298091,86.298091,-2.489368,1372
2021-11-29,1594008,166129033,84.223617,88.787459,83.808723,87.542775,1.244684,1312
2021-11-30,879416,93899887,88.787459,89.617248,87.957669,87.957669,0.414894,769
2021-12-01,1309642,140896203,87.542775,90.861932,86.712985,90.447037,2.489368,1103
2021-12-02,974863,104828609,89.617248,90.447037,88.372564,88.787459,-1.659578,1505
2021-12-03,1182320,128578792,89.617248,91.276827,89.202353,90.032143,1.244684,947
2021-12-06,738597,79560238,89.617248,90.032143,88.787459,88.787459,-1.244684,867
2021-12-07,1084191,114725979,89.617248,89.617248,86.712985,87.542775,-1.244684,970
2021-12-08,1206757,127054768,88.372564,88.787459,86.712985,87.12788,-0.414895,969
2021-12-09,1237646,130691853,87.12788,88.372564,86.712985,87.957669,0.829789,803
2021-12-10,786582,82772123,87.542775,87.957669,86.298091,87.12788,-0.829789,1108
2021-12-13,708537,74156647,87.12788,87.542775,86.298091,86.298091,-0.829789,559
2021-12-14,958100,98665356,86.298091,86.712985,84.638512,85.053407,-1.244684,896
2021-12-15,611177,63030172,85.053407,86.298091,85.053407,85.053407,0.0,541
2021-12-16,1331277,139846844,86.298091,87.957669,86.298091,87.12788,2.074473,1094
2021-12-17,1747857,183287288,86.298091,87.542775,85.468301,87.542775,0.414895,950
2021-12-20,918457,95291219,87.542775,87.542775,85.468301,85.468301,-2.074474,799
2021-12-21,721112,75753667,86.298091,87.957669,85.883196,87.542775,2.074474,585
2021-12-22,1799249,192624317,87.957669,90.032143,87.957669,88.372564,0.829789,1350
2021-12-23,1521364,164326317,89.202353,90.447037,88.787459,89.617248,1.244684,1308
2021-12-24,746522,80261448,90.032143,90.032143,88.372564,89.202353,-0.414895,668
2021-12-27,535015,57452992,90.032143,90.032143,88.787459,88.787459,-0.414894,480
2021-12-28,456712,48756456,89.202353,89.617248,88.372564,88.372564,-0.414895,426
2021-12-29,3035300,331155361,88.787459,91.691721,87.957669,91.276827,2.904263,2101
2021-12-30,4180469,467743627,92.106616,93.766195,91.276827,93.3513,2.074473,4044
2022-01-03,1786237,197254066,92.936405,93.3513,90.861932,91.276827,-2.074473,1494
2022-01-04,1751017,190111656,91.276827,91.276827,89.202353,90.447037,-0.82979,1574
2022-01-05,1453050,157883073,90.447037,91.276827,89.202353,90.861932,0.414895,1056
2022-01-06,2247057,247706295,90.861932,92.521511,90.447037,91.276827,0.414895,1780
2022-01-07,3036074,323474285,90.447037,90.861932,86.712985,87.12788,-4.148947,2515
2022-01-10,561814,58910489,86.298091,87.957669,85.883196,87.12788,0.0,516
2022-01-11,1236403,128272092,87.12788,87.542775,85.468301,85.883196,-1.244684,979
2022-01-12,1111203,114444600,86.298091,86.712985,84.638512,86.712985,0.829789,1064
2022-01-13,962936,99176217,86.298091,86.712985,85.053407,85.053407,-1.659578,843
2022-01-14,1456908,147459885,84.638512,85.053407,82.978933,84.223617,-0.82979,1161
2022-01-17,746065,76529077,84.223617,86.298091,84.223617,85.883196,1.659579,620
2022-01-18,1806766,191064265,86.298091,89.202353,86.298091,87.12788,1.244684,1479
2022-01-19,701931,72631139,85.468301,86.712985,85.053407,85.468301,-1.659579,720
2022-01-20,849103,87951580,85.883196,86.712985,84.638512,86.712985,1.244684,830
2022-01-21,1531659,160480377,85.468301,87.957669,85.053407,87.542775,0.82979,1241
2022-01-24,1633127,167373935,86.712985,87.12788,83.808723,85.053407,-2.489368,1758
2022-01-25,897967,91332492,84.223617,85.883196,83.808723,83.808723,-1.244684,797
2022-01-26,1323007,133742101,84.223617,84.638512,83.393828,83.393828,-0.414895,1180
2022-02-07,1734044,175348088,85.053407,85.053407,82.978933,84.223617,0.829789,1403
2022-02-08,1044186,106837965,84.223617,85.468301,83.808723,85.053407,0.82979,803
2022-02-09,1575094,164812975,85.468301,87.542775,85.468301,87.542775,2.489368,1148
2022-02-10,2001840,210556684,87.542775,88.372564,86.298091,87.542775,0.0,1490
2022-02-11,1587165,168244455,87.957669,88.372564,87.12788,87.957669,0.414894,1211
2022-02-14,1565896,166230328,87.12788,89.202353,87.12788,87.957669,0.0,1156
2022-02-15,1574206,169425575,88.372564,90.032143,88.372564,88.372564,0.414895,1307
2022-02-16,2366090,255652071,89.617248,90.447037,88.787459,90.032143,1.659579,1929
2022-02-17,1323684,142240276,90.032143,90.032143,88.372564,88.372564,-1.659579,1748
2022-02-18,603032,64459194,87.957669,89.202353,87.957669,89.202353,0.829789,555
2022-02-21,581659,62503205,88.787459,89.617248,88.372564,89.202353,0.0,536
2022-02-22,1076066,114009162,88.787459,89.202353,87.12788,88.372564,-0.829789,864
2022-02-23,1424146,153653319,88.787459,90.447037,88.787459,90.032143,1.659579,1185
2022-02-24,1990223,213009831,89.202353,90.447037,87.542775,87.542775,-2.489368,1663
2022-02-25,1362726,145746572,89.202353,89.617248,87.542775,89.202353,1.659578,977
2022-03-01,1347747,146714945,89.617248,90.861932,89.617248,90.447037,1.244684,1107
2022-03-02,2613757,288502946,90.447037,92.521511,90.447037,92.106616,1.659579,2105
2022-03-03,4030443,456179567,94.181089,95.425773,92.521511,94.181089,2.074473,3157
2022-03-04,3689957,420257721,92.936405,95.425773,92.521511,94.181089,0.0,3003
2022-03-07,2231358,247140687,93.3513,93.3513,90.447037,91.276827,-2.904262,1947
2022-03-08,3559918,397604825,90.447037,94.595984,90.447037,91.691721,0.414894,2777
2022-03-09,9929263,1149796508,95.010879,98.330036,94.181089,95.840668,4.148947,7078
2022-03-10,8088723,950185426,97.915141,98.744931,96.255563,96.255563,0.414895,7253
2022-03-11,4306315,505747740,96.670457,98.744931,96.255563,97.500247,1.244684,3651
2022-03-14,3684316,432598649,98.744931,99.57472,95.840668,96.670457,-0.82979,3114
2022-03-15,3651260,411997889,95.425773,95.840668,92.521511,92.936405,-3.734052,2976
2022-03-16,1898195,214424365,95.010879,95.010879,92.106616,94.181089,1.244684,1532
2022-03-17,4810361,564527768,96.255563,98.744931,95.425773,98.744931,4.563842,3704
2022-03-18,3457571,408661940,98.330036,99.57472,97.085352,97.500247,-1.244684,2684
2022-03-21,2260081,267972390,98.744931,99.57472,97.500247,97.500247,0.0,1693
2022-03-22,3053576,362862126,98.330036,99.159825,97.500247,98.744931,1.244684,2323
2022-03-23,17502784,2170774830,100.819404,104.968351,100.404509,102.064088,3.319157,11752
2022-03-24,6165781,750995947,101.234299,102.064088,99.989615,100.819404,-1.244684,5585
2022-03-25,4346502,525803356,101.649193,102.064088,98.744931,99.159825,-1.659579,3586
2022-03-28,3063747,365343853,99.159825,100.404509,97.500247,99.159825,0.0,2268
2022-03-29,13671001,1689686934,100.404509,104.553456,99.989615,101.234299,2.074474,9392
2022-03-30,8381199,1027932049,102.893877,104.138561,99.57472,99.989615,-1.244684,7040
2022-03-31,2960445,355556239,100.404509,100.819404,98.744931,99.159825,-0.82979,2269
2022-04-01,1882018,221858109,97.500247,98.330036,97.085352,98.330036,-0.829789,1604
2022-04-06,2316707,268715002,97.500247,97.500247,95.425773,96.255563,-2.074473,2096
2022-04-07,2543788,289359232,95.010879,95.840668,92.936405,93.3513,-2.904263,2237
2022-04-08,1381261,157348159,95.010879,95.425773,93.766195,95.010879,1.659579,1239
2022-04-11,7203380,756004813,91.276827,91.691721,85.883196,86.298091,-8.712788,5972
2022-04-12,3072718,314620371,84.638512,86.298091,83.808723,84.638512,-1.659579,2397
2022-04-13,1741538,179332199,85.468301,85.883196,84.638512,85.468301,0.829789,1585
2022-04-14,2366058,240890941,85.883196,85.883196,83.808723,84.223617,-1.244684,2122
2022-04-15,5019150,496014560,83.393828,83.808723,81.319355,81.568291,-2.655326,4718
2022-04-18,2193332,215670595,81.319355,82.398081,80.323607,82.149144,0.580853,2052
2022-04-19,2160721,216396399,82.895954,83.808723,82.48106,83.393828,1.244684,1665
2022-04-20,1625370,162877242,84.223617,84.638512,82.48106,82.812975,-0.580853,1318
2022-04-21,1719530,174503724,83.393828,85.053407,82.895954,83.808723,0.995748,1458
2022-04-22,1843618,183567625,82.729997,83.393828,82.149144,82.149144,-1.659579,1347
2022-04-25,2563180,244801504,80.406586,80.489565,78.498071,78.912966,-3.236178,2310
2022-04-26,2831009,270535913,80.074671,80.572544,78.000197,78.000197,-0.912769,2295
2022-04-27,2385309,218766733,75.261893,78.000197,74.929977,77.502324,-0.497873,1932
2022-04-28,1367081,127553486,77.502324,78.332113,75.842745,77.502324,0.0,1150
2022-04-29,1012635,95422963,78.498071,79.244881,77.336366,77.668282,0.165958,989
2022-05-03,653469,61260218,77.834239,78.415092,77.336366,78.249134,0.580852,700
2022-05-04,1237165,118253211,78.912966,79.659776,78.664029,79.161902,0.912768,1101
2022-05-05,1435433,139423082,80.655523,80.987439,80.240629,80.323607,1.161705,1227
2022-05-06,828669,79292113,78.912966,80.15765,78.415092,80.15765,-0.165957,849
2022-05-09,983476,92790807,80.15765,80.15765,77.585303,77.751261,-2.406389,995
2022-05-10,1288048,121396008,77.087429,78.995945,77.00445,78.664029,0.912768,1113
2022-05-11,993923,94768110,79.244881,79.659776,78.664029,78.995945,0.331916,937
2022-05-12,727471,69124095,78.498071,79.659776,78.415092,78.415092,-0.580853,826
2022-05-13,1277229,123470570,79.244881,80.90446,79.078923,80.821481,2.406389,1223
2022-05-16,1306303,127375347,81.983186,81.983186,80.15765,80.240629,-0.580852,1783
2022-05-17,1075424,105299155,80.489565,81.817228,80.074671,81.65127,1.410641,1018
2022-05-18,1698509,168306352,82.812975,83.393828,81.485313,81.983186,0.331916,1608
2022-05-19,758983,74385267,81.070418,82.149144,80.572544,82.149144,0.165958,723
2022-05-20,758579,75383994,82.895954,82.895954,81.900207,82.48106,0.331916,728
2022-05-23,1016191,100213708,82.48106,82.812975,81.153397,81.734249,-0.746811,802
2022-05-24,800479,78407451,81.734249,82.232123,80.406586,80.738502,-0.995747,634
2022-05-25,529863,51950293,80.738502,81.900207,80.489565,81.900207,1.161705,452
2022-05-26,2722352,271622864,83.393828,84.223617,81.319355,81.319355,-0.580852,2200
2022-05-27,937071,92510627,81.734249,82.315102,81.568291,81.65127,0.331915,800
2022-05-30,935652,93059688,82.398081,82.812975,81.900207,82.729997,1.078727,798
2022-05-31,1008638,100962742,82.812975,83.393828,82.647018,82.978933,0.248936,745
2022-06-01,2470941,253042037,82.978933,86.298091,82.978933,85.053407,2.074474,1896
2022-06-02,940305,96278693,84.638512,85.883196,84.223617,84.638512,-0.414895,764
2022-06-06,734747,74225755,84.638512,84.638512,83.393828,83.808723,-0.829789,671
2022-06-07,635178,64159126,83.393828,84.223617,83.393828,83.808723,0.0,561
2022-06-08,892825,91175665,85.053407,85.468301,84.223617,84.638512,0.829789,804
2022-06-09,1311505,131637395,85.468301,85.468301,82.812975,82.978933,-1.659579,959
2022-06-10,1578185,154967277,80.738502,82.232123,80.738502,81.402334,-1.576599,1394
2022-06-13,1386738,133705253,80.489565,80.90446,79.493818,79.991692,-1.410642,1426
2022-06-14,1085175,103036387,79.742755,79.742755,78.000197,79.659776,-0.331916,1050
2022-06-15,652071,62430616,79.742755,80.240629,78.829987,79.244881,-0.414895,725
2022-06-16,962761,91597292,79.991692,80.406586,77.751261,77.751261,-1.49362,800
2022-06-17,1861326,172705477,76.672534,77.917218,75.676787,77.917218,0.165957,1154
2022-06-20,1387234,127009184,77.585303,77.585303,75.510829,75.510829,-2.406389,1179
2022-06-21,1126869,104862276,76.174661,78.415092,75.593808,78.415092,2.904263,899
2022-06-22,846075,78187284,78.000197,78.000197,75.676787,75.925724,-2.489368,956
2022-06-23,663784,60643950,75.676787,76.755513,75.261893,75.593808,-0.331916,623
2022-06-24,645194,58917598,76.506577,76.755513,75.261893,75.344871,-0.248937,924
2022-06-27,594440,54965336,76.340619,77.253387,76.091682,76.589555,1.244684,577
2022-06-28,811570,73825520,76.755513,76.755513,75.095935,75.42785,-1.161705,1487
2022-06-29,784791,70492041,75.42785,75.42785,74.183166,74.349124,-1.078726,755
2022-06-30,1412878,122654682,74.100187,74.100187,71.195925,71.195925,-3.153199,1290
2022-07-01,4807703,385987414,68.955494,69.121451,64.889526,65.055484,-6.140441,3965
2022-07-04,1285279,101729761,65.304421,66.549105,64.723568,66.13421,1.078726,1117
2022-07-05,800715,64003753,67.129957,67.212936,65.553357,66.383147,0.248937,880
2022-07-06,699365,55110773,65.885273,66.963999,64.723568,64.723568,-1.659579,746
2022-07-07,751873,59403905,65.055484,66.300168,64.142715,65.885273,1.161705,650
2022-07-08,1247713,100293380,66.383147,67.461873,65.885273,66.798041,0.912768,1045
2022-07-11,453591,35993441,67.212936,67.212936,65.304421,65.636336,-1.161705,586
2022-07-12,840048,64615003,64.806547,64.972505,63.229947,63.229947,-2.406389,908
2022-07-13,739154,58373811,64.723568,65.968252,64.474631,65.553357,2.32341,625
2022-07-14,611516,48857718,64.806547,66.798041,64.806547,66.466126,0.912769,600
2022-07-15,898795,72652080,66.383147,67.876767,65.968252,67.627831,1.161705,755
2022-07-18,1229862,102820803,69.121451,69.868262,68.872515,69.287409,1.659578,1402
2022-07-19,568409,47530555,69.287409,69.785283,68.706557,69.536346,0.248937,1030
2022-07-20,973648,82309712,70.366135,70.78103,69.536346,69.536346,0.0,846
2022-07-21,2189517,191337350,70.366135,73.685293,70.03422,73.519335,3.982989,1879
2022-07-22,1584049,139815462,73.685293,74.349124,72.440609,72.606567,-0.912768,2511
2022-07-25,1117379,96826745,72.191672,72.35763,71.444862,71.444862,-1.161705,1218
2022-07-26,5471716,436864628,67.378894,67.71081,65.221442,65.802294,-5.642568,4466
2022-07-27,2446571,195139462,65.138463,67.627831,64.889526,67.461873,1.659579,1969
2022-07-28,1289769,104200390,68.042725,68.374641,66.217189,67.461873,0.0,1115
2022-07-29,1042421,84026095,67.461873,67.461873,66.632083,66.715062,-0.746811,904
2022-08-01,898775,71922430,66.466126,67.129957,65.968252,66.632083,-0.082979,786
2022-08-02,1289619,102171629,66.383147,66.383147,65.553357,65.553357,-1.078726,1212
2022-08-03,1022648,80402165,65.553357,66.051231,64.806547,65.138463,-0.414894,906
2022-08-04,961567,76263649,65.968252,66.383147,65.221442,66.217189,1.078726,863
2022-08-05,1520522,123423353,66.300168,67.876767,66.300168,67.627831,1.410642,1254
2022-08-08,2252549,183863321,67.461873,68.042725,66.963999,68.042725,0.414894,1647
2022-08-09,1335342,98625639,68.155919,68.52433,67.326996,68.155919,0.113194,1270
2022-08-10,925625,67192382,67.234893,67.234893,66.590175,66.77438,-1.381539,1041
2022-08-11,863108,63535088,67.695406,68.984843,67.326996,67.326996,0.552616,788
2022-08-12,1025994,75745123,67.511201,68.616432,67.326996,68.432227,1.105231,809
2022-08-15,831413,62227663,68.89274,69.353253,68.616432,68.800638,0.368411,784
2022-08-16,1719603,129484721,69.076945,70.458484,69.076945,69.076945,0.276307,819
2022-08-17,695221,52441142,69.353253,69.997971,69.169048,69.169048,0.092103,583
2022-08-18,771141,57349328,68.89274,69.261151,67.695406,68.800638,-0.36841,771
2022-08-19,723105,54652308,69.076945,69.905869,68.800638,69.537458,0.73682,597
2022-08-22,507159,37865921,69.169048,69.261151,68.52433,68.616432,-0.921026,502
2022-08-23,453674,33432281,68.155919,68.248022,67.695406,67.695406,-0.921026,424
2022-08-24,343565,25272412,67.971714,68.248022,67.511201,67.695406,0.0,348
2022-08-25,283927,21042882,67.971714,68.52433,67.879612,68.340125,0.644719,263
2022-08-26,376332,28124571,68.89274,69.445356,68.432227,68.616432,0.276307,353
2022-08-29,754671,54830427,67.326996,67.419099,66.498073,67.326996,-1.289436,684
2022-08-30,424469,31037971,67.511201,67.603304,67.142791,67.511201,0.184205,419
2022-08-31,406142,30054203,67.511201,68.616432,67.234893,68.340125,0.828924,401
2022-09-01,454502,33352771,67.787509,68.248022,67.326996,67.511201,-0.828924,459
2022-09-02,399461,29151845,67.695406,67.787509,67.050688,67.050688,-0.460513,402
2022-09-05,824835,58689885,67.326996,67.326996,64.932329,65.116534,-1.934154,856
2022-09-06,921801,64039854,65.116534,65.208636,63.366585,63.55079,-1.565744,1031
2022-09-07,475567,32457904,63.55079,63.55079,62.261353,62.906072,-0.644718,469
2022-09-08,799496,56302863,63.274482,65.853355,62.906072,65.669149,2.763077,771
2022-09-12,630809,44440399,65.761252,65.853355,64.471816,65.116534,-0.552615,666
2022-09-13,383609,27419935,65.208636,66.77438,65.208636,65.945457,0.828923,380
2022-09-14,367058,26077309,64.563918,66.129662,64.471816,66.03756,0.092103,351
2022-09-15,304309,21839876,66.221765,66.40597,65.853355,66.129662,0.092102,279
2022-09-16,466449,33001745,66.129662,66.129662,64.932329,64.932329,-1.197333,356
2022-09-19,332023,23245759,64.103405,65.208636,64.103405,64.748123,-0.184206,316
2022-09-20,263894,18691613,66.03756,66.03756,64.840226,65.116534,0.368411,252
2022-09-21,343575,24144112,65.208636,65.669149,64.379713,64.563918,-0.552616,326
2022-09-22,307844,21365025,64.28761,64.28761,63.55079,64.103405,-0.460513,344
2022-09-23,636773,44167167,64.28761,64.932329,62.813969,64.932329,0.828924,666
2022-09-26,1212844,81698102,64.28761,64.28761,61.616635,61.708738,-3.223591,1209
2022-09-27,703426,46923661,61.708738,61.985046,61.06402,61.340327,-0.368411,665
2022-09-28,1762019,110690844,61.616635,61.80084,58.669352,58.669352,-2.670975,1003
2022-09-29,763028,49976014,59.037763,61.340327,58.94566,60.142994,1.473642,726
2022-09-30,801822,52510605,59.129865,61.524533,58.761455,61.340327,1.197333,1043
2022-10-03,578605,37918326,61.06402,61.156122,59.958789,60.235096,-1.105231,721
2022-10-04,995984,67230610,61.156122,62.906072,61.156122,62.537661,2.302565,891
2022-10-05,686021,46689411,63.090277,63.366585,61.892943,62.261353,-0.276308,672
2022-10-06,596504,40107012,62.261353,62.629764,61.524533,62.353456,0.092103,562
2022-10-07,561363,37514199,61.985046,62.077148,61.248225,61.524533,-0.828923,516
2022-10-11,1570403,98197237,59.866686,59.866686,57.011506,57.287813,-4.23672,1471
2022-10-12,949232,59027528,57.287813,58.024634,56.45889,57.195711,-0.092102,848
2022-10-13,1099754,66643434,56.919403,57.379916,54.801043,55.169454,-2.026257,1107
2022-10-14,993228,62473814,56.274685,58.669352,56.274685,58.208839,3.039385,881
2022-10-17,1406696,89383336,56.919403,60.142994,56.182582,59.866686,1.657847,1354
2022-10-18,1463726,96862314,60.695609,61.616635,59.866686,60.787712,0.921026,1393
2022-10-19,2191738,149730516,62.077148,63.9192,61.340327,62.906072,2.11836,2161
2022-10-20,1458275,98238405,61.892943,63.182379,60.971917,62.353456,-0.552616,1928
2022-10-21,603062,40206329,61.985046,61.985046,60.787712,60.879814,-1.473642,510
2022-10-24,767691,51559122,62.537661,62.721866,60.787712,60.787712,-0.092102,667
2022-10-25,505781,32960724,61.156122,61.43243,59.31407,59.31407,-1.473642,583
2022-10-26,538215,35114157,59.866686,60.787712,59.406173,59.958789,0.644719,526
2022-10-27,939611,63169196,61.156122,62.629764,60.787712,62.629764,2.670975,855
2022-10-28,326961,21968060,62.445559,62.537661,61.43243,61.43243,-1.197334,427
2022-10-31,612032,40792695,62.169251,62.537661,60.879814,61.156122,-0.276308,797
2022-11-01,566581,37068957,60.603507,60.695609,59.590378,60.603507,-0.552615,1228
2022-11-02,2516192,164875612,59.037763,62.629764,57.472019,61.524533,0.921026,2206
2022-11-03,848282,55885112,60.142994,61.524533,60.142994,60.419302,-1.105231,1142
2022-11-04,503583,33083678,60.050891,60.971917,60.050891,60.787712,0.36841,524
2022-11-07,811608,54166059,60.971917,62.353456,60.603507,61.340327,0.552615,648
2022-11-08,2059831,140307641,61.524533,63.827097,61.524533,62.077148,0.736821,1574
2022-11-09,1264190,86293806,62.906072,63.182379,62.353456,62.906072,0.828924,1006
2022-11-10,4512180,315433898,63.182379,65.577047,63.182379,64.471816,1.565744,3544
2022-11-11,3652106,259376360,65.484944,66.590175,64.471816,64.471816,0.0,2737
2022-11-14,1384530,95984539,64.195508,64.748123,63.458687,63.9192,-0.552616,1269
2022-11-15,1111594,77483039,64.011303,64.563918,63.458687,64.379713,0.460513,772
2022-11-16,6718464,488203437,65.945457,68.063817,65.300739,67.326996,2.947283,4824
2022-11-17,2887946,209631300,66.77438,67.511201,66.03756,66.866483,-0.460513,2413
2022-11-18,2086444,152627215,66.958586,68.063817,66.77438,66.77438,-0.092103,1634
2022-11-21,1525358,108750566,66.866483,66.866483,65.024431,65.208636,-1.565744,1337
2022-11-22,1133119,79401203,65.484944,65.761252,64.103405,64.379713,-0.828923,973
2022-11-23,714706,50169881,64.563918,65.116534,64.28761,64.656021,0.276308,547
2022-11-24,1039591,74246224,65.208636,66.313868,64.748123,66.313868,1.657847,861
2022-11-25,1085037,76919441,66.682278,66.77438,64.656021,64.748123,-1.565745,992
2022-11-28,502227,35093402,63.827097,64.932329,63.827097,64.103405,-0.644718,444
2022-11-29,1808106,124857672,64.011303,64.932329,62.721866,64.656021,0.552616,1367
2022-11-30,1888633,134516084,65.300739,66.03756,64.932329,65.577047,0.921026,1496
2022-12-01,1806901,130243732,66.313868,66.866483,66.03756,66.40597,0.828923,1627
2022-12-02,1831840,133226968,66.40597,67.419099,66.313868,67.050688,0.644718,1360
2022-12-05,1700583,123972732,67.326996,67.971714,66.498073,66.866483,-0.184205,1447
2022-12-06,1197869,85165519,66.77438,66.77438,64.656021,64.932329,-1.934154,1104
2022-12-07,1040165,72423291,64.563918,65.300739,63.55079,63.642892,-1.289437,929
2022-12-08,840061,58412230,64.103405,64.656021,63.182379,64.28761,0.644718,710
2022-12-09,2090664,148823417,64.28761,66.958586,64.28761,64.748123,0.460513,1543
2022-12-12,1498027,102880698,64.471816,64.471816,62.906072,62.906072,-1.842051,1309
2022-12-13,861475,58634805,63.090277,63.274482,62.261353,62.629764,-0.276308,816
2022-12-14,1109879,75916977,62.906072,63.55079,62.353456,63.458687,0.828923,981
2022-12-15,1736209,119672591,63.274482,64.748123,62.445559,64.195508,0.736821,1347
2022-12-16,2672375,183340555,63.734995,63.734995,62.813969,63.090277,-1.105231,1860
2022-12-19,2189481,150154409,63.458687,64.011303,62.629764,62.998174,-0.092103,1653
2022-12-20,7898713,556536118,62.906072,66.958586,62.629764,62.813969,-0.184205,5565
2022-12-21,3668790,249331331,64.28761,64.656021,61.524533,61.80084,-1.013129,3829
2022-12-22,1305963,87851997,62.077148,62.353456,61.524533,62.261353,0.460513,1020
2022-12-23,761182,51101108,61.708738,62.261353,61.340327,62.261353,0.0,627
2022-12-26,860662,58917022,62.537661,63.55079,62.445559,63.090277,0.828924,731
2022-12-27,644683,44116335,63.458687,63.458687,62.629764,62.721866,-0.368411,708
2022-12-28,785605,52665597,62.813969,62.813969,61.43243,61.524533,-1.197333,741
2022-12-29,931463,62566216,61.248225,62.906072,60.511404,62.906072,1.381539,891
2022-12-30,1298930,89219356,63.366585,63.827097,62.629764,62.813969,-0.092103,1221
2023-01-03,1081081,74602558,62.721866,64.011303,62.629764,63.9192,1.105231,823
2023-01-04,684295,47294649,63.9192,64.011303,63.274482,63.55079,-0.36841,662
2023-01-05,893126,61874746,63.827097,64.379713,63.458687,63.642892,0.092102,670
2023-01-06,1490839,103898476,63.366585,64.656021,63.274482,64.28761,0.644718,1161
2023-01-09,1353531,94807901,64.932329,65.024431,64.011303,64.748123,0.460513,1160
2023-01-10,1463056,102940857,64.656021,65.300739,64.28761,65.024431,0.276308,919
2023-01-11,751108,53021324,65.208636,65.300739,64.656021,65.116534,0.092103,760
2023-01-12,574101,40537749,65.208636,65.484944,64.748123,64.748123,-0.368411,535
2023-01-13,602440,42012014,64.932329,65.300739,63.734995,63.827097,-0.921026,580
2023-01-16,525494,36617405,63.55079,64.563918,63.55079,64.195508,0.368411,457
2023-01-17,505690,35445334,64.840226,64.840226,64.195508,64.656021,0.460513,445
2023-01-30,1249310,89129578,65.392842,66.221765,65.024431,65.945457,1.289436,993
2023-01-31,1584132,114462239,65.853355,66.958586,65.577047,66.958586,1.013129,1387
2023-02-01,7421436,561850043,67.879612,70.826895,67.142791,69.813766,2.85518,5190
2023-02-02,4314599,331748160,70.182176,71.37951,69.997971,71.195305,1.381539,4295
2023-02-03,2236407,171183720,71.195305,71.195305,69.997971,70.642689,-0.552616,1890
2023-02-06,2105835,158065918,70.274279,70.274279,68.616432,68.708535,-1.934154,1825
2023-02-07,5083220,389472959,69.353253,71.287408,69.261151,71.287408,2.578873,3623
2023-02-08,2863114,221425189,71.37951,71.655818,70.734792,71.37951,0.092102,2417
2023-02-09,1289748,98868228,70.826895,70.918997,70.274279,70.642689,-0.736821,1198
2023-02-10,1339142,102030489,70.734792,71.103202,69.813766,69.813766,-0.828923,1015
2023-02-13,854635,64120484,69.813766,69.813766,68.800638,68.89274,-0.921026,755
2023-02-14,612717,46284339,69.261151,69.997971,69.076945,69.537458,0.644718,525
2023-02-15,1103997,83687144,69.537458,70.550587,69.169048,69.905869,0.368411,894
2023-02-16,1205299,92442082,70.274279,70.918997,69.997971,70.642689,0.73682,1012
2023-02-17,3248427,242805022,70.274279,70.274279,68.340125,68.800638,-1.842051,2636
2023-02-20,2106936,155905429,68.616432,68.800638,67.511201,68.708535,-0.092103,1768
2023-02-21,2295868,173873532,69.537458,70.274279,69.261151,69.445356,0.736821,1688
2023-02-22,1588408,118300237,69.169048,69.169048,68.063817,68.800638,-0.644718,1348
2023-02-23,1285963,96532730,68.800638,69.721663,68.52433,69.629561,0.828923,1039
2023-02-24,1745481,130057988,69.629561,69.721663,68.063817,68.248022,-1.381539,1490
2023-03-01,1420656,105914265,68.248022,69.261151,67.695406,68.89274,0.644718,1076
2023-03-02,792723,58994640,68.89274,68.984843,68.248022,68.432227,-0.460513,732
2023-03-03,1239135,93271180,68.984843,69.629561,68.89274,69.261151,0.828924,1018
2023-03-06,2878115,220925765,70.182176,71.287408,70.090074,70.550587,1.289436,2242
2023-03-07,1011353,77506074,70.550587,70.918997,70.182176,70.458484,-0.092103,904
2023-03-08,1215930,93010416,69.813766,70.918997,69.537458,70.918997,0.460513,976
2023-03-09,1608082,123867284,70.918997,71.287408,70.550587,70.918997,0.0,1533
2023-03-10,1605798,122497214,71.563715,71.563715,69.353253,69.537458,-1.381539,1764
2023-03-13,1621855,123169525,69.169048,70.734792,68.616432,70.366382,0.828924,1388
2023-03-14,860962,65227769,69.813766,70.274279,69.353253,69.353253,-1.013129,875
2023-03-15,1197020,89525459,69.997971,69.997971,68.248022,68.248022,-1.105231,1067
2023-03-16,1920513,138981760,67.879612,67.879612,65.761252,65.761252,-2.48677,1927
2023-03-17,1268498,90940010,66.498073,66.682278,65.761252,65.761252,0.0,798
2023-03-20,596371,43147982,66.129662,66.958586,66.03756,66.958586,1.197334,884
2023-03-21,676047,49056043,67.142791,67.234893,66.590175,66.866483,-0.092103,746
2023-03-22,731938,53232740,67.050688,67.234893,66.590175,67.142791,0.276308,866
2023-03-23,986039,72899350,67.142791,68.616432,66.77438,68.155919,1.013128,986
2023-03-24,2031321,153315399,68.708535,69.997971,68.340125,69.905869,1.74995,1793
2023-03-27,1504503,112081146,69.629561,69.629561,68.248022,68.340125,-1.565744,1309
2023-03-28,1277081,93641798,68.340125,68.340125,67.050688,67.326996,-1.013129,1054
2023-03-29,849865,62286226,67.326996,67.971714,67.050688,67.695406,0.36841,620
2023-03-30,458079,33887582,68.063817,68.340125,67.879612,68.155919,0.460513,418
2023-03-31,770070,57202464,68.248022,68.800638,68.063817,68.063817,-0.092102,663
2023-04-06,798032,59273859,67.603304,68.89274,67.234893,68.89274,0.828923,767
2023-04-07,492105,36729300,68.89274,69.169048,68.432227,68.52433,-0.36841,446
2023-04-10,281341,20897401,68.52433,68.984843,68.155919,68.340125,-0.184205,323
2023-04-11,549716,40873661,68.248022,68.89274,68.155919,68.52433,0.184205,435
2023-04-12,1063199,79795457,68.800638,69.445356,68.616432,69.353253,0.828923,859
2023-04-13,676156,50301763,69.261151,69.261151,68.155919,68.248022,-1.105231,595
2023-04-14,366378,27253590,68.52433,68.800638,68.248022,68.52433,0.276308,318
2023-04-17,578415,42834214,68.708535,68.800638,68.063817,68.155919,-0.368411,606
2023-04-18,683399,50725454,68.155919,68.89274,67.787509,68.616432,0.460513,600
2023-04-19,1576943,115069415,68.708535,68.89274,66.498073,66.590175,-2.026257,1523
2023-04-20,495121,35522044,66.590175,66.590175,65.853355,66.03756,-0.552615,583
2023-04-21,964297,68163397,65.945457,66.313868,64.471816,64.471816,-1.565744,1047
2023-04-24,414246,28983807,64.471816,64.656021,64.011303,64.563918,0.092102,466
2023-04-25,1998900,135720691,64.103405,64.28761,61.340327,61.708738,-2.85518,2116
2023-04-26,728283,48781151,61.340327,62.445559,60.971917,62.353456,0.644718,793
2023-04-27,578319,38851277,61.892943,62.537661,61.248225,61.616635,-0.736821,599
2023-04-28,1286865,87923075,62.261353,63.458687,61.892943,63.274482,1.657847,867
2023-05-02,960784,65333045,64.28761,64.28761,61.892943,62.169251,-1.105231,978
2023-05-03,623535,41805154,61.80084,62.169251,61.524533,61.708738,-0.460513,631
2023-05-04,462411,31200009,61.80084,62.353456,61.708738,62.169251,0.460513,445
2023-05-05,630700,43057195,62.169251,63.274482,62.077148,62.998174,0.828923,600
2023-05-08,530117,36167162,63.090277,63.274482,62.629764,62.813969,-0.184205,537
2023-05-09,750030,50899530,62.813969,63.090277,62.169251,62.813969,0.0,625
2023-05-10,296723,20150055,62.445559,62.906072,62.261353,62.813969,0.0,333
2023-05-11,619199,41644581,63.274482,63.274482,61.524533,61.616635,-1.197334,664
2023-05-12,321355,21582607,61.616635,62.445559,61.43243,62.077148,0.460513,329
2023-05-15,307044,20543417,61.892943,62.353456,61.340327,61.708738,-0.36841,352
2023-05-16,421574,28313458,61.985046,62.353456,61.616635,61.708738,0.0,406
2023-05-17,1311780,88697365,62.261353,62.906072,61.892943,61.985046,0.276308,1133
2023-05-18,668558,45327242,62.261353,62.721866,62.261353,62.353456,0.36841,589
2023-05-19,760318,52035899,62.906072,63.458687,62.721866,62.998174,0.644718,631
2023-05-22,411684,28109421,63.366585,63.366585,62.721866,62.813969,-0.184205,443
2023-05-23,393730,26871094,62.813969,62.998174,62.629764,62.813969,0.0,374
2023-05-24,3931908,276678585,62.813969,65.669149,62.629764,65.024431,2.210462,2848
2023-05-25,1331321,93195357,64.656021,65.024431,64.195508,64.379713,-0.644718,1311
2023-05-26,1063927,73874817,64.748123,64.840226,63.642892,63.734995,-0.644718,941
2023-05-29,840999,58631950,63.827097,64.563918,63.827097,64.195508,0.460513,747
2023-05-30,668522,46458419,64.563918,64.563918,63.827097,63.9192,-0.276308,543
2023-05-31,3234859,227246539,64.195508,65.300739,63.9192,64.748123,0.828923,1867
2023-06-01,2119069,149315471,65.116534,65.300739,64.563918,65.024431,0.276308,1485
2023-06-02,1310277,92163313,65.392842,65.392842,64.471816,64.656021,-0.36841,1050
2023-06-05,982915,69039067,64.748123,64.840226,64.563918,64.748123,0.092102,825
2023-06-06,927493,64791223,64.748123,64.840226,64.011303,64.195508,-0.552615,808
2023-06-07,2138223,152362685,64.195508,66.129662,64.195508,66.03756,1.842052,1722
2023-06-08,2766046,199909268,66.77438,67.050688,65.945457,66.498073,0.460513,2315
2023-06-09,1619296,116187989,66.682278,66.866483,65.669149,66.40597,-0.092103,1338
2023-06-12,1244035,89711233,66.40597,66.866483,65.853355,66.77438,0.36841,970
2023-06-13,1208357,87309388,67.050688,67.603304,66.129662,66.129662,-0.644718,1111
2023-06-14,1288487,92215104,65.853355,66.40597,65.669149,65.669149,-0.460513,1050
2023-06-15,1170958,84087972,65.484944,66.590175,65.392842,66.129662,0.460513,954
2023-06-16,1460430,104216600,66.40597,66.40597,65.300739,66.03756,-0.092102,924
2023-06-19,721215,51168135,66.03756,66.03756,65.116534,65.300739,-0.736821,775
2023-06-20,814777,57319432,65.300739,65.300739,64.471816,64.840226,-0.460513,756
2023-06-21,571828,40084282,64.840226,64.932329,64.379713,64.563918,-0.276308,516
2023-06-26,578529,40325769,64.379713,64.563918,63.734995,64.28761,-0.276308,549
2023-06-27,1717478,118171502,64.103405,64.103405,62.813969,62.813969,-1.473641,1646
2023-06-28,1449725,98483902,63.090277,63.182379,62.261353,62.721866,-0.092103,1329
2023-06-29,546313,37363110,62.998174,63.366585,62.445559,63.182379,0.460513,470
2023-06-30,476642,32525218,63.182379,63.182379,62.629764,62.906072,-0.276307,467
2023-07-03,788947,54403477,63.090277,63.9192,63.090277,63.458687,0.552615,679
2023-07-04,692300,47996332,63.458687,64.28761,63.274482,64.103405,0.644718,648
2023-07-05,664935,46072347,64.28761,64.28761,63.55079,63.55079,-0.552615,664
2023-07-06,738076,51424009,63.642892,64.656021,63.642892,64.011303,0.460513,661
2023-07-07,735268,50406937,63.9192,64.011303,62.813969,62.998174,-1.013129,813
2023-07-10,482398,32924388,63.274482,63.458687,62.537661,63.090277,0.092103,482
2023-07-11,496944,34103819,63.090277,63.55079,62.813969,63.55079,0.460513,422
2023-07-12,685958,46828247,63.55079,63.55079,62.629764,62.629764,-0.921026,675
2023-07-13,705536,48253992,63.090277,63.734995,62.537661,63.274482,0.644718,593
2023-07-14,449978,30970769,63.182379,63.642892,63.182379,63.274482,0.0,609
2023-07-17,1504955,105655888,63.642892,65.300739,63.642892,64.932329,1.657847,1106
2023-07-18,1112315,78249815,65.208636,65.484944,64.195508,64.932329,0.0,1070
2023-07-19,1504791,106723152,65.392842,65.761252,64.932329,65.116534,0.184205,1208
2023-07-20,2643373,189619922,65.484944,66.498073,65.300739,66.221765,1.105231,1630
2023-07-21,1537554,110380112,65.669149,66.590175,65.577047,66.03756,-0.184205,1346
2023-07-24,1238934,88047122,66.03756,66.221765,64.840226,64.840226,-1.197334,1412
2023-07-25,1236498,86418192,64.932329,65.116534,64.103405,64.195508,-0.644718,1194
2023-07-26,1085755,74862640,64.28761,64.379713,63.090277,63.182379,-1.013129,1100
2023-07-27,726789,50155325,63.366585,63.9192,62.998174,63.827097,0.644718,662
2023-07-28,711693,49564214,63.55079,64.471816,63.458687,64.28761,0.460513,635
2023-07-31,844001,58613289,64.656021,64.748123,63.366585,63.827097,-0.460513,720
2023-08-01,1353339,92861876,64.28761,64.28761,62.721866,63.55079,-0.276307,1260
2023-08-02,1441254,98121586,63.274482,63.366585,62.445559,62.445559,-1.105231,1365
2023-08-04,813287,55843042,62.445559,63.734995,62.261353,63.366585,0.921026,696
2023-08-07,408884,28144681,63.366585,63.642892,63.182379,63.274482,-0.092103,396
2023-08-08,980779,67300879,63.55079,63.642892,62.721866,62.906072,-0.36841,545
2023-08-09,953244,64682808,62.353456,62.906072,62.261353,62.445559,-0.460513,613
2023-08-10,1086663,72804782,62.353456,62.353456,61.340327,61.616635,-0.828924,1094
2023-08-11,846843,56673860,61.985046,61.985046,61.340327,61.43243,-0.184205,587
2023-08-14,1028325,68060778,61.43243,61.43243,60.603507,60.787712,-0.644718,776
2023-08-15,1237140,81954062,60.879814,61.616635,60.879814,60.971917,0.184205,791
2023-08-16,2508087,159383242,60.285738,61.462045,60.089687,60.971917,0.0,1061
2023-08-17,699657,44235470,60.971917,62.638352,60.971917,62.638352,1.666435,683
2023-08-18,742426,46919376,62.638352,62.736378,61.265994,61.462045,-1.176307,800
2023-08-21,748466,46189145,61.364019,61.462045,60.089687,60.579815,-0.88223,872
2023-08-22,547545,33687083,60.579815,60.775866,60.089687,60.187712,-0.392103,529
2023-08-23,709936,43271830,60.089687,60.187712,59.599559,59.697584,-0.490128,680
2023-08-24,739990,44985687,59.697584,60.187712,59.207456,59.403508,-0.294076,746
2023-08-25,526972,31901597,59.305482,59.599559,58.91338,59.403508,0.0,511
2023-08-28,504587,30740385,59.599559,60.285738,59.207456,59.79561,0.392102,473
2023-08-29,289685,17681503,60.089687,60.187712,59.501533,60.187712,0.392102,290
2023-08-30,772635,48089944,60.383764,61.658096,60.383764,61.658096,1.470384,688
2023-08-31,967193,60998110,61.756122,62.24625,61.265994,61.756122,0.098026,917
2023-09-01,862609,54694794,61.756122,62.736378,61.658096,62.638352,0.88223,866
2023-09-04,1090628,69545111,62.736378,63.12848,61.658096,63.12848,0.490128,1102
2023-09-05,1356423,87163974,63.422557,63.716634,62.442301,63.12848,0.0,1178
2023-09-06,1167978,75545754,63.618608,63.814659,63.030454,63.520582,0.392102,1004
2023-09-07,1266839,81515718,63.226506,63.716634,62.638352,63.030454,-0.490128,1178
2023-09-08,693763,44192523,63.030454,63.422557,62.148224,62.540327,-0.490127,746
2023-09-11,852543,53533287,62.540327,62.540327,61.069943,61.069943,-1.470384,873
2023-09-12,416893,26116196,62.148224,62.148224,60.971917,61.658096,0.588153,391
2023-09-13,400481,25266549,62.148224,62.148224,61.560071,61.854147,0.196051,373
2023-09-14,705125,44661322,62.24625,62.442301,61.756122,62.050199,0.196052,688
2023-09-15,581291,37070362,62.540327,62.834403,62.148224,62.442301,0.392102,507
2023-09-18,928454,59909199,62.24625,63.618608,62.148224,63.226506,0.784205,898
2023-09-19,654321,42257222,63.716634,63.814659,62.932429,63.030454,-0.196052,557
2023-09-20,627891,39987260,63.030454,63.12848,61.952173,62.344275,-0.686179,560
2023-09-21,386804,24405420,62.050199,62.344275,61.364019,61.952173,-0.392102,381
2023-09-22,528485,33320517,61.952173,62.442301,61.364019,62.24625,0.294077,428
2023-09-25,636400,40180785,62.638352,62.638352,61.952173,61.952173,-0.294077,495
2023-09-26,423830,26484938,61.756122,61.854147,60.873891,60.873891,-1.078282,513
2023-09-27,476693,29560210,60.873891,61.167968,60.481789,60.873891,0.0,440
2023-09-28,288142,17913068,61.265994,61.265994,60.67784,60.67784,-0.196051,288
2023-10-02,703191,43595005,60.775866,60.971917,60.481789,60.579815,-0.098025,497
2023-10-03,473168,29569626,60.775866,61.854147,60.481789,61.167968,0.588153,417
2023-10-04,300375,18616419,60.775866,61.069943,60.579815,60.775866,-0.392102,389
2023-10-05,304988,18942634,60.775866,61.167968,60.67784,60.67784,-0.098026,319
2023-10-06,304601,18840928,60.873891,60.873891,60.481789,60.579815,-0.098025,307
2023-10-11,1007233,61262048,60.775866,60.775866,59.109431,59.305482,-1.274333,1240
2023-10-12,740279,44787316,59.403508,59.991661,58.91338,59.893636,0.588154,647
2023-10-13,690572,42521859,59.893636,60.873891,59.697584,60.873891,0.980255,585
2023-10-16,1193711,74482766,60.383764,61.658096,60.187712,60.971917,0.098026,1023
2023-10-17,2037859,130125740,61.658096,63.716634,61.462045,62.24625,1.274333,1806
2023-10-18,2115043,132384286,62.24625,63.030454,60.481789,61.462045,-0.784205,1486
2023-10-19,1883550,120517456,61.069943,63.422557,60.873891,63.324531,1.862486,1576
2023-10-20,3138719,203466616,63.520582,64.01071,62.834403,63.520582,0.196051,2773
2023-10-23,1108903,71327145,63.520582,63.912685,62.344275,62.344275,-1.176307,999
2023-10-24,3682293,240585157,63.12848,64.990966,62.932429,63.814659,1.470384,3066
2023-10-25,1748905,114171917,63.912685,64.500838,63.324531,63.912685,0.098026,1600
2023-10-26,1042036,66837454,62.638352,63.520582,62.540327,62.736378,-1.176307,1015
2023-10-27,1806988,113428037,62.932429,63.12848,60.775866,60.775866,-1.960512,1356
2023-10-30,1190728,75520978,61.069943,62.932429,60.775866,62.932429,2.156563,1012
2023-10-31,1403737,88041122,62.344275,62.540327,60.383764,60.383764,-2.548665,1553
2023-11-01,868851,54019451,60.67784,61.756122,60.481789,60.67784,0.294076,769
2023-11-02,1391677,86520721,61.069943,61.462045,60.383764,61.265994,0.588154,1082
2023-11-03,1024359,63678475,61.364019,61.364019,60.579815,60.67784,-0.588154,908
2023-11-06,1135520,70781257,61.167968,61.364019,60.481789,61.364019,0.686179,765
2023-11-07,2893969,185188968,61.364019,63.520582,61.364019,63.422557,2.058538,2013
2023-11-08,3984647,259068659,63.814659,64.206762,63.324531,63.716634,0.294077,2974
2023-11-09,1451968,93008615,63.226506,63.226506,62.540327,62.834403,-0.882231,1269
2023-11-10,1805055,115863245,62.736378,63.618608,62.050199,62.932429,0.098026,1447
2023-11-13,2422013,158302538,64.01071,64.794915,63.520582,63.618608,0.686179,1964
2023-11-14,2110493,138609529,64.598864,64.794915,63.912685,64.304787,0.686179,1817
2023-11-15,2808807,186335796,64.990966,65.57912,64.500838,65.088992,0.784205,2107
2023-11-16,1528738,101337403,65.57912,65.677145,64.402813,64.990966,-0.098026,1192
2023-11-17,1532994,102293564,65.383069,65.775171,64.794915,65.383069,0.392103,1296
2023-11-20,1923323,129374040,65.775171,66.167273,65.187017,66.167273,0.784204,1455
2023-11-21,1777503,119569816,66.46135,66.559376,65.481094,65.873197,-0.294076,1827
2023-11-22,1993623,134399461,65.481094,66.46135,65.383069,66.069248,0.196051,1372
2023-11-23,3115286,212160244,66.559376,67.637657,66.069248,66.069248,0.0,2718
2023-11-24,1289219,87267675,66.657401,66.951478,65.971222,66.265299,0.196051,1381
2023-11-27,1587168,105920032,66.363325,66.363325,64.69689,64.69689,-1.568409,1546
2023-11-28,1364977,91283363,65.481094,66.069248,64.500838,66.069248,1.372358,1262
2023-11-29,1619877,110112242,66.46135,66.951478,66.265299,66.657401,0.588153,1574
2023-11-30,1545407,104348275,67.049504,67.049504,65.775171,65.775171,-0.88223,1170
2023-12-01,4197968,288962707,66.265299,68.02976,66.167273,67.539632,1.764461,2954
2023-12-04,4456365,308888563,68.421862,69.108041,66.46135,66.755427,-0.784205,3198
2023-12-05,1440876,96930961,66.657401,66.657401,65.481094,65.57912,-1.176307,1281
2023-12-06,1684451,111871873,65.481094,65.57912,64.794915,65.187017,-0.392103,1458
2023-12-07,1142146,75559532,65.187017,65.481094,64.500838,64.598864,-0.588153,1016
2023-12-08,769234,50855151,64.892941,65.285043,64.500838,64.69689,0.098026,664
2023-12-11,1331824,87402892,64.69689,64.892941,64.01071,64.108736,-0.588154,1094
2023-12-12,1461677,95168161,64.206762,64.794915,63.520582,63.716634,-0.392102,1154
2023-12-13,1109923,73070450,63.912685,64.990966,63.912685,64.402813,0.686179,997
2023-12-14,1004681,66314284,65.088992,65.285043,64.402813,64.598864,0.196051,902
2023-12-15,2802427,182600870,64.69689,65.088992,63.618608,63.618608,-0.980256,1069
2023-12-18,704383,45891867,63.716634,64.500838,63.520582,63.716634,0.098026,672
2023-12-19,708350,45691748,64.206762,64.206762,62.932429,63.324531,-0.392103,859
2023-12-20,637098,41298432,63.520582,64.206762,63.030454,63.814659,0.490128,549
2023-12-21,298612,19306234,63.814659,63.814659,63.030454,63.324531,-0.490128,356
2023-12-22,532862,34630718,63.422557,64.01071,63.422557,63.520582,0.196051,430
2023-12-25,340054,22066812,63.618608,64.108736,63.422557,63.422557,-0.098025,342
2023-12-26,544215,35540678,63.716634,64.500838,63.618608,63.912685,0.490128,503
2023-12-27,774937,50716323,64.402813,64.402813,63.912685,64.206762,0.294077,554
2023-12-28,1823885,121407281,64.206762,65.971222,64.206762,65.088992,0.88223,1546
2023-12-29,1091790,72769169,65.285043,65.775171,64.69689,65.383069,0.294077,912
2024-01-02,688241,45635561,65.187017,65.383069,64.69689,64.69689,-0.686179,563
2024-01-03,596654,39190119,64.69689,64.794915,63.912685,64.500838,-0.196052,559
2024-01-04,557379,36580279,64.598864,65.285043,63.814659,63.912685,-0.588153,545
2024-01-05,530997,34557272,63.912685,64.304787,63.618608,63.618608,-0.294077,661
2024-01-08,473594,30618232,63.618608,64.108736,63.030454,63.030454,-0.588154,481
2024-01-09,1699551,106996178,63.030454,63.12848,61.265994,61.364019,-1.666435,1678
2024-01-10,466015,29089792,61.167968,61.658096,60.971917,61.265994,-0.098025,520
2024-01-11,640901,40118712,61.265994,61.854147,61.069943,61.265994,0.0,576
2024-01-12,591399,36806021,61.265994,61.364019,60.775866,60.971917,-0.294077,605
2024-01-15,277180,17299074,60.971917,61.364019,60.775866,61.167968,0.196051,336
2024-01-16,666337,41169101,60.775866,60.873891,60.383764,60.481789,-0.686179,753
2024-01-17,806720,49370203,60.187712,60.775866,59.599559,59.599559,-0.88223,951
2024-01-18,532873,32423980,59.697584,60.089687,59.305482,59.697584,0.098025,612
2024-01-19,510643,31157429,59.79561,60.285738,59.501533,59.893636,0.196052,497
2024-01-22,477257,29370136,60.089687,60.971917,59.991661,60.67784,0.784204,511
2024-01-23,558837,35026532,60.67784,61.756122,60.67784,61.364019,0.686179,622
2024-01-24,638780,39867684,61.364019,61.560071,60.873891,61.069943,-0.294076,598
2024-01-25,532671,33114958,62.050199,62.050199,60.481789,60.579815,-0.490128,542
2024-01-26,359628,22130914,61.069943,61.069943,60.089687,60.089687,-0.490128,474
2024-01-29,378123,23280349,60.089687,60.775866,59.79561,60.579815,0.490128,414
2024-01-30,1287000,78260765,59.79561,60.089687,59.403508,59.403508,-1.176307,1251
2024-01-31,1432197,88641992,60.285738,61.462045,59.991661,60.579815,1.176307,1106
2024-02-01,930875,56743572,60.383764,60.383764,59.501533,59.697584,-0.882231,927
2024-02-02,612460,37459157,59.991661,60.383764,59.697584,59.79561,0.098026,598
2024-02-05,1242442,74902755,60.089687,60.089687,58.91338,59.011405,-0.784205,1213
2024-02-15,1027926,61809461,59.011405,59.305482,58.423252,59.305482,0.294077,1024
2024-02-16,654300,39679905,59.599559,59.79561,59.011405,59.79561,0.490128,636
2024-02-19,893574,54792902,59.893636,60.481789,59.79561,60.089687,0.294077,840
2024-02-20,838086,51431532,60.089687,60.67784,59.79561,59.79561,-0.294077,833
2024-02-21,567940,34542004,59.79561,59.893636,59.403508,59.599559,-0.196051,668
2024-02-22,1110968,68321443,60.285738,61.069943,59.991661,60.187712,0.588153,981
2024-02-23,1018871,62783951,60.481789,60.775866,59.991661,59.991661,-0.196051,1136
2024-02-26,699522,42614951,59.991661,60.285738,59.501533,59.599559,-0.392102,1001
2024-02-27,759747,46101087,59.599559,60.383764,59.011405,59.207456,-0.392103,851
2024-02-29,942213,56695165,59.109431,59.403508,58.815354,58.815354,-0.392102,1220
2024-03-01,1242390,74323784,58.815354,58.815354,58.521277,58.619303,-0.196051,1443
2024-03-04,941699,56307576,58.815354,59.011405,58.423252,58.423252,-0.196051,1151
2024-03-05,1039091,62543028,58.423252,59.599559,58.423252,58.717329,0.294077,816
2024-03-06,1635356,96921716,58.717329,58.717329,57.835098,57.933124,-0.784205,1840
2024-03-07,2013446,116989216,57.835098,57.933124,56.364714,56.560766,-1.372358,2281
2024-03-08,2717275,152837109,56.070638,56.070638,54.110126,55.090382,-1.470384,2706
2024-03-11,1207276,68592763,54.698279,56.168663,54.600254,56.070638,0.980256,1267
2024-03-12,818277,46515104,56.266689,56.266689,55.482484,55.678535,-0.392103,1132
2024-03-13,1287601,71889293,55.678535,55.776561,54.208151,54.208151,-1.470384,1520
2024-03-14,1088704,59851713,54.208151,54.502228,53.521972,53.718023,-0.490128,1293
2024-03-15,1848210,99353149,53.521972,53.521972,51.953563,51.953563,-1.76446,1860
2024-03-18,1559094,83169072,52.149614,53.031844,51.757512,52.737768,0.784205,1315
2024-03-19,641516,34613855,52.737768,53.227895,52.639742,52.835793,0.098025,764
2024-03-20,762489,40689987,52.835793,53.12987,51.953563,51.953563,-0.88223,1005
2024-03-21,826786,44201306,52.051588,52.737768,52.051588,52.737768,0.784205,795
2024-03-22,901348,48930300,52.835793,53.718023,52.639742,53.619998,0.88223,881
2024-03-25,1049009,56811337,53.914075,54.208151,52.737768,53.12987,-0.490128,1320
2024-03-26,967467,52837647,53.12987,54.0121,53.12987,53.423947,0.294077,985
2024-03-27,547848,30168209,53.718023,54.208151,53.521972,53.914075,0.490128,1876
2024-03-28,597238,32501738,54.0121,54.110126,52.933819,52.933819,-0.980256,1002
2024-03-29,406188,21948903,53.325921,53.325921,52.639742,52.835793,-0.098026,522
2024-04-01,1370476,75665781,53.227895,54.600254,53.227895,54.600254,1.764461,1071
2024-04-02,7350417,435236520,55.384458,59.79561,55.384458,58.521277,3.921023,5680
2024-04-03,2037364,119715623,58.129175,58.129175,56.854842,57.835098,-0.686179,2373
2024-04-08,1391302,80989099,57.835098,58.325226,56.560766,56.756817,-1.078281,1239
2024-04-09,1137578,65549974,56.756817,57.639047,55.972612,56.168663,-0.588154,1133
2024-04-10,2159480,126831483,56.560766,58.325226,56.560766,57.246945,1.078282,1756
2024-04-11,890851,51549382,57.246945,57.34497,56.364714,56.658791,-0.588154,877
2024-04-12,1184239,69528609,57.34497,57.933124,57.050893,57.835098,1.176307,1053
2024-04-15,872820,51075228,57.34497,57.933124,56.854842,56.854842,-0.980256,1077
2024-04-16,1444136,81571259,56.46274,56.658791,54.306177,54.992356,-1.862486,1276
2024-04-17,574778,32453400,55.090382,55.776561,55.090382,55.188407,0.196051,607
2024-04-18,1816922,104984729,55.972612,57.541021,55.482484,57.34497,2.156563,1433
2024-04-19,2937003,169961974,56.756817,58.423252,55.090382,55.874586,-1.470384,2810
2024-04-22,1280325,72213260,55.776561,56.266689,54.600254,54.796305,-1.078281,1478
2024-04-23,1473327,84598817,55.090382,56.756817,55.090382,56.46274,1.666435,1109
2024-04-24,1866084,109001281,57.050893,57.737073,56.854842,57.148919,0.686179,1831
2024-04-25,1555111,91093407,57.148919,57.933124,56.364714,57.639047,0.490128,1323
2024-04-26,1590266,93115963,57.835098,57.933124,56.952868,57.148919,-0.490128,1469
2024-04-29,1085564,63963368,58.129175,58.129175,57.34497,58.031149,0.88223,929
2024-04-30,1933931,114890672,57.541021,59.305482,57.246945,58.815354,0.784205,1453
2024-05-02,3752099,223631544,59.011405,59.599559,57.639047,58.031149,-0.784205,2398
2024-05-03,2146929,128786738,58.619303,59.599559,57.737073,57.737073,-0.294076,1871
2024-05-06,1567123,93515838,58.521277,59.305482,57.541021,58.129175,0.392102,1251
2024-05-07,1291665,75462733,58.717329,58.717329,56.854842,57.050893,-1.078282,1260
2024-05-08,1380808,81829621,57.442996,58.521277,57.050893,58.325226,1.274333,1259
2024-05-09,951209,55739311,58.521277,58.521277,56.854842,56.854842,-1.470384,1460
2024-05-10,642983,37237639,57.050893,57.34497,56.364714,56.854842,0.0,622
2024-05-13,445012,25666641,56.756817,56.854842,55.972612,56.756817,-0.098025,462
2024-05-14,508587,29591976,56.756817,57.34497,56.756817,57.148919,0.392102,524
2024-05-15,558275,32663967,57.148919,57.639047,56.952868,57.442996,0.294077,546
2024-05-16,946187,55955748,57.835098,58.325226,57.442996,58.227201,0.784205,822
2024-05-17,781643,46525359,58.423252,58.619303,57.933124,58.325226,0.098025,923
2024-05-20,1210237,72505557,58.619303,59.109431,57.835098,59.011405,0.686179,1195
2024-05-21,1297160,78152785,59.011405,59.403508,58.423252,59.109431,0.098026,1632
2024-05-22,2530056,155386253,59.599559,61.167968,59.501533,59.79561,0.686179,2306
2024-05-23,2067960,127294423,60.481789,60.775866,59.893636,59.991661,0.196051,2605
2024-05-24,1359839,82538241,59.79561,59.79561,59.011405,59.599559,-0.392102,1146
2024-05-27,1083962,66606814,59.893636,60.481789,59.79561,60.481789,0.88223,1063
2024-05-28,2045861,127509226,60.67784,61.462045,60.383764,61.167968,0.686179,1848
2024-05-29,1132659,70448722,61.658096,61.658096,60.579815,60.579815,-0.588153,1391
2024-05-30,1060473,65382358,60.579815,61.167968,59.991661,60.089687,-0.490128,1628
2024-05-31,1093749,67120122,60.187712,61.462045,59.305482,59.599559,-0.490128,1477
2024-06-03,505231,30770883,59.991661,60.187712,59.403508,59.697584,0.098025,736
2024-06-04,583258,35265697,59.79561,60.089687,58.815354,58.91338,-0.784204,836
2024-06-05,715757,43030937,59.305482,59.305482,58.423252,58.91338,0.0,849
2024-06-06,1131531,66683712,59.305482,59.305482,57.34497,57.34497,-1.56841,1227
2024-06-07,453683,26962370,57.34497,58.619303,57.34497,58.619303,1.274333,453
2024-06-11,525423,31247008,58.619303,58.815354,57.737073,58.129175,-0.490128,902
2024-06-12,504286,29995966,58.619303,58.815354,58.031149,58.423252,0.294077,517
2024-06-13,880185,53072284,58.815354,59.599559,58.521277,59.501533,1.078281,775
2024-06-14,609686,36851156,59.501533,59.697584,58.815354,59.207456,-0.294077,1061
2024-06-17,520515,31360493,58.717329,59.599559,58.717329,58.815354,-0.392102,692
2024-06-18,628970,37766176,59.207456,59.501533,58.521277,58.619303,-0.196051,716
2024-06-19,1877445,114458597,59.501533,60.775866,58.325226,58.423252,-0.196051,1571
2024-06-20,908970,55194023,58.423252,59.991661,58.423252,59.599559,1.176307,740
2024-06-21,1109625,67166817,59.599559,59.893636,58.815354,59.305482,-0.294077,1203
2024-06-24,602990,36452489,59.305482,59.697584,58.815354,59.305482,0.0,961
2024-06-25,801429,48268381,59.501533,59.79561,58.227201,59.79561,0.490128,984
2024-06-26,1090816,66583611,59.991661,60.481789,59.011405,59.011405,-0.784205,1274
2024-06-27,560655,33642564,59.109431,59.305482,58.619303,58.619303,-0.392102,764
2024-06-28,479420,28785928,58.815354,59.305482,58.619303,58.815354,0.196051,442
2024-07-01,611564,36477352,58.815354,59.011405,58.129175,58.423252,-0.392102,652
2024-07-02,763234,45021547,58.423252,58.423252,57.639047,57.639047,-0.784205,757
2024-07-03,653047,39078010,58.129175,59.011405,58.129175,58.619303,0.980256,530
2024-07-04,790930,47714551,59.011405,59.403508,58.815354,59.207456,0.588153,778
2024-07-05,7022797,442904993,59.403508,62.932429,59.109431,62.540327,3.332871,4628
2024-07-08,4908103,314939867,63.12848,63.716634,62.442301,62.638352,0.098025,4812
2024-07-09,2327238,146538118,62.540327,62.638352,61.069943,61.658096,-0.980256,1935
2024-07-10,1195078,74585596,61.756122,62.050199,60.579815,60.579815,-1.078281,2417
2024-07-11,1195439,74819893,60.67784,62.344275,60.383764,61.756122,1.176307,1014
2024-07-12,1627077,102969772,61.364019,63.030454,60.775866,62.24625,0.490128,1813
2024-07-15,726075,45778274,62.24625,62.24625,61.364019,61.854147,-0.392103,835
2024-07-16,972991,61446380,62.148224,62.24625,61.364019,61.560071,-0.294076,813
2024-07-17,877937,54758008,61.560071,61.756122,60.67784,60.873891,-0.68618,942
2024-07-18,901823,55589518,60.579815,61.167968,59.893636,61.167968,0.294077,757
2024-07-19,1523934,92549896,60.873891,60.873891,58.815354,58.815354,-2.352614,1460
2024-07-22,1644622,94199303,58.815354,58.815354,54.89433,55.776561,-3.038793,1776
2024-07-23,603645,34642553,56.364714,56.658791,55.972612,56.46274,0.686179,640
2024-07-26,714983,40080767,55.286433,55.384458,54.600254,54.796305,-1.666435,823
2024-07-29,730126,40715367,55.188407,55.58051,54.110126,54.502228,-0.294077,670
2024-07-30,1582887,85411615,53.031844,56.854842,51.855537,53.227895,-1.274333,1759
2024-07-31,913719,48833685,52.443691,53.325921,52.051588,52.149614,-1.078281,1326
2024-08-01,768589,41214350,52.541716,53.325921,52.051588,52.443691,0.294077,852
2024-08-02,2174542,111878412,51.757512,51.757512,49.404897,49.698974,-2.744717,2260
2024-08-05,2800782,128904767,48.081552,48.081552,44.748682,44.748682,-4.950292,2195
2024-08-06,2111660,94014239,44.35658,45.091771,42.052978,43.768426,-0.980256,1737
2024-08-07,1083447,50893108,43.768426,46.905245,43.768426,46.46413,2.695704,1067
2024-08-08,513534,23954219,46.268079,46.562155,45.091771,45.974002,-0.490128,585
2024-08-09,551984,26287937,46.219066,47.052283,46.219066,46.268079,0.294077,548
2024-08-12,531351,25936978,46.611168,48.22859,46.611168,47.836488,1.568409,581
2024-08-13,453272,22221975,48.522667,48.522667,47.68945,48.032539,0.196051,467
2024-08-14,416718,20535049,48.378809,49.219749,48.378809,49.021881,0.989342,412
2024-08-15,396603,19605424,49.120815,49.36815,48.428276,48.87348,-0.148401,369
2024-08-16,339444,16702013,49.269216,49.763887,48.824013,48.87348,0.0,386
2024-08-19,249300,12370471,49.071348,49.318683,48.675611,49.120815,0.247335,269
2024-08-20,286585,14392833,49.467085,49.961755,49.467085,49.664953,0.544138,285
2024-08-21,293317,14643152,49.961755,49.961755,48.87348,49.467085,-0.197868,279
2024-08-22,290536,14601913,49.566019,50.06069,49.566019,49.566019,0.098934,252
2024-08-23,339654,16782267,49.36815,49.36815,48.52721,49.170282,-0.395737,444
2024-08-26,405682,20514717,49.566019,50.456426,49.566019,49.763887,0.593605,382
2024-08-27,191690,9561820,49.566019,49.763887,49.071348,49.170282,-0.593605,535
2024-08-28,202278,10048671,49.467085,49.862821,48.922947,49.269216,0.098934,243
2024-08-29,246070,12202217,49.021881,49.318683,48.675611,49.071348,-0.197868,245
2024-08-30,343597,17177379,49.417618,50.06069,49.071348,49.36815,0.296802,324
2024-09-02,243323,12097869,49.467085,49.763887,48.972414,48.972414,-0.395736,270
2024-09-03,470562,23057959,49.36815,49.36815,47.884138,48.082006,-0.890408,564
2024-09-04,850135,38850257,46.301191,46.301191,44.371975,45.163448,-2.918558,980
2024-09-05,787321,35800499,45.410784,46.004389,44.223574,44.61931,-0.544138,769
2024-09-06,436103,20021704,44.569843,46.15279,44.273041,45.905455,1.286145,408
2024-09-09,574841,25945924,44.61931,45.460251,44.174107,45.410784,-0.494671,601
2024-09-10,447862,20519808,45.460251,46.004389,44.718245,45.212915,-0.197869,426
2024-09-11,276067,12731977,45.410784,45.905455,45.212915,45.212915,0.0,283
2024-09-12,306683,14136996,46.350658,46.350658,45.212915,45.658119,0.445204,286
2024-09-13,215148,9964561,45.658119,46.251724,45.509718,46.053856,0.395737,199
2024-09-16,263663,12401892,46.053856,46.795862,45.954922,46.795862,0.742006,296
2024-09-18,419425,19546206,46.795862,46.894796,45.608652,45.757053,-1.038809,494
2024-09-19,311310,14460989,46.004389,46.449592,45.509718,46.400125,0.643072,335
2024-09-20,934548,44036386,46.696928,47.290533,46.004389,46.004389,-0.395736,603
2024-09-23,240002,11257293,46.103323,46.845329,46.103323,46.15279,0.148401,275
2024-09-24,294583,13673470,46.251724,46.449592,45.559185,45.905455,-0.247335,339
2024-09-25,505097,23840506,46.202257,47.241066,46.103323,47.241066,1.335611,530
2024-09-26,2773559,144407135,48.972414,51.940439,48.972414,51.940439,4.699373,1785
2024-09-27,8086230,429506665,51.940439,54.80953,51.2479,54.80953,2.869091,5190
2024-09-30,3626234,198785495,54.215925,55.897806,53.028715,53.325517,-1.484013,2580
2024-10-01,1003328,53449149,53.127649,53.226583,51.940439,53.226583,-0.098934,1035
2024-10-04,1298043,69932331,53.424451,54.611661,52.336176,52.632978,-0.593605,1640
2024-10-07,1262805,66932181,53.424451,53.523386,51.544702,52.929781,0.296803,1191
2024-10-08,1217447,63540226,52.534044,52.534044,50.654295,52.039373,-0.890408,873
2024-10-09,843785,44738143,52.237241,53.226583,51.742571,52.039373,0.0,691
2024-10-11,568101,29727234,51.742571,52.237241,51.148966,52.039373,0.0,598
2024-10-14,2265486,124061462,52.039373,55.106332,52.039373,55.106332,3.066959,1854
2024-10-15,1256749,69408398,55.106332,55.106332,54.116991,54.512727,-0.593605,1853
2024-10-16,1993050,109162159,54.116991,54.80953,53.523386,54.018056,-0.494671,1611
2024-10-17,1637225,91326957,54.116991,56.590345,54.116991,54.413793,0.395737,1652
2024-10-18,637212,34680965,54.611661,54.710596,53.226583,53.226583,-1.18721,836
2024-10-21,1148355,63824376,53.919122,55.798871,53.523386,55.502069,2.275486,1120
2024-10-22,3742208,217377888,55.601003,58.470094,54.80953,58.470094,2.968025,2987
2024-10-23,4378383,252528677,56.293542,58.766897,55.502069,56.689279,-1.780815,5486
2024-10-24,4004276,236437724,56.689279,59.55837,56.689279,57.579687,0.890408,3978
2024-10-25,958751,55552621,57.975423,58.569028,56.887147,57.282884,-0.296803,1941
2024-10-28,892032,50906643,57.282884,57.282884,55.99674,56.590345,-0.692539,938
2024-10-29,671123,37946573,57.18395,57.18395,55.403135,56.194608,-0.395737,829
2024-10-30,1658367,92962576,55.403135,57.085016,54.512727,55.106332,-1.088276,1313
2024-11-01,1576969,84844205,54.413793,54.413793,52.336176,53.424451,-1.681881,1409
2024-11-04,1787860,98335662,54.215925,55.403135,53.721254,54.413793,0.989342,1374
2024-11-05,908727,50453293,54.413793,55.403135,53.919122,55.403135,0.989342,786
2024-11-06,934900,52225349,55.304201,55.897806,54.018056,55.601003,0.197868,725
2024-11-07,1860092,104547556,55.798871,56.887147,54.710596,54.908464,-0.692539,1706
2024-11-08,984254,53703476,55.007398,55.304201,52.830846,53.424451,-1.484013,1026
2024-11-11,596461,32337700,53.424451,54.018056,52.929781,54.018056,0.593605,495
2024-11-12,1066130,56657176,53.523386,53.523386,52.237241,52.43511,-1.582946,1052
2024-11-13,1139621,59635143,52.43511,52.534044,51.2479,51.544702,-0.890408,1070
2024-11-14,1488428,75756429,51.940439,51.940439,49.170282,49.318683,-2.226019,1379
2024-11-15,873678,44214415,49.36815,50.753229,49.36815,50.159624,0.840941,763
2024-11-18,1398347,74085928,50.357492,53.325517,50.357492,52.237241,2.077617,1285
2024-11-19,634005,33874115,52.632978,53.424451,52.039373,53.127649,0.890408,738
2024-11-20,1164180,61386746,53.127649,53.127649,51.742571,51.940439,-1.18721,1290
2024-11-21,741834,39575307,51.643636,53.424451,51.643636,52.929781,0.989342,694
2024-11-22,644689,34359678,53.028715,53.424451,52.138307,52.237241,-0.69254,937
2024-11-25,5745562,307793034,52.43511,54.018056,52.43511,52.929781,0.69254,1121
2024-11-26,624220,33415948,52.929781,53.919122,52.43511,52.534044,-0.395737,1138
2024-11-27,442315,23119558,52.534044,52.534044,51.148966,51.2479,-1.286144,599
2024-11-28,499189,25598190,51.148966,51.841505,50.357492,50.456426,-0.791474,525
2024-11-29,588053,29797078,50.456426,50.456426,49.862821,50.06069,-0.395736,557
2024-12-02,287563,14629140,50.357492,51.148966,50.06069,50.159624,0.098934,312
2024-12-03,367810,18779041,50.258558,51.148966,50.258558,50.654295,0.494671,417
2024-12-04,633886,32385331,50.456426,51.050031,50.159624,50.258558,-0.395737,778
2024-12-05,996440,51080128,50.258558,51.643636,49.961755,50.753229,0.494671,917
2024-12-06,533990,27236107,50.654295,51.2479,50.06069,50.06069,-0.692539,697
2024-12-09,676761,33727832,49.862821,50.159624,48.576677,48.576677,-1.484013,796
2024-12-10,922577,46665477,49.071348,50.852163,48.87348,49.566019,0.989342,930
2024-12-11,455395,22662855,49.467085,49.664953,48.87348,48.972414,-0.593605,655
2024-12-12,639863,31412237,49.170282,49.961755,48.032539,48.082006,-0.890408,780
2024-12-13,441831,21124453,47.983072,47.983072,46.894796,47.191599,-0.890407,540
2024-12-16,466719,22042282,47.488401,47.587335,46.004389,46.004389,-1.18721,571
2024-12-17,805666,38973272,46.004389,48.675611,46.004389,48.52721,2.522821,813
2024-12-18,422820,20567019,48.477743,48.52721,47.735737,48.18094,-0.34627,443
2024-12-19,408321,19632362,47.488401,48.18094,47.34,47.488401,-0.692539,460
2024-12-20,532458,25230044,47.241066,48.082006,46.251724,46.251724,-1.236677,563
2024-12-23,459530,21600491,46.49906,47.290533,46.15279,46.251724,0.0,488
2024-12-24,1141977,55687841,46.894796,48.972414,46.894796,48.230408,1.978684,1015
2024-12-25,572892,27827109,48.576677,49.071348,47.587335,48.032539,-0.197869,577
2024-12-26,398876,19531395,48.032539,49.071348,47.983072,48.230408,0.197869,362
2024-12-27,289426,14023560,47.983072,48.378809,47.68627,47.735737,-0.494671,312
2024-12-30,350257,16707004,47.983072,48.378809,46.746395,47.043197,-0.69254,413
2024-12-31,348639,16375056,46.597994,46.795862,46.251724,46.449592,-0.593605,423
2025-01-02,726895,34920537,46.696928,48.18094,46.696928,47.488401,1.038809,657
2025-01-03,379823,18102114,47.488401,48.082006,46.647461,46.647461,-0.84094,445
2025-01-06,2460687,124258345,48.082006,51.2479,47.241066,50.555361,3.9079,3641
2025-01-07,6459204,345105724,51.050031,54.80953,50.852163,53.226583,2.671222,4892
2025-01-08,2348925,126554435,53.028715,54.611661,52.237241,53.028715,-0.197868,2103
2025-01-09,14279042,808900057,55.205266,58.272226,53.127649,53.226583,0.197868,10111
2025-01-10,4746414,249166618,53.226583,53.325517,50.06069,52.830846,-0.395737,4718
2025-01-13,4567173,221832126,51.544702,51.544702,47.587335,47.587335,-5.243511,3460
2025-01-14,2150647,101887582,47.290533,47.983072,46.103323,46.548527,-1.038808,1752
2025-01-15,503001,23714343,46.548527,47.043197,46.449592,46.597994,0.049467,551
2025-01-16,617805,29440908,47.389467,47.537868,46.746395,47.092665,0.494671,706
2025-01-17,466426,22028380,47.290533,47.290533,46.449592,46.597994,-0.494671,467
2025-01-20,753101,36133215,46.795862,48.279875,46.449592,47.884138,1.286144,721
2025-01-21,541019,26008035,47.884138,48.329342,47.092665,47.34,-0.544138,827
2025-01-22,513967,24683663,47.389467,48.082006,47.043197,47.785204,0.445204,523
2025-02-03,1615527,73561637,47.043197,47.043197,44.223574,44.520376,-3.264828,1643
2025-02-04,681507,30874416,44.371975,45.460251,44.025705,45.163448,0.643072,683
2025-02-05,336767,15524007,45.559185,46.103323,45.262382,46.053856,0.890408,396
2025-02-06,519858,24362364,46.350658,46.845329,45.608652,46.548527,0.494671,591
2025-02-07,315204,14946378,46.49906,47.191599,46.350658,46.99373,0.445203,562
2025-02-10,924355,44535295,47.191599,48.378809,46.99373,47.785204,0.791474,939
2025-02-11,1009019,49474474,47.785204,48.824013,47.785204,48.824013,1.038809,1075
2025-02-12,1579059,78796253,49.467085,50.456426,48.52721,49.021881,0.197868,1540
2025-02-13,995966,50112403,49.219749,50.357492,48.824013,50.258558,1.236677,1013
2025-02-14,941179,48161179,49.961755,51.2479,49.566019,50.951097,0.692539,986
2025-02-17,762458,39317520,51.544702,51.544702,50.456426,50.456426,-0.494671,998
2025-02-18,537220,27453209,51.346834,51.346834,50.06069,50.753229,0.296803,794
2025-02-19,812867,42423416,51.148966,52.039373,50.852163,51.544702,0.791473,967
2025-02-20,812866,42294795,51.346834,51.940439,50.951097,51.445768,-0.098934,1205
2025-02-21,677227,35642218,51.544702,52.43511,51.346834,52.237241,0.791473,1010
2025-02-24,520445,27556883,52.039373,52.632978,51.841505,52.632978,0.395737,988
2025-02-25,497429,26232485,52.336176,52.632978,51.643636,52.237241,-0.395737,652
2025-02-26,505993,26651712,52.43511,52.632978,51.742571,51.940439,-0.296802,578
2025-02-27,663659,34321460,51.940439,52.336176,50.456426,50.753229,-1.18721,732
2025-03-03,560164,28221199,50.654295,50.654295,49.417618,49.763887,-0.989342,776
2025-03-04,393546,19679942,49.170282,50.159624,48.675611,50.159624,0.395737,829
2025-03-05,483817,24465786,49.862821,50.555361,49.664953,49.862821,-0.296803,619
2025-03-06,376267,18882814,50.159624,50.753229,49.36815,49.36815,-0.494671,1116
2025-03-07,457113,22609399,49.467085,49.566019,48.576677,48.576677,-0.791473,873
2025-03-10,575796,29102041,49.763887,50.852163,49.36815,49.467085,0.890408,845
2025-03-11,649498,31923361,48.774545,50.456426,47.290533,49.862821,0.395736,973
2025-03-12,479643,24251602,49.566019,50.555361,49.170282,50.555361,0.69254,583
2025-03-13,806016,41101881,50.753229,51.2479,49.36815,49.467085,-1.088276,834
2025-03-14,411460,20685367,49.467085,50.159624,49.417618,50.159624,0.692539,432
2025-03-17,275404,13987797,49.961755,50.555361,49.961755,50.258558,0.098934,510
2025-03-18,498749,25762294,50.654295,51.445768,50.555361,51.346834,1.088276,739
2025-03-19,385993,20025942,51.445768,51.940439,50.654295,50.951097,-0.395737,814
2025-03-20,513884,26825988,51.445768,51.940439,51.148966,51.841505,0.890408,612
2025-03-21,596006,30994077,51.940439,52.237241,50.951097,51.148966,-0.692539,812
2025-03-24,395496,20150960,51.742571,51.742571,49.862821,49.961755,-1.187211,962
2025-03-25,302995,15192816,50.753229,50.753229,49.318683,49.417618,-0.544137,1075
2025-03-26,216608,10802323,49.170282,49.566019,49.170282,49.269216,-0.148402,1096
2025-03-27,433874,21300373,49.170282,49.170282,48.032539,48.428276,-0.84094,694
2025-03-28,749956,35566496,48.279875,48.279875,46.251724,46.49906,-1.929216,797
2025-03-31,1108667,49651234,45.509718,45.509718,43.629969,43.629969,-2.869091,1098
2025-04-01,527991,23725279,43.629969,45.460251,43.629969,44.371975,0.742006,562
2025-04-02,289485,13008166,44.273041,44.866646,43.728903,44.718245,0.34627,312
2025-04-07,177376,7219109,40.266207,40.266207,40.266207,40.266207,-4.452038,359
2025-04-08,794720,29135690,36.259373,36.605643,36.259373,36.259373,-4.006834,774
2025-04-09,1211977,40351026,33.044013,34.132288,32.648276,32.648276,-3.611097,1104
2025-04-10,760305,27528322,35.913103,35.913103,35.022696,35.913103,3.264827,529
2025-04-11,1796546,60886803,33.835486,35.715235,32.351473,35.220564,-0.692539,1465
2025-04-14,1010398,37768989,35.764702,37.84232,35.715235,37.248715,2.028151,997
2025-04-15,645284,25250024,37.594984,39.326332,37.594984,39.078997,1.830282,780
2025-04-16,526154,20446201,39.078997,39.078997,38.139122,38.139122,-0.939875,937
2025-04-17,369192,14251007,38.089655,38.584326,37.594984,38.336991,0.197869,379
2025-04-18,184252,7164005,38.435925,38.68326,38.188589,38.534859,0.197868,221
2025-04-21,287958,10912199,38.534859,38.534859,36.803511,36.803511,-1.731348,492
2025-04-22,327783,12202119,36.506708,37.49605,36.110972,36.358307,-0.445204,400
2025-04-23,251021,9546110,36.902445,38.040188,36.902445,37.594984,1.236677,304
2025-04-24,227845,8700193,37.644451,38.238056,37.594984,37.594984,0.0,217
2025-04-25,349891,13579341,38.089655,38.584326,37.941254,38.386458,0.791474,314
2025-04-28,472771,18542253,38.386458,39.078997,38.386458,38.782194,0.395736,599
2025-04-29,848608,34940406,39.375799,41.354483,39.375799,41.255549,2.473355,867
2025-04-30,608571,25096325,41.552351,41.651285,40.167273,40.266207,-0.989342,976
2025-05-02,301886,12487372,40.414608,41.305016,40.414608,40.958746,0.692539,318
2025-05-05,468215,18945858,40.958746,41.305016,39.177931,40.018871,-0.939875,602
2025-05-06,530821,22199981,40.018871,41.799687,40.018871,41.453417,1.434546,525
2025-05-07,324133,13560353,41.552351,41.651285,41.05768,41.601818,0.148401,368
2025-05-08,729354,31132529,41.601818,42.789028,41.552351,42.541693,0.939875,612
2025-05-09,362807,15555419,42.541693,42.986897,42.047022,42.739561,0.197868,339
2025-05-12,455611,19907404,43.333166,43.4321,42.838495,43.283699,0.544138,408
2025-05-13,617167,27536067,43.629969,44.470909,43.629969,44.124639,0.84094,590
2025-05-14,461027,20612179,44.322508,44.61931,43.926771,44.421442,0.296803,651
2025-05-15,475318,21371456,44.767712,44.817179,44.273041,44.421442,0.0,430
2025-05-16,459317,20362435,44.421442,44.421442,43.580502,43.728903,-0.692539,853
2025-05-19,407584,18118486,43.877304,44.470909,43.629969,43.629969,-0.098934,359
2025-05-20,546303,24482236,43.976238,44.767712,43.877304,44.421442,0.791473,493
2025-05-21,715772,32913385,45.31185,46.004389,44.520376,45.707586,1.286144,836
2025-05-22,387066,17955526,45.707586,46.301191,45.262382,46.202257,0.494671,429
2025-05-23,508090,23609490,46.202257,46.99373,45.707586,45.80652,-0.395737,431
2025-05-26,291318,13599370,45.80652,46.49906,45.80652,45.905455,0.098935,309
2025-05-27,306680,14070847,45.608652,45.954922,45.015047,45.113981,-0.791474,332
2025-05-28,362093,16655944,45.608652,45.707586,45.262382,45.509718,0.395737,288
2025-05-29,413817,19066743,45.509718,45.80652,45.113981,45.707586,0.197868,384
2025-06-02,549962,24036310,45.212915,45.212915,42.442759,42.838495,-2.869091,588
2025-06-03,305681,13300035,43.4321,43.629969,42.442759,43.382633,0.544138,358
2025-06-04,312817,13939551,43.382633,44.520376,43.283699,44.470909,1.088276,322
2025-06-05,279120,12769984,44.322508,45.707586,44.273041,45.262382,0.791473,299
2025-06-06,316599,14218816,45.262382,45.262382,44.124639,44.470909,-0.791473,397
2025-06-09,341431,15176201,45.509718,45.509718,43.4321,43.827837,-0.643072,396
2025-06-10,583846,26680803,45.015047,45.608652,44.718245,44.718245,0.890408,570
2025-06-11,529090,23890161,45.707586,45.707586,44.174107,44.718245,0.0,532
2025-06-12,388842,17610606,45.262382,45.262382,44.421442,44.767712,0.049467,373
2025-06-13,510157,22528670,44.61931,44.61931,43.135298,43.234232,-1.53348,595
2025-06-16,383288,16956507,43.283699,44.61931,42.492226,44.322508,1.088276,367
2025-06-17,410304,18221281,44.322508,44.96558,43.4321,43.580502,-0.742006,490
2025-06-18,407783,17995950,43.531034,44.075172,43.283699,43.481567,-0.098935,380
2025-06-19,430171,18601249,43.135298,43.234232,42.59116,42.640627,-0.84094,511
2025-06-20,1133037,48028148,42.59116,42.937429,41.750219,41.750219,-0.890408,567
2025-06-23,381061,15824215,41.552351,41.552351,40.365141,41.305016,-0.445203,472
2025-06-24,402515,17197441,41.354483,42.739561,41.354483,42.739561,1.434545,399
2025-06-25,343277,14753817,42.789028,43.036364,42.145956,42.59116,-0.148401,360
2025-06-26,327383,14208936,42.492226,43.382633,42.492226,42.838495,0.247335,315
2025-06-27,416589,18129935,42.739561,43.4321,42.739561,43.333166,0.494671,383
2025-06-30,356383,15286637,43.036364,43.135298,42.145956,42.145956,-1.18721,392
2025-07-01,285574,12201807,41.849154,42.887962,41.799687,41.997555,-0.148401,337
2025-07-02,345794,14771138,41.948088,42.739561,41.898621,42.294357,0.296802,319
2025-07-03,503005,21835288,42.541693,43.481567,42.541693,42.739561,0.445204,477
2025-07-04,584270,24627133,42.739561,43.036364,41.255549,41.255549,-1.484012,631
2025-07-07,189518,7804363,41.008213,41.156614,40.167273,40.859812,-0.395737,283
2025-07-08,382690,15535379,40.563009,40.563009,39.672602,39.87047,-0.989342,421
2025-07-09,287592,11692732,39.573668,40.464075,39.573668,40.365141,0.494671,314
2025-07-10,561284,22616349,39.87047,40.315674,39.573668,39.87047,-0.494671,503
2025-07-11,372079,15175659,39.87047,40.711411,39.722069,40.563009,0.692539,306
2025-07-14,255343,10297975,40.315674,40.414608,39.771536,39.87047,-0.692539,286
2025-07-15,252863,10264394,39.87047,40.414608,39.87047,40.167273,0.296803,272
2025-07-16,504450,21000899,40.21674,41.750219,40.21674,40.909279,0.742006,586
2025-07-17,573915,24352920,40.909279,42.343824,40.909279,42.047022,1.137743,656
2025-07-18,356673,15038313,42.541693,42.541693,41.502884,41.552351,-0.494671,587
2025-07-21,210075,8770429,41.552351,41.750219,41.05768,41.206082,-0.346269,221
2025-07-22,526354,21427981,41.206082,41.601818,39.573668,39.821003,-1.385079,546
2025-07-23,265920,10930486,39.821003,40.958746,39.821003,40.958746,1.137743,287
2025-07-24,309282,12698306,41.156614,41.40395,40.315674,40.563009,-0.395737,358
2025-07-25,392199,15939683,40.563009,40.661944,39.919937,39.969404,-0.593605,417
2025-07-28,339184,13712471,39.919937,40.365141,39.623135,40.068339,0.098935,313
2025-07-29,1448188,59800042,40.464075,41.750219,39.672602,41.008213,0.939874,1234
2025-07-30,550755,22790242,41.156614,41.255549,40.563009,41.008213,0.0,569
2025-07-31,1719681,68651824,40.859812,40.909279,38.881129,39.078997,-1.929216,1689
2025-08-01,563812,22189996,38.633793,39.722069,37.644451,39.227398,0.148401,629
2025-08-04,700403,27079702,38.980063,38.980063,37.891787,38.188589,-1.038809,776
2025-08-05,449157,17564545,38.386458,39.078997,38.238056,38.68326,0.494671,413
2025-08-06,603477,23260275,38.732727,38.732727,37.941254,37.990721,-0.692539,696
2025-08-07,575080,22141892,38.386458,38.584326,37.84232,37.84232,-0.148401,626
2025-08-08,570962,21872140,37.743386,38.386458,37.644451,37.644451,-0.197869,564
2025-08-11,488587,18346220,37.644451,37.644451,36.803511,37.149781,-0.49467,505
2025-08-12,485254,18589424,37.149781,38.139122,37.149781,37.990721,0.84094,413
2025-08-13,583811,22748331,38.386458,39.078997,37.990721,38.139122,0.148401,560
2025-08-14,400361,15614694,38.089655,38.881129,38.089655,38.584326,0.445204,433
2025-08-15,427790,16678905,38.633793,38.980063,38.089655,38.881129,0.296803,497
2025-08-18,626196,24605000,38.881129,39.326332,38.485392,38.633793,-0.247336,619
2025-08-19,482406,18849092,38.485392,38.980063,38.386458,38.584326,-0.049467,505
2025-08-20,484449,18668433,38.584326,38.584326,37.792853,37.990721,-0.593605,456
2025-08-21,613788,24213709,38.336991,39.474734,38.287524,38.881129,0.890408,631
2025-08-22,235277,9206835,39.177931,39.375799,38.386458,38.485392,-0.395737,507
2025-08-25,379437,14920834,38.584326,39.276865,38.584326,38.732727,0.247335,389
2025-08-26,694857,27557540,39.02953,39.375799,39.02953,39.128464,0.395737,517
2025-08-27,685829,27506076,39.425266,40.167273,39.276865,39.623135,0.494671,592
2025-08-28,459597,18339196,39.771536,39.821003,39.227398,39.276865,-0.34627,469
2025-08-29,704697,28256746,39.474734,40.315674,38.930596,39.919937,0.643072,529
2025-09-01,578733,22839157,39.573668,39.672602,38.485392,38.485392,-1.434545,623
2025-09-02,457190,17678036,38.633793,39.128464,37.792853,38.139122,-0.34627,487
2025-09-03,494551,19538266,37.891787,39.573668,37.891787,39.177931,1.038809,448
2025-09-04,1347765,54657749,39.524201,40.563009,39.524201,40.018871,0.84094,1216
2025-09-05,692137,27636934,40.266207,40.266207,39.128464,39.425266,-0.593605,884
2025-09-08,566853,22924053,39.474734,40.365141,39.474734,39.722069,0.296803,481
2025-09-09,719957,28974537,39.722069,40.909279,39.326332,39.375799,-0.34627,615
2025-09-10,941212,36748341,39.375799,39.425266,38.287524,38.386458,-0.989341,947
2025-09-11,900924,34391213,38.336991,38.386458,37.199248,37.298182,-1.088276,912
2025-09-12,513604,19616704,37.446583,38.435925,37.397116,37.644451,0.346269,495
2025-09-15,8295949,343841258,38.584326,41.40395,38.584326,41.40395,3.759499,8085
2025-09-16,8137006,341307983,41.750219,42.442759,40.612476,41.799687,0.395737,5265
2025-09-17,3745302,159454269,41.750219,42.986897,41.206082,41.948088,0.148401,2882
2025-09-18,3880296,167383643,42.541693,43.4321,42.195423,42.640627,0.692539,2973
2025-09-19,2162592,92854410,42.887962,42.986897,42.145956,42.492226,-0.148401,1674
2025-09-22,3064567,130406072,43.333166,43.333166,41.40395,41.997555,-0.494671,2265
2025-09-23,1189564,49692722,42.047022,42.047022,41.107147,41.107147,-0.890408,1062
2025-09-24,965891,40364267,41.255549,41.700752,41.008213,41.552351,0.445204,760
2025-09-25,890870,37847252,41.354483,42.442759,41.305016,41.700752,0.148401,761
2025-09-26,1119897,45926048,41.700752,41.700752,40.068339,40.266207,-1.434545,1087
2025-09-30,716819,29744938,40.612476,41.453417,40.464075,41.40395,1.137743,604
2025-10-01,898068,36768317,41.40395,41.453417,40.117806,40.117806,-1.286144,1439
2025-10-02,587604,23719690,40.266207,40.365141,39.722069,39.969404,-0.148402,524
2025-10-03,322695,13087333,39.771536,40.365141,39.771536,40.21674,0.247336,365
2025-10-07,1057580,44113119,40.315674,41.651285,40.266207,41.502884,1.286144,900
2025-10-08,579094,23865596,41.552351,41.552351,40.365141,40.958746,-0.544138,1091
2025-10-09,608596,25270394,41.05768,41.453417,40.563009,40.810345,-0.148401,685
2025-10-13,1094779,42949718,39.573668,39.573668,38.089655,39.375799,-1.434546,1080
2025-10-14,766837,30666429,40.068339,40.661944,38.68326,38.782194,-0.593605,745
2025-10-15,573737,22322835,38.782194,38.831661,38.336991,38.485392,-0.296802,687
2025-10-16,977545,39305825,38.584326,40.760878,38.584326,40.365141,1.879749,860
2025-10-17,1374784,56659459,40.167273,41.601818,40.068339,40.266207,-0.098934,1218
2025-10-20,868679,35210349,40.612476,40.612476,39.672602,40.266207,0.0,745
2025-10-21,558898,23036247,40.563009,41.206082,40.464075,40.464075,0.197868,709
2025-10-22,498180,20505931,40.563009,40.958746,40.266207,40.810345,0.34627,405
2025-10-23,444969,18085302,41.107147,41.107147,39.969404,40.365141,-0.445204,880
2025-10-27,730014,30190070,40.810345,41.206082,40.661944,41.05768,0.692539,644
2025-10-28,1848986,77868307,41.206082,42.294357,40.612476,41.651285,0.593605,1740
2025-10-29,1464679,61995727,41.799687,42.24489,41.40395,41.552351,-0.098934,1594
2025-10-30,1237632,50963033,41.502884,41.502884,40.167273,40.760878,-0.791473,1225
2025-10-31,743936,30386389,40.760878,41.354483,39.87047,40.068339,-0.692539,814
2025-11-03,1436264,56796369,40.018871,40.018871,38.633793,38.732727,-1.335612,1374
2025-11-04,1735178,66558902,38.782194,38.782194,37.49605,37.49605,-1.236677,1652
2025-11-05,818740,30511465,37.100313,37.149781,36.457241,37.149781,-0.346269,870
2025-11-06,723233,27118045,37.347649,37.594984,36.704577,37.594984,0.445203,584
2025-11-07,519167,19503331,37.545517,37.594984,36.902445,37.100313,-0.494671,463
2025-11-10,576225,21751107,37.100313,37.792853,36.605643,37.446583,0.34627,520
2025-11-11,616366,23703752,38.238056,38.485392,37.792853,37.84232,0.395737,600
2025-11-12,670477,26015754,37.84232,38.584326,37.743386,38.534859,0.692539,728
2025-11-13,631558,24738025,38.584326,39.078997,38.435925,38.831661,0.296802,810
2025-11-14,566570,21737266,38.336991,38.584326,37.693918,37.693918,-1.137743,742
2025-11-17,433086,16342276,37.84232,37.84232,37.100313,37.100313,-0.593605,449
2025-11-18,653659,24117348,37.100313,37.100313,36.209906,36.30884,-0.791473,667
2025-11-19,707260,25609826,36.30884,36.506708,35.418433,35.814169,-0.494671,685
2025-11-20,412442,15283795,36.30884,36.951912,36.30884,36.852978,1.038809,335
2025-11-21,463159,16883222,36.457241,36.605643,35.616301,36.012038,-0.84094,465
2025-11-24,540180,19701328,36.061505,36.605643,35.616301,36.061505,0.049467,523
2025-11-25,382141,13955993,36.259373,36.457241,35.814169,36.209906,0.148401,353
2025-11-26,456758,17080123,36.209906,37.199248,36.209906,37.050846,0.84094,346
2025-11-27,189255,7045706,37.050846,37.298182,36.704577,36.902445,-0.148401,283
2025-11-28,213770,8079447,36.902445,37.594984,36.902445,37.545517,0.643072,223
2025-12-01,176415,6668933,37.248715,37.644451,37.149781,37.594984,0.049467,299
2025-12-02,234559,8872529,38.040188,38.040188,37.199248,37.199248,-0.395736,286
2025-12-03,239228,9089568,37.545517,37.743386,37.446583,37.545517,0.346269,246
2025-12-04,291791,11133263,37.792853,37.941254,37.545517,37.644451,0.098934,389
2025-12-05,307060,11652553,37.693918,37.941254,37.347649,37.594984,-0.049467,288
2025-12-08,318520,12199499,37.594984,38.040188,37.594984,37.990721,0.395737,308
2025-12-09,187096,7135670,37.990721,38.040188,37.594984,37.792853,-0.197868,301
2025-12-10,209050,7928524,37.84232,37.84232,37.347649,37.347649,-0.445204,247
2025-12-11,262961,10021975,37.594984,38.089655,37.347649,37.792853,0.445204,269
2025-12-12,425846,16350853,38.040188,38.287524,37.644451,37.743386,-0.049467,372
2025-12-15,365113,13972674,37.693918,38.287524,37.199248,37.990721,0.247335,435
2025-12-16,329194,12512485,37.49605,38.139122,37.298182,37.49605,-0.494671,332
2025-12-17,458367,17610072,37.594984,38.386458,37.594984,37.693918,0.197868,397
2025-12-18,458403,17205706,37.594984,37.594984,36.852978,36.902445,-0.791473,670
2025-12-19,266892,9965503,36.902445,37.149781,36.754044,36.951912,0.049467,278
2025-12-22,268087,10145083,37.199248,37.545517,37.149781,37.446583,0.494671,257
2025-12-23,214755,8153361,37.49605,37.792853,37.397116,37.49605,0.049467,256
2025-12-24,297078,11296887,37.693918,38.040188,37.347649,37.347649,-0.148401,359
2025-12-26,478608,17858096,37.298182,37.49605,36.65511,36.754044,-0.593605,616
2025-12-29,387570,14335862,36.754044,36.902445,36.30884,36.506708,-0.247336,393
2025-12-30,359396,13152907,36.506708,36.506708,35.962571,36.407774,-0.098934,346
2025-12-31,266921,9865624,36.506708,36.803511,36.30884,36.754044,0.34627,243
2026-01-02,592020,22244365,36.704577,37.594984,36.704577,37.100313,0.346269,438
2026-01-05,574120,21227309,37.248715,37.298182,36.259373,36.407774,-0.692539,848
2026-01-06,448099,16680531,36.407774,37.100313,36.209906,36.902445,0.494671,408
2026-01-07,1013675,39039967,37.001379,38.386458,37.001379,38.238056,1.335611,928
2026-01-08,1732811,67957720,38.584326,39.276865,38.139122,38.782194,0.544138,1595
2026-01-09,900787,34514756,38.782194,38.782194,37.49605,37.990721,-0.791473,854
2026-01-12,435765,16781818,38.238056,38.287524,37.792853,38.238056,0.247335,440
2026-01-13,434007,16541626,38.68326,38.68326,37.397116,37.693918,-0.544138,482
2026-01-14,627562,24318065,37.743386,38.831661,37.693918,38.485392,0.791474,514
2026-01-15,529492,20323499,38.68326,38.68326,37.792853,37.990721,-0.494671,681
2026-01-16,492525,18931844,38.040188,38.386458,37.743386,38.139122,0.148401,438
2026-01-19,1591867,63186124,38.188589,39.771536,38.139122,39.672602,1.53348,1352
2026-01-20,768839,30672049,39.573668,40.018871,38.732727,39.375799,-0.296803,1219
2026-01-21,1620459,64990883,39.227398,40.266207,38.930596,39.771536,0.395737,1249
2026-01-22,8349436,362189629,39.919937,43.728903,39.919937,43.728903,3.957367,5221
2026-01-23,7810740,348194269,44.520376,45.509718,42.789028,43.531034,-0.197869,6829
2026-01-26,10004484,473495589,43.679436,47.884138,43.580502,47.884138,4.353104,7178
2026-01-27,6545023,313735511,47.884138,48.230408,46.15279,47.587335,-0.296803,5103
2026-01-28,7066742,370298513,50.456426,52.336176,49.961755,52.336176,4.748841,3543
2026-01-29,12244016,613741498,51.544702,51.742571,47.983072,48.428276,-3.9079,8156
2026-01-30,5250663,250501694,48.428276,49.120815,46.301191,46.400125,-2.028151,3967
2026-02-02,2547406,113671205,45.262382,45.509718,42.986897,44.025705,-2.37442,2024
2026-02-03,3411355,158401108,44.273041,46.696928,44.273041,46.301191,2.275486,2739
2026-02-04,2547764,119422685,45.410784,47.735737,44.767712,46.647461,0.34627,2086
2026-02-05,5020202,244364732,46.99373,50.159624,46.053856,47.488401,0.84094,3687
2026-02-06,2121520,98846582,46.944263,47.241066,45.212915,45.905455,-1.582946,2100
2026-02-09,3610995,175125063,47.290533,48.824013,47.142132,48.329342,2.423887,2783
2026-02-10,16860472,897019685,48.824013,53.127649,48.576677,53.127649,4.798307,9745
2026-02-11,29476126,1620865615,54.80953,57.579687,52.039373,55.897806,2.770157,20092
2026-02-23,22965565,1389756930,56.095674,61.438119,55.601003,61.438119,5.540313,15204
2026-02-24,19160278,1206466853,60.349843,64.999749,59.855172,62.130658,0.692539,12968
2026-02-25,8457410,520881159,61.93279,62.823197,59.360502,61.339185,-0.791473,5899
2026-02-26,7573766,476707853,61.339185,63.515737,60.349843,62.031724,0.692539,8058
2026-03-02,11983938,760855261,60.053041,64.30721,59.855172,61.93279,-0.098934,10508
2026-03-03,10896032,666310557,62.427461,64.30721,58.37116,58.865831,-3.066959,7768
2026-03-04,5124918,285970079,57.381818,57.777555,53.919122,54.512727,-4.353104,3983
2026-03-05,3569823,206393784,58.074357,58.569028,55.205266,57.480752,2.968025,2958
2026-03-06,3717453,217454025,56.392476,58.865831,55.897806,58.470094,0.989342,3492
2026-03-09,3198427,171445778,52.830846,54.215925,52.632978,53.62232,-4.847774,2810
2026-03-10,5000530,263774685,54.80953,55.897806,50.159624,51.2479,-2.37442,4379
2026-03-11,3894379,213601974,51.544702,55.403135,51.445768,55.205266,3.957366,3367
2026-03-12,4064991,221804053,55.205266,55.205266,52.731912,53.820188,-1.385078,4204
2026-03-13,1747341,93583020,52.731912,53.721254,52.138307,53.325517,-0.494671,1612
2026-03-16,2804249,153602586,53.62232,55.106332,53.424451,53.62232,0.296803,2450
2026-03-17,2622631,141483661,54.314859,54.908464,52.237241,52.929781,-0.692539,2926
2026-03-18,8558578,485789634,53.523386,58.074357,53.523386,56.392476,3.462695,6865
2026-03-19,7623918,437347789,55.897806,59.063699,54.80953,55.699937,-0.692539,5916
2026-03-20,3490458,196322193,56.887147,57.381818,54.018056,55.601003,-0.098934,3021
2026-03-23,3257987,170181240,53.226583,53.226583,50.456426,50.753229,-4.847774,3351
2026-03-24,1937010,99077068,52.336176,52.830846,49.36815,50.159624,-0.593605,2554
2026-03-25,1269812,65766656,51.148966,52.237241,50.555361,51.2479,1.088276,1967
2026-03-26,1470810,75026259,51.2479,51.841505,49.467085,49.862821,-1.385079,1622
2026-03-27,1986960,98067181,48.675611,49.961755,47.785204,49.862821,0.0,1734
2026-03-30,1395148,68360750,49.071348,49.318683,47.68627,48.725078,-1.137743,1355
2026-03-31,1956237,92901501,48.082006,48.576677,45.80652,46.251724,-2.473354,1909
2026-04-01,1810633,85838503,47.68627,47.834671,46.597994,47.191599,0.939875,1008
2026-04-02,1942136,89085288,47.438934,47.68627,44.470909,44.817179,-2.37442,1887
2026-04-07,833538,37909585,45.212915,45.509718,44.371975,44.916113,0.098934,869
2026-04-08,1805100,87590784,45.954922,49.36815,45.954922,48.626144,3.710031,1651
2026-04-09,1425529,68203880,48.626144,48.626144,46.548527,48.032539,-0.593605,1831
2026-04-10,1616631,79772930,48.477743,49.417618,48.18094,48.824013,0.791474,1370
2026-04-13,1425693,70698976,48.576677,50.258558,47.983072,49.961755,1.137742,1584
2026-04-14,2317361,118754814,50.159624,51.841505,49.467085,50.357492,0.395737,1940
2026-04-15,2772541,144146726,50.951097,52.534044,50.654295,51.445768,1.088276,2335
2026-04-16,3106324,164664846,52.336176,53.820188,51.2479,52.929781,1.484013,2559
2026-04-17,7401127,410950591,56.293542,57.282884,53.325517,54.413793,1.484012,5804
2026-04-20,2866370,154143848,54.215925,54.611661,52.039373,52.138307,-2.275486,2564
2026-04-21,9547185,541890000,52.534044,57.282884,52.534044,56.491411,4.353104,7001
2026-04-22,18836116,1119466248,56.986082,61.339185,56.392476,59.855172,3.363761,13522
2026-04-23,15705179,914425045,60.844514,61.141317,53.919122,54.80953,-5.045642,10789
2026-04-24,10474960,608400547,56.194608,58.766897,56.095674,57.18395,2.37442,7616
2026-04-27,5131324,280247339,57.579687,57.579687,52.43511,53.721254,-3.462696,4112
2026-04-28,2440979,134246971,53.721254,55.502069,52.830846,54.413793,0.692539,2193
2026-04-29,2007281,108675875,53.721254,54.611661,53.127649,53.127649,-1.286144,2062
2026-04-30,2688821,146831644,53.62232,54.710596,53.127649,53.62232,0.494671,2120
2026-05-04,4571254,257721909,54.611661,57.777555,54.512727,54.908464,1.286144,4142
2026-05-05,3688771,210057687,54.908464,57.18395,54.611661,56.590345,1.681881,2940
2026-05-06,3038078,173005046,57.381818,57.381818,55.007398,56.293542,-0.296803,2422
2026-05-07,4496463,260229584,56.887147,58.074357,56.095674,56.887147,0.593605,3206
2026-05-08,3486863,195833632,58.074357,58.074357,53.62232,54.611661,-2.275486,3484
2026-05-11,7516178,442413463,54.611661,59.55837,54.512727,58.865831,4.25417,4872
2026-05-12,5603321,331254254,59.261567,60.349843,57.480752,57.579687,-1.286144,5413
2026-05-13,3655535,202382575,57.18395,57.18395,53.523386,54.314859,-3.264828,3178
2026-05-14,2152073,118835476,54.611661,55.403135,53.919122,54.611661,0.296802,1619
2026-05-15,2490406,134783821,54.611661,55.304201,52.336176,52.731912,-1.879749,2200
2026-05-18,1954699,101523005,52.039373,52.43511,49.664953,52.138307,-0.593605,1491
2026-05-19,1399710,72919238,52.237241,52.336176,50.654295,51.742571,-0.395736,1366
2026-05-20,3859015,213127348,51.742571,56.095674,51.050031,55.007398,3.264827,3284
2026-05-21,6006512,349469053,56.392476,59.162633,55.798871,58.272226,3.264828,4420
2026-05-22,9031197,545644079,59.063699,60.844514,58.272226,60.151975,1.879749,6246
2026-05-25,7229956,444367902,61.339185,61.635987,59.855172,60.448777,0.296802,5640
2026-05-26,7317708,452552450,62.130658,64.999749,58.667962,60.844514,0.395737,5148
2026-05-27,5023479,305749291,61.339185,61.93279,59.162633,59.756238,-1.088276,3457
2026-05-28,5027158,301595417,60.448777,60.844514,57.579687,58.470094,-1.286144,3277
2026-05-29,3041013,178786514,59.55837,59.55837,57.282884,58.074357,-0.395737,2598
2026-06-01,2781681,162927872,58.173292,58.964765,56.887147,57.480752,-0.593605,2055
2026-06-02,2593954,148550218,57.975423,58.569028,55.403135,57.085016,-0.395736,1993
2026-06-03,2414461,140020522,57.381818,58.569028,56.194608,57.777555,0.692539,1976
2026-06-04,1716367,98707276,57.777555,57.876489,56.095674,56.788213,-0.989342,1288
2026-06-05,2615689,144186569,56.293542,56.392476,53.62232,54.413793,-2.37442,1989
2026-06-08,3002963,150329005,49.170282,51.346834,48.972414,51.148966,-3.264827,2261
2026-06-09,1579328,82767251,51.2479,52.632978,50.555361,52.336176,1.18721,1271
2026-06-10,1627166,84091142,51.643636,53.028715,49.664953,49.961755,-2.374421,1460
2026-06-11,3991282,213587062,49.467085,54.611661,49.467085,53.424451,3.462696,3268
2026-06-12,9433718,557340835,56.293542,58.766897,55.99674,58.766897,5.342446,5115
2026-06-15,22672088,1447268704,58.766897,64.604013,58.37116,64.505078,5.738181,16382
2026-06-16,11370773,723242182,65.098683,65.395486,60.74558,61.339185,-3.165893,8711
2026-06-17,13496757,875924031,61.042382,65.791223,60.646646,64.702947,3.363762,10624
2026-06-18,12412841,823263393,64.801881,66.780564,63.911473,66.285893,1.582946,8350
2026-06-22,6668630,489462331,70.935799,72.914483,70.836865,72.914483,6.62859,3336
2026-06-23,29388034,2135446022,80.037743,80.136677,67.275235,70.144326,-2.770157,20040
2026-06-24,11154215,791330181,70.24326,72.221944,67.769906,70.638997,0.494671,8505
2026-06-25,7458217,527002605,72.024075,72.024075,68.759248,69.649655,-0.989342,5283
2026-06-26,9494178,632604293,68.264577,69.946458,62.724263,63.218934,-6.430721,6618
2026-06-29,5212999,334902482,64.30721,66.186959,62.130658,62.328527,-0.890407,4120
2026-06-30,3579178,231545383,63.416803,65.395486,62.625329,64.406144,2.077617,2942
2026-07-01,6423457,432352862,67.077367,69.649655,63.614671,63.713605,-0.692539,5084
2026-07-02,8582927,585489567,62.526395,70.045392,61.93279,69.154984,5.441379,7062
2026-07-03,8310521,564738040,67.769906,70.24326,65.49442,66.285893,-2.869091,6517
2026-07-06,10138102,711898252,67.572038,71.133668,67.077367,68.363511,2.077618,7548
2026-07-07,5482408,365677537,68.858182,68.858182,63.812539,64.109342,-4.254169,4258
2026-07-08,5179391,348048815,64.208276,67.769906,64.208276,67.275235,3.165893,4224
2026-07-09,30785247,2281142674,68.363511,74.002759,66.780564,72.518746,5.243511,19126
2026-07-13,15972363,1118561569,71.826207,71.826207,67.572038,69.451787,-3.066959,11438
2026-07-14,8441607,568540008,68.462445,71.034734,63.021066,66.978433,-2.473354,6042
2026-07-15,8735959,622501551,68.264577,72.914483,68.264577,70.144326,3.165893,6651
2026-07-16,8822267,579874572,69.649655,69.847524,63.218934,63.416803,-6.727523,7170
2026-07-17,5877481,345520781,60.844514,61.339185,57.085016,57.085016,-6.331787,4660
2026-07-20,4303675,240147429,55.99674,57.18395,52.731912,55.502069,-1.582947,3164
2026-07-21,2434120,138272208,55.897806,57.282884,55.205266,56.491411,0.989342,1913
2026-07-22,2649263,153620969,57.480752,58.470094,56.491411,56.887147,0.395736,1967
2026-07-23,2085333,117991090,57.876489,58.470094,54.710596,55.601003,-1.286144,1761
2026-07-24,1714405,93837289,55.007398,55.798871,53.424451,53.62232,-1.978683,1591
2026-07-27,1978647,104561067,53.62232,53.919122,51.2479,52.731912,-0.890408,1585
2026-07-28,3110079,154441336,51.346834,51.346834,48.131473,48.279875,-4.452037,2674
2026-07-29,4826441,217347970,48.576677,49.071348,43.481567,44.569843,-3.710032,3714
2026-07-30,7787732,377469164,44.916113,49.021881,44.322508,48.082006,3.512163,6531
2026-07-31,2067365,110397244,52.830846,52.830846,52.830846,52.830846,4.74884,992
2026-08-03,7476225,428144587,53.424451,58.074357,53.424451,58.074357,5.243511,5430
2026-08-04,5826518,335290591,56.887147,58.865831,55.699937,57.480752,-0.593605,5326
2026-08-05,5238445,319919873,59.954107,61.93279,59.261567,59.459436,1.978684,4508
2026-08-06,2883082,169265219,59.360502,59.657304,57.282884,58.667962,-0.791474,2754
2026-08-07,3023362,181239298,58.272226,61.141317,57.975423,59.261567,0.593605,2544
2026-08-10,3528659,224885782,60.547712,64.109342,60.547712,63.12,3.858433,3023
2026-08-11,3455063,223520198,63.317868,65.593354,62.922132,63.614671,0.494671,3615
2026-08-12,2281587,146471300,63.812539,65.098683,62.823197,63.12,-0.494671,3285
2026-08-13,2560553,160261030,63.2,63.6,61.8,62.0,-1.12,2658
2026-08-14,2482890,151783740,62.5,63.0,60.0,60.4,-1.6,2376
